/*
 Navicat Premium Dump SQL

 Source Server         : Local
 Source Server Type    : MySQL
 Source Server Version : 50617 (5.6.17)
 Source Host           : localhost:3306
 Source Schema         : illanos

 Target Server Type    : MySQL
 Target Server Version : 50617 (5.6.17)
 File Encoding         : 65001

 Date: 03/10/2025 16:10:54
*/

SET NAMES utf8mb4;
SET FOREIGN_KEY_CHECKS = 0;

-- ----------------------------
-- Table structure for adjuntos
-- ----------------------------
DROP TABLE IF EXISTS `adjuntos`;
CREATE TABLE `adjuntos`  (
  `id` bigint(20) UNSIGNED NOT NULL AUTO_INCREMENT,
  `nom_archivo` varchar(255) CHARACTER SET utf8 COLLATE utf8_unicode_ci NOT NULL,
  `id_func` bigint(20) UNSIGNED NOT NULL,
  `created_by` bigint(20) UNSIGNED NULL DEFAULT NULL,
  `updated_by` bigint(20) UNSIGNED NULL DEFAULT NULL,
  `deleted_by` bigint(20) UNSIGNED NULL DEFAULT NULL,
  `created_at` timestamp NULL DEFAULT NULL,
  `updated_at` timestamp NULL DEFAULT NULL,
  PRIMARY KEY (`id`) USING BTREE,
  INDEX `adjuntos_created_by_foreign`(`created_by`) USING BTREE,
  INDEX `adjuntos_updated_by_foreign`(`updated_by`) USING BTREE,
  INDEX `ajuntos_deleted_by_foreign`(`deleted_by`) USING BTREE,
  INDEX `id_func`(`id_func`) USING BTREE,
  CONSTRAINT `adjuntos_created_by_foreign` FOREIGN KEY (`created_by`) REFERENCES `users` (`id`) ON DELETE RESTRICT ON UPDATE RESTRICT,
  CONSTRAINT `adjuntos_deleted_by_foreign` FOREIGN KEY (`deleted_by`) REFERENCES `users` (`id`) ON DELETE RESTRICT ON UPDATE RESTRICT,
  CONSTRAINT `adjuntos_ibfk_1` FOREIGN KEY (`id_func`) REFERENCES `funcionarios` (`id`) ON DELETE RESTRICT ON UPDATE CASCADE,
  CONSTRAINT `adjuntos_updated_by_foreign` FOREIGN KEY (`updated_by`) REFERENCES `users` (`id`) ON DELETE RESTRICT ON UPDATE RESTRICT
) ENGINE = InnoDB AUTO_INCREMENT = 1 CHARACTER SET = utf8 COLLATE = utf8_unicode_ci ROW_FORMAT = DYNAMIC;

-- ----------------------------
-- Records of adjuntos
-- ----------------------------

-- ----------------------------
-- Table structure for area
-- ----------------------------
DROP TABLE IF EXISTS `area`;
CREATE TABLE `area`  (
  `id` bigint(20) UNSIGNED NOT NULL AUTO_INCREMENT,
  `nom_area` varchar(190) CHARACTER SET utf8 COLLATE utf8_unicode_ci NOT NULL,
  `ubicacion` varchar(190) CHARACTER SET utf8 COLLATE utf8_unicode_ci NOT NULL,
  `telf_area` varchar(15) CHARACTER SET utf8 COLLATE utf8_unicode_ci NOT NULL,
  `coord_area` varchar(190) CHARACTER SET utf8 COLLATE utf8_unicode_ci NOT NULL,
  `id_divi` bigint(20) UNSIGNED NOT NULL,
  `id_func` bigint(20) UNSIGNED NOT NULL,
  `created_by` bigint(20) UNSIGNED NULL DEFAULT NULL,
  `updated_by` bigint(20) UNSIGNED NULL DEFAULT NULL,
  `deleted_by` bigint(20) UNSIGNED NULL DEFAULT NULL,
  `created_at` timestamp NULL DEFAULT NULL,
  `updated_at` timestamp NULL DEFAULT NULL,
  PRIMARY KEY (`id`) USING BTREE,
  INDEX `area_created_by_foreign`(`created_by`) USING BTREE,
  INDEX `area_updated_by_foreign`(`updated_by`) USING BTREE,
  INDEX `area_deleted_by_foreign`(`deleted_by`) USING BTREE,
  INDEX `id_divi`(`id_divi`) USING BTREE,
  INDEX `id_func`(`id_func`) USING BTREE,
  CONSTRAINT `area_created_by_foreign` FOREIGN KEY (`created_by`) REFERENCES `users` (`id`) ON DELETE RESTRICT ON UPDATE RESTRICT,
  CONSTRAINT `area_deleted_by_foreign` FOREIGN KEY (`deleted_by`) REFERENCES `users` (`id`) ON DELETE RESTRICT ON UPDATE RESTRICT,
  CONSTRAINT `area_ibfk_1` FOREIGN KEY (`id_divi`) REFERENCES `division` (`id`) ON DELETE RESTRICT ON UPDATE CASCADE,
  CONSTRAINT `area_ibfk_2` FOREIGN KEY (`id_func`) REFERENCES `funcionarios` (`id`) ON DELETE RESTRICT ON UPDATE CASCADE,
  CONSTRAINT `area_updated_by_foreign` FOREIGN KEY (`updated_by`) REFERENCES `users` (`id`) ON DELETE RESTRICT ON UPDATE RESTRICT
) ENGINE = InnoDB AUTO_INCREMENT = 195 CHARACTER SET = utf8 COLLATE = utf8_unicode_ci ROW_FORMAT = DYNAMIC;

-- ----------------------------
-- Records of area
-- ----------------------------
INSERT INTO `area` VALUES (2, 'BIENES NACIONALES', 'GERECIA REGIONAL CALABOZO', '02468712020', 'no', 1, 46, 1, 1, NULL, '2022-11-29 14:19:06', '2023-12-06 10:43:27');
INSERT INTO `area` VALUES (3, 'ALMACEN', 'GERENCIA REGIONAL CALABOZO', '02468712020', 'no', 1, 45, 1, 1, NULL, '2022-11-29 14:23:09', '2023-12-06 10:44:04');
INSERT INTO `area` VALUES (6, 'SERVICIOS MEDICOS', 'GERENCIA REGIONAL CALABOZO', '02468712020', 'no', 1, 1, 1, 1, NULL, '2022-11-29 14:24:57', '2023-12-06 10:41:35');
INSERT INTO `area` VALUES (8, 'PRESUPUESTO', 'GERENCIA REGIONAL CALABOZO', '02468712020', 'no', 1, 1, 1, 1, NULL, '2022-11-29 14:26:56', '2023-12-06 10:26:12');
INSERT INTO `area` VALUES (9, 'VIATICOS', 'GERENCIA REGIONAL CALABOZO', '02468712020', 'no', 1, 37, 1, 1, NULL, '2022-11-29 14:27:12', '2023-12-06 10:24:37');
INSERT INTO `area` VALUES (10, 'ADMINISTRACION', 'S.T.I. SAN FERNADO DE APURE', '02468712020', 'NO', 39, 123, 1, 1, NULL, '2022-11-29 14:29:25', '2024-04-09 13:08:48');
INSERT INTO `area` VALUES (11, 'COORDINACION GENERAL DE ADMINISTRACION', 'GERENCIA REGIONAL CALABOZO', '02468712020', 'no', 1, 31, 1, 1, NULL, '2022-12-09 14:25:25', '2023-12-06 10:07:24');
INSERT INTO `area` VALUES (14, 'CERTIFICACION', 'GERENCIA REGIONAL CALABOZO', '', 'NO', 15, 145, 5, 5, NULL, '2023-01-04 10:56:57', '2023-12-06 11:41:00');
INSERT INTO `area` VALUES (15, 'ARCHIVO GENERAL', 'GERENCIA REGIONAL CALABOZO', '', 'NO', 15, 4, 5, 5, NULL, '2023-01-04 10:58:32', '2023-12-06 11:42:05');
INSERT INTO `area` VALUES (16, 'TRAMITACIONES', 'GERENCIA REGIONAL CALABOZO', '', 'NO', 15, 141, 5, 5, NULL, '2023-01-04 11:17:19', '2023-12-08 11:34:38');
INSERT INTO `area` VALUES (18, 'NOTIFICACION', 'GERENCIA REGIONAL CALABOZO', '', 'NO', 15, 1, 5, 5, NULL, '2023-01-04 11:18:51', '2023-12-06 11:43:03');
INSERT INTO `area` VALUES (19, 'LIQUIDACIÓN', 'GERENCIA REGIONAL CALABOZO', '', 'NO', 17, 112, 5, 5, NULL, '2023-01-04 11:22:33', '2023-12-06 11:28:41');
INSERT INTO `area` VALUES (23, 'INCORPORACION,  DESINCORPORACION Y TRASLADO DE LOS  SPE', 'GERENCIA REGIONAL CALABOZO', '', 'NO', 17, 108, 5, 5, NULL, '2023-01-04 11:29:13', '2023-12-06 11:19:15');
INSERT INTO `area` VALUES (25, 'SUJETOS  PASIVOS ESPECIALES', 'GERENCIA REGIONAL CALABOZO', '', 'NO', 17, 55, 5, 5, NULL, '2023-01-04 11:33:14', '2023-12-07 10:49:16');
INSERT INTO `area` VALUES (27, 'CAPACITACION INTERNA', 'GERENCIA REGIONAL CALABOZO', '', 'NO', 14, 18, 5, 5, NULL, '2023-01-04 11:36:10', '2023-12-07 08:18:23');
INSERT INTO `area` VALUES (28, 'ASISTENCIA AL CONTRIBUYENTE', 'GERENCIA REGIONAL CALABOZO', '', 'NO', 14, 9, 5, 5, NULL, '2023-01-04 11:37:11', '2023-12-07 08:21:38');
INSERT INTO `area` VALUES (29, 'FISCALIZACION', 'S.T.I. VALLE DE LA PASCUA', '', 'NO', 31, 186, 5, 5, NULL, '2023-01-04 11:38:12', '2023-12-06 14:02:50');
INSERT INTO `area` VALUES (31, 'INVESTIGACION', 'GERENCIA REGIONAL CALABOZO', '', 'NO', 2, 5, 5, 5, NULL, '2023-01-04 11:40:12', '2023-12-06 11:05:24');
INSERT INTO `area` VALUES (32, 'CONTROL TRIBUTARIO', 'GERENCIA REGIONAL CALABOZO', '', 'NO', 2, 1, 5, 5, NULL, '2023-01-04 11:40:38', '2023-12-06 11:03:19');
INSERT INTO `area` VALUES (33, 'COORDINACION GENERAL DE FISCALIZACION', 'GERENCIA REGIONAL CALABOZO', '', 'NO', 2, 5, 5, 5, NULL, '2023-01-04 11:41:19', '2023-12-06 11:00:02');
INSERT INTO `area` VALUES (35, 'JURIDICO TRIBUTARIO', 'GERENCIA REGIONAL CALABOZO', '', 'NO', 7, 203, 5, 5, NULL, '2023-01-04 11:43:02', '2023-12-08 11:48:35');
INSERT INTO `area` VALUES (37, 'COORDINACION RECURSOS JERARQUICOS', 'GERENCIA REGIONAL CALABOZO', '', 'NO', 7, 1, 5, 5, NULL, '2023-01-04 11:44:24', '2023-12-06 11:45:37');
INSERT INTO `area` VALUES (40, 'RECAUDACION', 'GERENCIA REGIONAL CALABOZO', '', 'NO', 13, 71, 5, 5, NULL, '2023-01-04 11:47:08', '2023-12-08 13:44:32');
INSERT INTO `area` VALUES (41, 'RECAUDACION', 'S.T.I. VALLE DE LA PASCUA', '', 'NO', 30, 274, 5, 5, NULL, '2023-01-04 11:47:59', '2023-12-06 14:04:45');
INSERT INTO `area` VALUES (44, 'COBRANZA', 'GERENCIA REGIONAL CALABOZO', '', 'NO', 13, 78, 5, 5, NULL, '2023-01-04 11:49:53', '2023-12-06 10:51:37');
INSERT INTO `area` VALUES (45, 'LIQUIDACION', 'GERENCIA REGIONAL CALABOZO', '', 'NO', 13, 94, 5, 5, NULL, '2023-01-04 11:50:16', '2023-12-18 15:25:51');
INSERT INTO `area` VALUES (48, 'REGISTRO DE INFORMACION FISCAL', 'S.T.I. SAN JUAN DE LOS MORROS', '', 'NO', 45, 258, 5, 5, NULL, '2023-01-04 11:51:59', '2023-12-06 14:22:08');
INSERT INTO `area` VALUES (51, 'GERENCIA', 'GERENCIA REGIONAL CALABOZO', '', 'NO', 11, 153, 2, 2, NULL, '2023-01-24 14:16:45', '2024-05-30 10:34:51');
INSERT INTO `area` VALUES (53, 'OFICINA DE COMUNICACION E INFORMACION', 'GERENCIA REGIONAL CALABOZO', '0246-8709511', 'NO', 11, 213, 2, 2, NULL, '2023-01-25 10:19:01', '2023-12-08 11:19:20');
INSERT INTO `area` VALUES (54, 'OFICINA DE PLANIFICACION REGIONAL', 'GERENCIA REGIONAL CALABOZO', '0246-8709511', 'NO', 11, 83, 2, 2, NULL, '2023-01-25 10:19:40', '2023-12-08 11:24:55');
INSERT INTO `area` VALUES (57, 'REGISTRO DE VIVIENDA PRINCIPAL', 'GERENCIA REGIONAL CALABOZO', '0246-8709511', 'NO', 15, 144, 2, 2, NULL, '2023-01-25 10:23:01', '2023-12-06 11:38:36');
INSERT INTO `area` VALUES (58, 'CORRESPONDENCIA', 'GERENCIA REGIONAL CALABOZO', '0246-8709511', 'NO', 15, 142, 2, 2, NULL, '2023-01-25 10:24:01', '2023-12-06 11:37:33');
INSERT INTO `area` VALUES (62, 'COORDINACION GENERAL DE SUJETOS PASIVOS ESPECIALES', 'GERENCIA REGIONAL CALABOZO', '0246-8709511', 'NO', 17, 106, 2, 2, NULL, '2023-01-25 10:26:28', '2023-12-07 08:48:01');
INSERT INTO `area` VALUES (65, 'COORDINACION DE CONTROL BANCARIO', 'GERENCIA REGIONAL CALABOZO', '0246-8709511', 'NO', 17, 136, 2, 2, NULL, '2023-01-25 10:33:18', '2024-04-11 13:17:16');
INSERT INTO `area` VALUES (68, 'ADMINISTRACION', 'S.T.I. ALTAGRACIA DE ORITUCO', '0246-8709511', 'NO', 20, 167, 2, 2, NULL, '2023-01-25 10:58:30', '2024-04-09 13:08:31');
INSERT INTO `area` VALUES (69, 'COMPRAS', 'GERENCIA REGIONAL CALABOZO', '0246-8709511', 'NO', 1, 30, 2, 2, NULL, '2023-01-25 11:03:45', '2023-12-06 10:27:21');
INSERT INTO `area` VALUES (70, 'TRANSPORTE', 'GERENCIA REGIONAL CALABOZO', '0246-8709511', 'NO', 1, 47, 2, 2, NULL, '2023-01-25 11:05:56', '2023-12-06 10:28:17');
INSERT INTO `area` VALUES (76, 'RECURSOS HUMANOS', 'GERENCIA REGIONAL CALABOZO', '0246-8709511', 'NO', 1, 27, 2, 2, NULL, '2023-01-25 11:12:47', '2023-12-06 10:20:54');
INSERT INTO `area` VALUES (78, 'INFORMATICA', 'GERENCIA REGIONAL CALABOZO', '0246-8709511', 'NO', 1, 1, 2, 2, NULL, '2023-01-25 11:13:53', '2024-05-30 13:27:58');
INSERT INTO `area` VALUES (81, 'INFRAESTRUCTURA', 'GERENCIA REGIONAL CALABOZO', '0246-8709511', 'NO', 1, 1, 2, 2, NULL, '2023-01-25 11:15:25', '2023-12-06 10:30:51');
INSERT INTO `area` VALUES (83, 'CAPACITACION EXTERNA', 'GERENCIA REGIONAL CALABOZO', '0246-8709590', 'NO', 14, 11, 2, 2, NULL, '2023-01-25 11:19:10', '2023-12-07 08:17:06');
INSERT INTO `area` VALUES (87, 'COORDINACION DE PRESCRIPCION SUCESORAL', 'GERENCIA REGIONAL CALABOZO', '0246-8709511', 'NO', 7, 205, 2, 2, NULL, '2023-01-25 11:23:29', '2023-12-08 11:46:21');
INSERT INTO `area` VALUES (89, 'COORDINACION GENERAL DE RECAUDACION', 'GERENCIA REGIONAL CALABOZO', '0246-8709511', 'NO', 13, 72, 2, 2, NULL, '2023-01-25 11:24:35', '2023-12-06 10:53:00');
INSERT INTO `area` VALUES (90, 'SUCESIONES', 'GERENCIA REGIONAL CALABOZO', '0246-8709511', 'NO', 13, 74, 2, 2, NULL, '2023-01-25 11:25:01', '2023-12-06 10:49:00');
INSERT INTO `area` VALUES (91, 'CONTABILIDAD FISCAL', 'GERENCIA REGIONAL CALABOZO', '0246-8709511', 'NO', 13, 76, 2, 2, NULL, '2023-01-25 11:25:25', '2023-12-06 10:53:43');
INSERT INTO `area` VALUES (93, 'TIMBRE FISCAL', 'GERENCIA REGIONAL CALABOZO', '0246-8709511', 'NO', 13, 91, 2, 2, NULL, '2023-01-25 11:26:26', '2023-12-06 10:55:47');
INSERT INTO `area` VALUES (94, 'BENEFICIOS FISCALES', 'GERENCIA REGIONAL CALABOZO', '0246-8709511', 'NO', 13, 102, 2, 2, NULL, '2023-01-25 11:27:01', '2023-12-06 10:54:53');
INSERT INTO `area` VALUES (95, 'REGISTRO DE INFORMACION FISCAL', 'GERENCIA REGIONAL CALABOZO', '0246-8709511', 'NO', 13, 92, 2, 2, NULL, '2023-01-25 11:28:09', '2023-12-06 10:56:37');
INSERT INTO `area` VALUES (96, 'PONENTES', 'GERENCIA REGIONAL CALABOZO', '0246-8709511', 'NO', 16, 1, 2, 2, NULL, '2023-01-25 11:28:40', '2023-12-06 11:34:14');
INSERT INTO `area` VALUES (97, 'HABILITADO', 'GERENCIA REGIONAL CALABOZO', '024-8709511', 'NO', 1, 36, 3, 3, NULL, '2023-02-02 14:41:57', '2023-12-06 10:23:34');
INSERT INTO `area` VALUES (102, 'SERVICIOS GENERALES', 'GERENCIA REGIONAL CALABOZO', '024-8709511', 'NO', 1, 1, 3, 3, NULL, '2023-02-17 10:38:51', '2023-12-06 10:31:49');
INSERT INTO `area` VALUES (103, 'SEGUIMIENTO Y CONTROL DEL CUMPLIMIENTO DE LAS OBLIGACIONES TRIBUTARIAS', 'GERENCIA REGIONAL CALABOZO', '0246-8709511', 'NO', 17, 120, 2, 2, NULL, '2023-02-17 10:41:29', '2023-12-06 11:32:26');
INSERT INTO `area` VALUES (106, 'COORDINACIÓN DE COBRANZA', 'GERENCIA REGIONAL CALABOZO', '024-8709511', 'NO', 17, 110, 3, 3, NULL, '2023-03-30 15:11:14', '2024-04-11 13:16:06');
INSERT INTO `area` VALUES (114, 'VERIFICACION DE DEBERES FORMALES', 'GERENCIA REGIONAL CALABOZO', '0246-8709511', 'NO', 2, 172, 2, 2, NULL, '2023-03-31 10:36:13', '2023-12-06 11:02:31');
INSERT INTO `area` VALUES (116, 'COORDIACION RECURSOS JUDICIAL', 'GERENCIA REGIONAL CALABOZO', '02468709511', 'NO', 7, 208, 4, 4, NULL, '2023-04-03 09:11:33', '2023-12-06 11:48:07');
INSERT INTO `area` VALUES (117, 'FISCALIZACION', 'U.T.I. ALTAGRACIA DE ORITUCO', '02468709511', 'NO', 27, 148, 4, 4, NULL, '2023-04-04 09:29:42', '2023-12-06 14:26:25');
INSERT INTO `area` VALUES (118, 'JEFATURA UNIDAD DE TRIBUTOS INTERNOS ALTAGRACIA DE ORITUCO', 'U.T.I. ALTAGRACIA DE ORITUCO', '02468709511', 'NO', 20, 137, 4, 4, NULL, '2023-04-10 09:45:36', '2023-12-08 10:18:58');
INSERT INTO `area` VALUES (119, 'TRAMITACIONES', 'U.T.I. ALTAGRACIA DE ORITUCO', '02468709511', 'NO', 29, 167, 4, 4, NULL, '2023-04-10 09:48:14', '2023-12-06 14:39:22');
INSERT INTO `area` VALUES (120, 'ASISTENCIA AL CONTRIBUYENTE', 'U.T.I. ALTAGRACIA DE ORITUCO', '02468709511', 'NO', 26, 166, 4, 4, NULL, '2023-04-10 09:48:47', '2023-12-06 14:36:58');
INSERT INTO `area` VALUES (121, 'RECAUDACION', 'U.T.I. ALTAGRACIA DE ORITUCO', '02468709511', 'NO', 24, 154, 4, 4, NULL, '2023-04-10 09:53:40', '2023-12-06 14:29:18');
INSERT INTO `area` VALUES (123, 'REGISTRO DE INFORMACION FISCAL', 'U.T.I. ALTAGRACIA DE ORITUCO', '02468709511', 'NO', 24, 158, 4, 4, NULL, '2023-04-10 15:20:03', '2023-12-06 14:30:35');
INSERT INTO `area` VALUES (124, 'SUJETOS PASIVOS ESPECIALES', 'S.T.I. VALLE DE LA PASCUA', '', 'NO', 32, 197, 2, 2, NULL, '2023-04-25 11:34:46', '2023-12-06 14:07:30');
INSERT INTO `area` VALUES (125, 'FISCALIZACION', 'S.T.I. SAN FERNADO DE APURE', '', 'NO', 37, 115, 2, 2, NULL, '2023-04-25 11:47:15', '2023-12-07 11:03:23');
INSERT INTO `area` VALUES (129, 'TRAMITACIONES', 'S.T.I. SAN FERNADO DE APURE', '', 'NO', 36, 73, 2, 2, NULL, '2023-04-25 15:07:02', '2023-12-06 13:54:12');
INSERT INTO `area` VALUES (134, 'TRAMITACIONES', 'S.T.I. VALLE DE LA PASCUA', '', 'NO', 34, 196, 2, 2, NULL, '2023-04-25 15:15:03', '2023-12-06 14:09:28');
INSERT INTO `area` VALUES (135, 'SUJETOS PASIVOS ESPECIALES', 'S.T.I. SAN FERNADO DE APURE', '', 'NO', 35, 103, 2, 2, NULL, '2023-04-25 15:16:30', '2023-12-06 13:49:07');
INSERT INTO `area` VALUES (136, 'ASISTENCIA AL CONTRIBUYENTE', 'S.T.I. SAN FERNADO DE APURE', '', 'NO', 56, 122, 2, 2, NULL, '2023-04-25 15:18:10', '2023-12-06 13:59:58');
INSERT INTO `area` VALUES (137, 'COBRANZA', 'S.T.I. SAN FERNADO DE APURE', '', 'NO', 58, 77, 2, 2, NULL, '2023-04-25 15:20:18', '2023-12-07 11:23:03');
INSERT INTO `area` VALUES (140, 'FISCAL DE PLANTA', 'S.T.I. SAN FERNADO DE APURE', '', 'NO', 58, 1, 2, 2, NULL, '2023-04-25 15:32:08', '2023-12-18 11:19:31');
INSERT INTO `area` VALUES (141, 'ADMINISTRACION', 'S.T.I. VALLE DE LA PASCUA', '02468709511', 'NO', 50, 175, 4, 4, NULL, '2023-04-26 14:28:36', '2024-04-09 13:09:04');
INSERT INTO `area` VALUES (142, 'JEFATURA SECTOR DE TRIBUTOS INTERNOS SAN FERNANDO DE APURE', 'S.T.I. SAN FERNADO DE APURE', '', 'NO', 39, 282, 2, 2, NULL, '2023-04-27 10:24:17', '2023-12-08 10:15:48');
INSERT INTO `area` VALUES (143, 'ADMINISTRACION', 'S.T.I. SAN JUAN DE LOS MORROS', '024-8709511', 'NO', 49, 262, 3, 3, NULL, '2023-05-02 09:37:16', '2024-04-09 13:09:20');
INSERT INTO `area` VALUES (145, 'FISCALIZACION', 'S.T.I. SAN JUAN DE LOS MORROS', '0246-8709511', 'NO', 43, 280, 3, 3, NULL, '2023-05-02 15:40:22', '2023-12-06 11:55:23');
INSERT INTO `area` VALUES (148, 'SUJETOS PASIVOS ESPECIALES', 'U.T.I. ALTAGRACIA DE ORITUCO', '0246-8709511', 'NO', 28, 138, 3, 3, NULL, '2023-05-03 11:26:25', '2023-12-06 14:35:01');
INSERT INTO `area` VALUES (149, 'SUJETOS PASIVOS ESPECIALES', 'S.T.I. SAN JUAN DE LOS MORROS', '0246-8709511', 'NO', 44, 259, 3, 3, NULL, '2023-05-03 11:31:27', '2023-12-06 13:24:44');
INSERT INTO `area` VALUES (150, 'RECAUDACION', 'S.T.I. SAN JUAN DE LOS MORROS', '0246-8709511', 'NO', 45, 255, 3, 3, NULL, '2023-05-03 11:42:37', '2023-12-06 11:57:05');
INSERT INTO `area` VALUES (153, 'ASISTENCIA AL CONTRIBUYENTE', 'S.T.I. SAN JUAN DE LOS MORROS', '0246-8709511', 'NO', 46, 292, 3, 3, NULL, '2023-05-03 12:17:51', '2023-12-06 13:25:57');
INSERT INTO `area` VALUES (155, 'ASISTENCIA AL CONTRIBUYENTE', 'S.T.I. VALLE DE LA PASCUA', '0246-8709511', 'NO', 33, 185, 3, 3, NULL, '2023-05-04 09:08:40', '2023-12-06 14:14:31');
INSERT INTO `area` VALUES (156, 'TRAMITACIONES', 'S.T.I. SAN JUAN DE LOS MORROS', '0246-8709511', 'NO', 47, 296, 3, 3, NULL, '2023-05-04 09:12:14', '2023-12-06 12:01:20');
INSERT INTO `area` VALUES (158, 'JEFATURA SECTOR DE TRIBUTOS INTERNOS SAN JUAN DE LOS MORROS', 'S.T.I. SAN JUAN DE LOS MORROS', '02468712020', 'no', 49, 300, 1, 1, NULL, '2023-05-11 08:21:49', '2023-12-07 10:32:11');
INSERT INTO `area` VALUES (159, 'JEFATURA SECTOR DE TRIBUTOS INTERNOS VALLE DE LA PASCUA', 'S.T.I. VALLE DE LA PASCUA', '02468709511', 'NO', 50, 175, 4, 4, NULL, '2023-05-17 09:34:58', '2023-12-08 10:17:23');
INSERT INTO `area` VALUES (161, 'ASISTENTE ADMINISTRATIVO', 'S.T.I. SAN FERNADO DE APURE', '', 'NO', 39, 123, 2, 2, NULL, '2023-05-18 09:24:42', '2023-12-08 11:11:04');
INSERT INTO `area` VALUES (162, 'COMEDOR', 'GERENCIA REGIONAL CALABOZO', '0246-8709511', 'NO', 1, 29, 3, 3, NULL, '2023-10-19 09:50:41', '2023-12-18 13:40:48');
INSERT INTO `area` VALUES (163, 'COORDINACION DE DEPORTE', 'GERECIA REGIONAL CALABOZO', '0246-8709511', 'NO', 1, 1, 3, 3, NULL, '2023-10-19 10:03:54', '2024-04-09 13:11:32');
INSERT INTO `area` VALUES (164, 'ORIENTACION TRIBUTARIA', 'GERENCIA REGIONAL CALABOZON', '', 'NO', 14, 1, 1, 1, NULL, '2023-12-06 11:11:02', '2023-12-06 11:11:02');
INSERT INTO `area` VALUES (165, 'JEFATURA', 'GERENCIA REGIONAL CALABOZO', '', 'NO', 51, 7, 1, 1, NULL, '2023-12-06 11:51:46', '2024-04-08 13:42:01');
INSERT INTO `area` VALUES (166, 'SERVICIOS MEDICOS', 'S.T.I. SAN JUAN DE LOS MORROS', '', 'NO', 52, 300, 1, 1, NULL, '2023-12-06 11:59:43', '2023-12-06 11:59:43');
INSERT INTO `area` VALUES (167, 'REGISTRO DE INFORMACION FISCAL', 'S.T.I. SAN FERNADO DE APURE', '', 'NO', 58, 70, 1, 1, NULL, '2023-12-06 13:40:25', '2023-12-07 11:24:40');
INSERT INTO `area` VALUES (168, 'REGISTRO DE INFORMACION FISCAL', 'S.T.I. VALLE DE LA PASCUA', '', 'NO', 30, 180, 1, 1, NULL, '2023-12-06 14:23:43', '2023-12-06 14:23:43');
INSERT INTO `area` VALUES (169, 'PLAIFICACION REGIONAL', 'GERENCIA REGIONAL CALABOZO', '', 'NO', 57, 84, 1, 1, NULL, '2023-12-07 10:59:12', '2023-12-07 10:59:12');
INSERT INTO `area` VALUES (170, 'RECAUDACION', 'S.T.I. SAN FERNADO DE APURE', '', 'NO', 58, 115, 1, 1, NULL, '2023-12-07 13:39:28', '2023-12-07 13:39:28');
INSERT INTO `area` VALUES (171, 'VERIFICACION DE DEBERES FORMALES', 'U.T.I. ALTAGRACIA DE ORITUCO', '', 'NO', 27, 148, 1, 1, NULL, '2023-12-18 13:14:06', '2023-12-18 13:14:06');
INSERT INTO `area` VALUES (172, 'PASANTIAS', 'GERECIA REGIONAL CALABOZO', '02468713384', '8.922506,-67.4271586,911', 1, 22, 1, 1, NULL, '2024-04-01 11:13:38', '2024-04-09 13:12:04');
INSERT INTO `area` VALUES (173, 'PASANTIAS', 'GERECIA REGIONAL CALABOZO', '02468713384', '8.922506,-67.4271586,911', 59, 22, 1, 1, NULL, '2024-04-02 14:19:13', '2024-04-09 13:12:33');
INSERT INTO `area` VALUES (174, 'FISCALIZACIÓN', 'S.T.I. ALTAGRACIA DE ORITUCO', '0246-8719511', 'NO', 20, 149, 4, 4, NULL, '2024-04-08 09:06:44', '2024-04-09 13:09:43');
INSERT INTO `area` VALUES (175, 'CAPACITACIÓN EXTERNA (CEF)', 'GERECIA REGIONAL CALABOZO', '0246-8719511', 'NO', 14, 11, 4, 4, NULL, '2024-04-08 09:17:26', '2024-04-09 13:10:31');
INSERT INTO `area` VALUES (176, 'JEFATURA', 'GERECIA REGIONAL CALABOZO', '0246-8719511', 'NO', 2, 210, 4, 4, NULL, '2024-04-08 11:36:56', '2024-04-09 13:10:46');
INSERT INTO `area` VALUES (177, 'TRAMITACIONES', 'S.T.I. ALTAGRACIA DE ORITUCO', '0246-8719511', 'NO', 20, 149, 4, 4, NULL, '2024-04-08 14:04:36', '2024-04-09 13:10:05');
INSERT INTO `area` VALUES (178, 'JEFATURA', 'GERENCIA REGIONAL CALABOZO', '0246-8719511', 'NO', 16, 212, 4, 4, NULL, '2024-04-10 10:41:33', '2024-04-10 10:41:33');
INSERT INTO `area` VALUES (179, 'AREA DE COBRANZAS', 'U.T.I. ALTAGRACIA DE ORITUCO', '', 'NO', 20, 149, 4, 4, NULL, '2024-04-10 12:09:07', '2024-04-10 12:09:07');
INSERT INTO `area` VALUES (180, 'AREA DE COBRANZAS', 'U.T.I. ALTAGRACIA DE ORITUCO', '', 'NO', 28, 149, 4, 4, NULL, '2024-04-10 12:11:27', '2024-04-10 12:11:27');
INSERT INTO `area` VALUES (181, 'ONIPC S.T.I SAN FERNANDO DE APURE', 'S.T.I. SAN FERNANDO DE APURE', '0246-8719511', 'NO', 60, 214, 4, 4, NULL, '2024-04-10 13:37:21', '2024-04-10 13:40:13');
INSERT INTO `area` VALUES (182, 'ONIPC S.T.I VALLE DE LA PASCUA', 'S.T.I. SAN VALLE DE LA PASCUA', '0246-8719511', 'NO', 60, 214, 4, 4, NULL, '2024-04-10 13:38:21', '2024-04-10 13:38:21');
INSERT INTO `area` VALUES (183, 'ONIPC S.T.I SAN JUAN DE LOS MORROS', 'S.T.I. SAN JUAN DE LOS MORROS', '0246-8719511', 'NO', 60, 214, 4, 4, NULL, '2024-04-10 13:39:02', '2024-04-10 13:39:02');
INSERT INTO `area` VALUES (184, 'ONIPC U.T.I ALTAGRACIA DE ORITUCO', 'U.T.I. ALTAGRACIA DE ORITUCO', '0246-8719511', 'NO', 60, 214, 4, 4, NULL, '2024-04-10 13:39:43', '2024-04-10 13:39:43');
INSERT INTO `area` VALUES (185, 'ONIPC GERENCIA', 'GERENCIA REGIONAL CALABOZO', '0246-8719511', 'NO', 60, 303, 4, 4, NULL, '2024-04-10 15:07:33', '2024-04-10 15:07:33');
INSERT INTO `area` VALUES (186, 'SUPERVISOR REGIONAL DE SEGURIDAD', 'GERENCIA REGIONAL CALABOZO', '0246-8719511', 'NO', 60, 214, 4, 4, NULL, '2024-04-11 08:29:03', '2024-04-11 08:29:03');
INSERT INTO `area` VALUES (187, 'COORDINADORA SERVICIOS MEDICO', 'GERENCIA REGIONAL CALABOZO', '0246-8719511', 'NO', 1, 38, 4, 4, NULL, '2024-04-11 10:35:15', '2024-04-11 10:35:15');
INSERT INTO `area` VALUES (188, 'COORDINACION CONTROL TRIBUTARIO', 'GERENCIA REGIONAL CALABOZO', '0246-8719511', 'NO', 2, 178, 4, 4, NULL, '2024-04-11 11:41:44', '2024-04-11 11:41:44');
INSERT INTO `area` VALUES (189, 'CONTROL BANCARIO', 'GERENCIA REGIONAL CALABOZO', '', 'NO', 17, 136, 4, 4, NULL, '2024-04-11 13:19:35', '2024-04-11 13:19:35');
INSERT INTO `area` VALUES (190, 'AREA DE COBRANZAS SPE', 'GERENCIA REGIONAL CALABOZO', '0246-8719511', 'NO', 17, 110, 4, 4, NULL, '2024-04-11 13:24:02', '2024-04-11 13:25:31');
INSERT INTO `area` VALUES (191, 'COORDINACION DE AREA DE INCORPORACION, DESINCORPORACION Y TRASLADO DE LOS SPE', 'GERENCIA REGIONAL CALABOZO', '0246-8719511', 'NO', 17, 94, 4, 4, NULL, '2024-04-11 14:22:57', '2024-04-11 14:22:57');
INSERT INTO `area` VALUES (192, 'SISTEMA DE GESTION DE ACCESO AL APLICATIVO DE RECAUDACION (SIGESAAR)', 'GERENCIA REGIONAL CALABOZO', '0246-8719511', 'NO', 13, 24, 4, 4, NULL, '2024-04-11 15:01:59', '2024-04-11 15:01:59');
INSERT INTO `area` VALUES (193, 'JEFATURA', 'GERENCIA REGIONAL CALABOZO', '0246-8719511', 'NO', 1, 22, 4, 4, NULL, '2024-04-12 10:26:11', '2024-04-12 10:26:11');
INSERT INTO `area` VALUES (194, 'COORDINACION AREA DE ADMINISTRACION', 'S.T.I. SAN JUAN DE LOS MORROS', '0246-8719511', 'NO', 49, 262, 4, 4, NULL, '2024-04-16 10:34:39', '2024-04-16 10:34:39');

-- ----------------------------
-- Table structure for asistencia
-- ----------------------------
DROP TABLE IF EXISTS `asistencia`;
CREATE TABLE `asistencia`  (
  `id` bigint(20) UNSIGNED NOT NULL AUTO_INCREMENT,
  `hora_e` datetime NULL DEFAULT NULL,
  `hora_s` datetime NULL DEFAULT NULL,
  `hora_e2` datetime NULL DEFAULT NULL,
  `hora_s2` datetime NULL DEFAULT NULL,
  `hora_e3` datetime NULL DEFAULT NULL,
  `hora_s3` datetime NULL DEFAULT NULL,
  `hora_e4` datetime NULL DEFAULT NULL,
  `hora_s4` datetime NULL DEFAULT NULL,
  `hora_e5` datetime NULL DEFAULT NULL,
  `hora_s5` datetime NULL DEFAULT NULL,
  `hora_e6` datetime NULL DEFAULT NULL,
  `hora_s6` datetime NULL DEFAULT NULL,
  `hora_e7` datetime NULL DEFAULT NULL,
  `hora_s7` datetime NULL DEFAULT NULL,
  `hora_e8` datetime NULL DEFAULT NULL,
  `hora_s8` datetime NULL DEFAULT NULL,
  `id_func` bigint(20) UNSIGNED NOT NULL,
  `id_dep` bigint(20) UNSIGNED NULL DEFAULT NULL,
  `observacion` varchar(200) CHARACTER SET utf8 COLLATE utf8_unicode_ci NULL DEFAULT NULL,
  `created_by` bigint(20) UNSIGNED NULL DEFAULT NULL,
  `updated_by` bigint(20) UNSIGNED NULL DEFAULT NULL,
  `deleted_by` bigint(20) UNSIGNED NULL DEFAULT NULL,
  `created_at` timestamp NULL DEFAULT NULL,
  `updated_at` timestamp NULL DEFAULT NULL,
  `o1` text CHARACTER SET utf8 COLLATE utf8_unicode_ci NULL,
  `o2` text CHARACTER SET utf8 COLLATE utf8_unicode_ci NULL,
  `o3` text CHARACTER SET utf8 COLLATE utf8_unicode_ci NULL,
  `o4` text CHARACTER SET utf8 COLLATE utf8_unicode_ci NULL,
  `o5` text CHARACTER SET utf8 COLLATE utf8_unicode_ci NULL,
  `o6` text CHARACTER SET utf8 COLLATE utf8_unicode_ci NULL,
  `o7` text CHARACTER SET utf8 COLLATE utf8_unicode_ci NULL,
  `o8` text CHARACTER SET utf8 COLLATE utf8_unicode_ci NULL,
  `o9` text CHARACTER SET utf8 COLLATE utf8_unicode_ci NULL,
  `o10` text CHARACTER SET utf8 COLLATE utf8_unicode_ci NULL,
  `o11` text CHARACTER SET utf8 COLLATE utf8_unicode_ci NULL,
  `o12` text CHARACTER SET utf8 COLLATE utf8_unicode_ci NULL,
  `o13` text CHARACTER SET utf8 COLLATE utf8_unicode_ci NULL,
  `o14` text CHARACTER SET utf8 COLLATE utf8_unicode_ci NULL,
  `o15` text CHARACTER SET utf8 COLLATE utf8_unicode_ci NULL,
  `o16` text CHARACTER SET utf8 COLLATE utf8_unicode_ci NULL,
  PRIMARY KEY (`id`) USING BTREE,
  INDEX `id_func`(`id_func`) USING BTREE,
  INDEX `asistencia_created_by_foreign`(`created_by`) USING BTREE,
  INDEX `asistencia_updated_by_foreign`(`updated_by`) USING BTREE,
  INDEX `asistencia_deleted_by_foreign`(`deleted_by`) USING BTREE,
  CONSTRAINT `asistencia_created_by_foreign` FOREIGN KEY (`created_by`) REFERENCES `users` (`id`) ON DELETE RESTRICT ON UPDATE RESTRICT,
  CONSTRAINT `asistencia_deleted_by_foreign` FOREIGN KEY (`deleted_by`) REFERENCES `users` (`id`) ON DELETE RESTRICT ON UPDATE RESTRICT,
  CONSTRAINT `asistencia_id_func_foreign` FOREIGN KEY (`id_func`) REFERENCES `funcionarios` (`id`) ON DELETE RESTRICT ON UPDATE CASCADE,
  CONSTRAINT `asistencia_updated_by_foreign` FOREIGN KEY (`updated_by`) REFERENCES `users` (`id`) ON DELETE RESTRICT ON UPDATE RESTRICT
) ENGINE = InnoDB AUTO_INCREMENT = 1 CHARACTER SET = utf8 COLLATE = utf8_unicode_ci ROW_FORMAT = DYNAMIC;

-- ----------------------------
-- Records of asistencia
-- ----------------------------

-- ----------------------------
-- Table structure for asistenciamovil
-- ----------------------------
DROP TABLE IF EXISTS `asistenciamovil`;
CREATE TABLE `asistenciamovil`  (
  `id` bigint(20) UNSIGNED NOT NULL AUTO_INCREMENT,
  `hora` text CHARACTER SET utf8 COLLATE utf8_unicode_ci NOT NULL,
  `id_func` bigint(20) UNSIGNED NOT NULL,
  `id_dep` bigint(20) UNSIGNED NOT NULL,
  `observacion` text CHARACTER SET utf8 COLLATE utf8_unicode_ci NULL,
  `created_by` bigint(20) UNSIGNED NULL DEFAULT NULL,
  `updated_by` bigint(20) UNSIGNED NULL DEFAULT NULL,
  `deleted_by` bigint(20) UNSIGNED NULL DEFAULT NULL,
  `created_at` timestamp NULL DEFAULT NULL,
  `updated_at` timestamp NULL DEFAULT NULL,
  `enviado` int(2) NOT NULL DEFAULT 1,
  PRIMARY KEY (`id`) USING BTREE
) ENGINE = InnoDB AUTO_INCREMENT = 1 CHARACTER SET = utf8 COLLATE = utf8_unicode_ci ROW_FORMAT = DYNAMIC;

-- ----------------------------
-- Records of asistenciamovil
-- ----------------------------

-- ----------------------------
-- Table structure for blogs
-- ----------------------------
DROP TABLE IF EXISTS `blogs`;
CREATE TABLE `blogs`  (
  `id` bigint(20) UNSIGNED NOT NULL AUTO_INCREMENT,
  `titulo` varchar(191) CHARACTER SET utf8 COLLATE utf8_unicode_ci NOT NULL,
  `contenido` text CHARACTER SET utf8 COLLATE utf8_unicode_ci NOT NULL,
  `created_at` timestamp NULL DEFAULT NULL,
  `updated_at` timestamp NULL DEFAULT NULL,
  PRIMARY KEY (`id`) USING BTREE
) ENGINE = InnoDB AUTO_INCREMENT = 1 CHARACTER SET = utf8 COLLATE = utf8_unicode_ci ROW_FORMAT = DYNAMIC;

-- ----------------------------
-- Records of blogs
-- ----------------------------

-- ----------------------------
-- Table structure for cargo
-- ----------------------------
DROP TABLE IF EXISTS `cargo`;
CREATE TABLE `cargo`  (
  `id` bigint(20) UNSIGNED NOT NULL AUTO_INCREMENT,
  `id_lcargo` bigint(20) UNSIGNED NOT NULL,
  `fecha_ex` date NOT NULL,
  `id_area` bigint(20) UNSIGNED NOT NULL,
  `id_desig` bigint(20) UNSIGNED NOT NULL,
  `fecha_inic` date NOT NULL,
  `fecha_culm` date NULL DEFAULT NULL,
  `sta_contrato` varchar(20) CHARACTER SET utf8 COLLATE utf8_unicode_ci NOT NULL,
  `sta_cargo` varchar(20) CHARACTER SET utf8 COLLATE utf8_unicode_ci NOT NULL,
  `observaciones` varchar(190) CHARACTER SET utf8 COLLATE utf8_unicode_ci NULL DEFAULT NULL,
  `created_by` bigint(20) UNSIGNED NULL DEFAULT NULL,
  `updated_by` bigint(20) UNSIGNED NULL DEFAULT NULL,
  `deleted_by` bigint(20) UNSIGNED NULL DEFAULT NULL,
  `created_at` timestamp NULL DEFAULT NULL,
  `updated_at` timestamp NULL DEFAULT NULL,
  PRIMARY KEY (`id`) USING BTREE,
  INDEX `id_area`(`id_area`) USING BTREE,
  INDEX `cargo_created_by_foreign`(`created_by`) USING BTREE,
  INDEX `cargo_updated_by_foreign`(`updated_by`) USING BTREE,
  INDEX `cargo_deleted_by_foreign`(`deleted_by`) USING BTREE,
  INDEX `id_lcargo`(`id_lcargo`) USING BTREE,
  INDEX `id_desig`(`id_desig`) USING BTREE,
  CONSTRAINT `cargo_created_by_foreign` FOREIGN KEY (`created_by`) REFERENCES `users` (`id`) ON DELETE RESTRICT ON UPDATE RESTRICT,
  CONSTRAINT `cargo_deleted_by_foreign` FOREIGN KEY (`deleted_by`) REFERENCES `users` (`id`) ON DELETE RESTRICT ON UPDATE RESTRICT,
  CONSTRAINT `cargo_ibfk_1` FOREIGN KEY (`id_lcargo`) REFERENCES `lcargo` (`id`) ON DELETE RESTRICT ON UPDATE CASCADE,
  CONSTRAINT `cargo_ibfk_2` FOREIGN KEY (`id_desig`) REFERENCES `designacion` (`id`) ON DELETE RESTRICT ON UPDATE CASCADE,
  CONSTRAINT `cargo_id_area_foreign` FOREIGN KEY (`id_area`) REFERENCES `area` (`id`) ON DELETE RESTRICT ON UPDATE CASCADE,
  CONSTRAINT `cargo_updated_by_foreign` FOREIGN KEY (`updated_by`) REFERENCES `users` (`id`) ON DELETE RESTRICT ON UPDATE RESTRICT
) ENGINE = InnoDB AUTO_INCREMENT = 18 CHARACTER SET = utf8 COLLATE = utf8_unicode_ci ROW_FORMAT = DYNAMIC;

-- ----------------------------
-- Records of cargo
-- ----------------------------
INSERT INTO `cargo` VALUES (1, 14, '2023-01-01', 28, 121, '2023-01-01', NULL, 'Activo', 'Activo', NULL, 1, 1, NULL, '2023-12-07 09:00:19', '2023-12-07 09:00:19');
INSERT INTO `cargo` VALUES (2, 18, '2023-01-01', 31, 15, '2023-01-01', NULL, 'Activo', 'Activo', NULL, 1, 1, NULL, '2023-12-07 10:03:27', '2023-12-07 10:03:27');
INSERT INTO `cargo` VALUES (3, 16, '2023-01-01', 62, 50, '2023-01-01', NULL, 'Activo', 'Activo', NULL, 1, 1, NULL, '2023-12-07 10:16:34', '2023-12-07 10:16:34');
INSERT INTO `cargo` VALUES (4, 18, '2023-01-01', 137, 173, '2023-01-01', NULL, 'Activo', 'Activo', NULL, 1, 1, NULL, '2023-12-07 11:35:40', '2023-12-07 11:35:40');
INSERT INTO `cargo` VALUES (5, 22, '2023-01-01', 167, 162, '2023-01-01', NULL, 'Activo', 'Activo', NULL, 1, 1, NULL, '2023-12-07 13:33:00', '2023-12-07 13:33:00');
INSERT INTO `cargo` VALUES (6, 23, '2023-12-01', 135, 163, '2023-12-01', NULL, 'Activo', 'Activo', NULL, 1, 1, NULL, '2023-12-08 09:05:55', '2023-12-08 09:05:55');
INSERT INTO `cargo` VALUES (7, 24, '2023-01-01', 150, 207, '2023-01-01', NULL, 'Activo', 'Activo', NULL, 1, 1, NULL, '2023-12-08 10:53:54', '2023-12-08 10:53:54');
INSERT INTO `cargo` VALUES (8, 16, '2023-01-01', 91, 39, '2023-01-01', NULL, 'Activo', 'Activo', NULL, 1, 1, NULL, '2023-12-18 09:53:19', '2023-12-18 09:53:19');
INSERT INTO `cargo` VALUES (9, 21, '2023-01-01', 31, 96, '2023-01-01', NULL, 'Activo', 'Activo', NULL, 1, 1, NULL, '2023-12-18 10:28:36', '2023-12-18 10:28:36');
INSERT INTO `cargo` VALUES (10, 21, '2023-01-01', 31, 100, '2023-01-01', NULL, 'Activo', 'Activo', NULL, 1, 1, NULL, '2023-12-18 10:33:44', '2023-12-18 10:33:44');
INSERT INTO `cargo` VALUES (11, 21, '2023-01-01', 31, 107, '2023-01-01', NULL, 'Activo', 'Activo', NULL, 1, 1, NULL, '2023-12-18 10:36:06', '2023-12-18 10:36:06');
INSERT INTO `cargo` VALUES (12, 18, '2023-01-01', 103, 49, '2023-01-01', NULL, 'Activo', 'Activo', NULL, 1, 1, NULL, '2023-12-18 10:54:32', '2023-12-18 10:54:32');
INSERT INTO `cargo` VALUES (13, 18, '2023-01-01', 103, 44, '2023-01-01', NULL, 'Activo', 'Activo', NULL, 1, 1, NULL, '2023-12-18 10:56:58', '2023-12-18 10:56:58');
INSERT INTO `cargo` VALUES (14, 20, '2023-01-01', 145, 195, '2023-01-01', NULL, 'Activo', 'Activo', NULL, 1, 1, NULL, '2023-12-18 11:11:49', '2023-12-18 11:11:49');
INSERT INTO `cargo` VALUES (15, 24, '2023-01-01', 140, 188, '2023-01-01', NULL, 'Activo', 'Activo', '', 1, 1, NULL, '2023-12-18 11:22:08', '2023-12-18 11:22:49');
INSERT INTO `cargo` VALUES (16, 16, '2023-01-01', 32, 101, '2023-01-01', NULL, 'Activo', 'Activo', NULL, 1, 1, NULL, '2023-12-18 11:34:31', '2023-12-18 11:34:31');
INSERT INTO `cargo` VALUES (17, 16, '2023-01-01', 163, 233, '2023-01-01', NULL, 'Activo', 'Activo', NULL, 1, 1, NULL, '2023-12-18 13:50:48', '2023-12-18 13:50:48');

-- ----------------------------
-- Table structure for dependencia
-- ----------------------------
DROP TABLE IF EXISTS `dependencia`;
CREATE TABLE `dependencia`  (
  `id` bigint(20) UNSIGNED NOT NULL AUTO_INCREMENT,
  `nom_dep` varchar(190) CHARACTER SET latin1 COLLATE latin1_swedish_ci NOT NULL,
  `ubicacion` varchar(190) CHARACTER SET latin1 COLLATE latin1_swedish_ci NOT NULL,
  `telf_dep` varchar(15) CHARACTER SET latin1 COLLATE latin1_swedish_ci NOT NULL,
  `id_reg` bigint(20) UNSIGNED NOT NULL,
  `id_jefedep` bigint(20) UNSIGNED NOT NULL,
  `created_by` bigint(20) UNSIGNED NULL DEFAULT NULL,
  `updated_by` bigint(20) UNSIGNED NULL DEFAULT NULL,
  `deleted_by` bigint(20) UNSIGNED NULL DEFAULT NULL,
  `created_at` timestamp NULL DEFAULT NULL,
  `updated_at` timestamp NULL DEFAULT NULL,
  PRIMARY KEY (`id`) USING BTREE,
  INDEX `id_reg`(`id_reg`) USING BTREE,
  INDEX `id_jefedep`(`id_jefedep`) USING BTREE,
  INDEX `dependencia_created_by_foreign`(`created_by`) USING BTREE,
  INDEX `dependencia_updated_by_foreign`(`updated_by`) USING BTREE,
  INDEX `dependencia_deleted_by_foreign`(`deleted_by`) USING BTREE,
  CONSTRAINT `dependencia_created_by_foreign` FOREIGN KEY (`created_by`) REFERENCES `users` (`id`) ON DELETE RESTRICT ON UPDATE RESTRICT,
  CONSTRAINT `dependencia_deleted_by_foreign` FOREIGN KEY (`deleted_by`) REFERENCES `users` (`id`) ON DELETE RESTRICT ON UPDATE RESTRICT,
  CONSTRAINT `dependencia_id_jefedep_foreign` FOREIGN KEY (`id_jefedep`) REFERENCES `jefedependencia` (`id`) ON DELETE RESTRICT ON UPDATE CASCADE,
  CONSTRAINT `dependencia_id_reg_foreign` FOREIGN KEY (`id_reg`) REFERENCES `region` (`id`) ON DELETE RESTRICT ON UPDATE CASCADE,
  CONSTRAINT `dependencia_updated_by_foreign` FOREIGN KEY (`updated_by`) REFERENCES `users` (`id`) ON DELETE RESTRICT ON UPDATE RESTRICT
) ENGINE = InnoDB AUTO_INCREMENT = 9 CHARACTER SET = latin1 COLLATE = latin1_swedish_ci ROW_FORMAT = Compact;

-- ----------------------------
-- Records of dependencia
-- ----------------------------
INSERT INTO `dependencia` VALUES (1, 'GERENCIA REGIONAL', 'CALABOZO ESTADO GUARICO', '02468729685', 1, 53, 1, 1, NULL, '2022-11-29 10:25:34', '2024-04-10 15:29:55');
INSERT INTO `dependencia` VALUES (2, 'SECTOR DE TRIBUTOS INTERNOS', 'SAN JUAN DE LOS MORROS ESTADO GUARICO', '02468729685', 1, 3, 1, 1, NULL, '2022-11-29 10:26:14', '2023-12-07 12:11:11');
INSERT INTO `dependencia` VALUES (3, 'SECTOR DE TRIBUTOS INTERNOS', 'SAN FERNANDO DE APURE ESTADO APURE', '02468729685', 1, 14, 1, 1, NULL, '2022-11-29 10:34:48', '2023-12-08 09:56:54');
INSERT INTO `dependencia` VALUES (4, 'UNIDAD DE TRIBUTOS INTERNOS', 'ALTAGRACIA DE ORITUCO ESTADO GUARICO', '02468729685', 1, 4, 1, 1, NULL, '2022-11-29 10:35:41', '2023-01-24 15:04:44');
INSERT INTO `dependencia` VALUES (5, 'SECTOR DE TRIBUTOS INTERNOS', 'VALLE DE LA PASCUA ESTADO GUARICO', '02468729685', 1, 2, 1, 1, NULL, '2022-11-29 10:25:55', '2022-12-07 14:11:23');
INSERT INTO `dependencia` VALUES (6, 'SUPERINTENDENCIA', 'CARACAS', '0246-8709511', 2, 17, 3, 3, NULL, '2023-02-02 10:39:20', '2023-02-02 10:39:20');
INSERT INTO `dependencia` VALUES (7, 'REGION CAPITAL', 'CARACAS', 'NO', 3, 36, 1, 1, NULL, '2023-08-04 14:25:05', '2023-08-04 14:25:05');
INSERT INTO `dependencia` VALUES (8, 'GERENCIA CENTRO OCCIDENTAL', 'BARQUISIMETO', 'NO', 4, 37, 1, 1, NULL, '2023-08-04 14:30:31', '2023-08-04 14:30:31');

-- ----------------------------
-- Table structure for designacion
-- ----------------------------
DROP TABLE IF EXISTS `designacion`;
CREATE TABLE `designacion`  (
  `id` bigint(20) UNSIGNED NOT NULL AUTO_INCREMENT,
  `numdesig` varchar(10) CHARACTER SET utf8 COLLATE utf8_unicode_ci NULL DEFAULT NULL,
  `fecha_desig` date NULL DEFAULT NULL,
  `fecha_cese` date NULL DEFAULT NULL,
  `id_func` bigint(20) UNSIGNED NOT NULL,
  `id_dep` bigint(20) UNSIGNED NOT NULL,
  `id_jefedep` bigint(20) UNSIGNED NOT NULL,
  `id_area` bigint(20) UNSIGNED NOT NULL,
  `id_divi` bigint(20) UNSIGNED NOT NULL,
  `id_jefediv` bigint(20) UNSIGNED NOT NULL,
  `id_jefeth` bigint(20) UNSIGNED NOT NULL,
  `id_coorth` bigint(20) UNSIGNED NOT NULL,
  `id_firma` bigint(20) UNSIGNED NOT NULL,
  `estatus` varchar(10) CHARACTER SET utf8 COLLATE utf8_unicode_ci NOT NULL,
  `provi_jefe` varchar(20) CHARACTER SET utf8 COLLATE utf8_unicode_ci NOT NULL,
  `fecha_provi` date NULL DEFAULT NULL,
  `gaceta_provi` bigint(20) UNSIGNED NOT NULL,
  `fecha_gaceta` date NULL DEFAULT NULL,
  `created_by` bigint(20) UNSIGNED NULL DEFAULT NULL,
  `updated_by` bigint(20) UNSIGNED NULL DEFAULT NULL,
  `deleted_by` bigint(20) UNSIGNED NULL DEFAULT NULL,
  `created_at` timestamp NULL DEFAULT NULL,
  `updated_at` timestamp NULL DEFAULT NULL,
  PRIMARY KEY (`id`) USING BTREE,
  INDEX `id_func`(`id_func`) USING BTREE,
  INDEX `id_dep`(`id_dep`) USING BTREE,
  INDEX `id_jefedep`(`id_jefedep`) USING BTREE,
  INDEX `designacion_created_by_foreign`(`created_by`) USING BTREE,
  INDEX `designacion_updated_by_foreign`(`updated_by`) USING BTREE,
  INDEX `designacion_deleted_by_foreign`(`deleted_by`) USING BTREE,
  INDEX `id_area`(`id_area`) USING BTREE,
  INDEX `id_divi`(`id_divi`) USING BTREE,
  INDEX `id_firma`(`id_firma`) USING BTREE,
  INDEX `id_jefediv`(`id_jefediv`) USING BTREE,
  INDEX `id_coorth`(`id_coorth`) USING BTREE,
  INDEX `id_jefeth`(`id_jefeth`) USING BTREE,
  CONSTRAINT `designacion_created_by_foreign` FOREIGN KEY (`created_by`) REFERENCES `users` (`id`) ON DELETE RESTRICT ON UPDATE RESTRICT,
  CONSTRAINT `designacion_deleted_by_foreign` FOREIGN KEY (`deleted_by`) REFERENCES `users` (`id`) ON DELETE RESTRICT ON UPDATE RESTRICT,
  CONSTRAINT `designacion_ibfk_1` FOREIGN KEY (`id_area`) REFERENCES `area` (`id`) ON DELETE RESTRICT ON UPDATE CASCADE,
  CONSTRAINT `designacion_ibfk_2` FOREIGN KEY (`id_divi`) REFERENCES `division` (`id`) ON DELETE RESTRICT ON UPDATE CASCADE,
  CONSTRAINT `designacion_ibfk_3` FOREIGN KEY (`id_firma`) REFERENCES `firmas` (`id`) ON DELETE RESTRICT ON UPDATE CASCADE,
  CONSTRAINT `designacion_ibfk_4` FOREIGN KEY (`id_jefediv`) REFERENCES `jefedependencia` (`id`) ON DELETE RESTRICT ON UPDATE CASCADE,
  CONSTRAINT `designacion_ibfk_6` FOREIGN KEY (`id_jefeth`) REFERENCES `jefedependencia` (`id`) ON DELETE RESTRICT ON UPDATE CASCADE,
  CONSTRAINT `designacion_ibfk_7` FOREIGN KEY (`id_coorth`) REFERENCES `users` (`id`) ON DELETE RESTRICT ON UPDATE CASCADE,
  CONSTRAINT `designacion_id_dep_foreign` FOREIGN KEY (`id_dep`) REFERENCES `dependencia` (`id`) ON DELETE RESTRICT ON UPDATE CASCADE,
  CONSTRAINT `designacion_id_func_foreign` FOREIGN KEY (`id_func`) REFERENCES `funcionarios` (`id`) ON DELETE RESTRICT ON UPDATE CASCADE,
  CONSTRAINT `designacion_id_jefedep_foreign` FOREIGN KEY (`id_jefedep`) REFERENCES `jefedependencia` (`id`) ON DELETE RESTRICT ON UPDATE CASCADE,
  CONSTRAINT `designacion_updated_by_foreign` FOREIGN KEY (`updated_by`) REFERENCES `users` (`id`) ON DELETE RESTRICT ON UPDATE RESTRICT
) ENGINE = InnoDB AUTO_INCREMENT = 399 CHARACTER SET = utf8 COLLATE = utf8_unicode_ci ROW_FORMAT = DYNAMIC;

-- ----------------------------
-- Records of designacion
-- ----------------------------
INSERT INTO `designacion` VALUES (1, '000614', NULL, NULL, 25, 1, 1, 78, 1, 5, 5, 3, 1, 'Culminado', 'SNAT/2022/000067', '2022-11-09', 42501, '2022-11-09', 1, 1, NULL, '2022-12-09 14:03:02', '2023-08-30 09:24:06');
INSERT INTO `designacion` VALUES (2, '000122', NULL, NULL, 1, 1, 19, 78, 1, 5, 5, 1, 1, 'Culminado', 'SNAT/2022/000067', '2022-11-09', 42501, '2022-11-09', 1, 1, NULL, '2023-01-04 09:35:57', '2024-06-20 09:54:36');
INSERT INTO `designacion` VALUES (3, '002452', NULL, NULL, 5, 1, 1, 33, 2, 6, 5, 4, 2, 'Culminado', '5.851', '2008-02-01', 39, '2008-02-01', 2, 2, NULL, '2023-01-17 14:14:17', '2024-04-12 10:00:19');
INSERT INTO `designacion` VALUES (4, '000399', NULL, NULL, 3, 1, 1, 15, 15, 8, 5, 4, 1, 'Culminado', 'SNAT/2022/000067', '2022-11-09', 42501, '2022-11-09', 2, 2, NULL, '2023-01-17 14:17:37', '2024-02-07 11:47:36');
INSERT INTO `designacion` VALUES (5, '000749', NULL, NULL, 6, 1, 1, 44, 13, 12, 5, 4, 1, 'Culminado', 'SNAT/2022/000067', '2022-11-09', 42501, '2022-11-09', 2, 2, NULL, '2023-01-17 14:20:51', '2023-03-30 14:33:22');
INSERT INTO `designacion` VALUES (6, '002355', NULL, NULL, 9, 1, 1, 28, 14, 10, 5, 1, 1, 'Activo', 'SNAT/2022/000067', '2022-11-09', 42501, '2022-11-09', 2, 2, NULL, '2023-01-17 14:27:20', '2023-12-07 11:11:54');
INSERT INTO `designacion` VALUES (7, '000287', NULL, NULL, 84, 1, 1, 169, 57, 1, 5, 4, 1, 'Culminado', 'SNAT/2022/000067', '2022-11-09', 42501, '2022-11-09', 2, 2, NULL, '2023-01-17 14:34:18', '2024-04-11 13:38:13');
INSERT INTO `designacion` VALUES (8, '000987', NULL, NULL, 209, 1, 1, 94, 13, 12, 5, 4, 1, 'Culminado', 'SNAT/2022/000067', '2022-11-09', 42501, '2022-11-09', 2, 2, NULL, '2023-01-17 14:36:34', '2023-03-30 15:11:59');
INSERT INTO `designacion` VALUES (9, '000763', NULL, NULL, 194, 1, 1, 114, 2, 6, 5, 1, 3, 'Activo', 'SNAT/2021/00026', '2021-04-22', 42, '2021-05-03', 2, 2, NULL, '2023-01-17 14:39:35', '2023-12-07 10:44:04');
INSERT INTO `designacion` VALUES (10, '000015', NULL, NULL, 205, 1, 1, 87, 7, 7, 5, 1, 1, 'Activo', 'SNAT/2022/000067', '2022-11-09', 42501, '2022-11-09', 2, 2, NULL, '2023-01-17 14:41:48', '2023-12-07 10:41:39');
INSERT INTO `designacion` VALUES (11, '001002', NULL, NULL, 92, 1, 1, 95, 13, 12, 5, 1, 1, 'Activo', 'SNAT/2022/000067', '2022-11-09', 42501, '2022-11-09', 2, 2, NULL, '2023-01-17 14:44:08', '2023-12-07 10:34:21');
INSERT INTO `designacion` VALUES (12, '000760', NULL, NULL, 100, 1, 1, 114, 2, 6, 5, 4, 3, 'Culminado', 'SNAT/2021/00026', '2021-04-22', 42, '2021-05-03', 2, 2, NULL, '2023-01-17 14:45:33', '2024-04-11 15:21:23');
INSERT INTO `designacion` VALUES (13, '000791', NULL, NULL, 105, 1, 1, 19, 17, 9, 5, 1, 1, 'Activo', 'SNAT/2022/000067', '2022-11-09', 42501, '2022-11-09', 2, 2, NULL, '2023-01-17 14:49:29', '2023-12-07 10:21:20');
INSERT INTO `designacion` VALUES (14, '000767', NULL, NULL, 184, 1, 1, 32, 2, 6, 5, 3, 1, 'Culminado', 'SNAT/2022/000067', '2022-11-09', 42501, '2022-11-09', 2, 2, NULL, '2023-01-17 14:52:15', '2023-03-30 14:22:48');
INSERT INTO `designacion` VALUES (15, '000898', NULL, NULL, 178, 1, 1, 31, 2, 6, 5, 4, 3, 'Culminado', 'SNAT/2021/00026', '2021-04-22', 42, '2021-05-03', 2, 2, NULL, '2023-01-17 14:55:00', '2024-04-11 11:40:27');
INSERT INTO `designacion` VALUES (16, '001212', NULL, NULL, 27, 1, 1, 76, 1, 5, 5, 1, 1, 'Activo', 'SNAT/2022/000067', '2022-11-09', 42501, '2022-11-09', 2, 2, NULL, '2023-01-17 15:00:51', '2023-12-08 12:00:50');
INSERT INTO `designacion` VALUES (17, '000015', NULL, NULL, 48, 1, 1, 6, 1, 5, 5, 1, 1, 'Activo', 'SNAT/2022/000067', '2022-11-09', 42501, '2022-11-09', 3, 3, NULL, '2023-02-02 10:16:01', '2023-12-18 11:48:22');
INSERT INTO `designacion` VALUES (18, '001957', NULL, NULL, 29, 1, 1, 10, 1, 5, 5, 39, 2, 'Culminado', '5.851', '2008-02-01', 39, '2008-02-01', 3, 3, NULL, '2023-02-02 10:44:55', '2024-06-30 12:12:22');
INSERT INTO `designacion` VALUES (19, '000169', NULL, NULL, 47, 1, 1, 70, 1, 5, 5, 3, 3, 'Culminado', 'SNAT/2021/00026', '2021-04-22', 42, '2021-05-03', 3, 3, NULL, '2023-02-02 11:45:58', '2023-10-05 10:37:13');
INSERT INTO `designacion` VALUES (20, '000882', NULL, NULL, 46, 1, 1, 2, 1, 5, 5, 4, 4, 'Activo', 'SNAT/2019/0006', '2019-01-03', 42, '2019-01-08', 3, 3, NULL, '2023-02-02 13:24:41', '2024-04-12 11:43:56');
INSERT INTO `designacion` VALUES (21, '000816', NULL, NULL, 36, 1, 1, 97, 1, 5, 5, 1, 4, 'Activo', 'SNAT/2019/0006', '2019-01-03', 42, '2019-01-08', 3, 3, NULL, '2023-02-02 14:42:56', '2023-12-18 13:18:24');
INSERT INTO `designacion` VALUES (22, '000066', NULL, NULL, 30, 1, 1, 69, 1, 5, 5, 1, 4, 'Activo', 'SNAT/2019/0006', '2019-01-03', 42, '2019-01-08', 3, 3, NULL, '2023-02-02 14:51:03', '2023-12-08 13:21:50');
INSERT INTO `designacion` VALUES (23, '000076', NULL, NULL, 42, 1, 1, 70, 1, 5, 5, 39, 3, 'Culminado', 'SNAT/2021/00026', '2021-04-22', 42, '2021-05-03', 3, 3, NULL, '2023-02-02 14:55:08', '2024-06-30 12:25:00');
INSERT INTO `designacion` VALUES (24, '000170', NULL, NULL, 34, 1, 1, 70, 1, 5, 5, 3, 3, 'Culminado', 'SNAT/2021/00026', '2021-04-22', 42, '2021-05-03', 3, 3, NULL, '2023-02-02 15:32:19', '2023-10-05 10:49:38');
INSERT INTO `designacion` VALUES (25, '000064', NULL, NULL, 40, 1, 1, 70, 1, 5, 5, 1, 4, 'Activo', 'SNAT/2019/0006', '2019-01-03', 42, '2019-01-08', 3, 3, NULL, '2023-02-03 09:57:23', '2023-12-08 09:58:30');
INSERT INTO `designacion` VALUES (26, '000171-A', NULL, NULL, 41, 1, 1, 6, 1, 5, 5, 1, 3, 'Activo', 'SNAT/2021/00026', '2021-04-22', 42, '2021-05-03', 3, 3, NULL, '2023-02-03 10:00:08', '2023-12-08 13:25:01');
INSERT INTO `designacion` VALUES (27, '000412', NULL, NULL, 33, 1, 1, 76, 1, 5, 5, 1, 3, 'Activo', 'SNAT/2021/00026', '2021-04-22', 42, '2021-05-03', 3, 3, NULL, '2023-02-03 10:13:01', '2023-12-07 13:35:25');
INSERT INTO `designacion` VALUES (28, '001263', NULL, NULL, 66, 1, 1, 102, 1, 5, 5, 1, 4, 'Activo', 'SNAT/2019/0006', '2019-01-03', 42, '2019-01-08', 3, 3, NULL, '2023-02-03 10:54:32', '2023-12-08 13:08:17');
INSERT INTO `designacion` VALUES (29, '000227', NULL, NULL, 24, 1, 1, 78, 1, 5, 5, 4, 3, 'Culminado', 'SNAT/2021/00026', '2021-04-22', 42, '2021-05-03', 3, 3, NULL, '2023-02-03 11:09:14', '2024-04-11 15:02:35');
INSERT INTO `designacion` VALUES (30, '001042', NULL, NULL, 49, 1, 1, 78, 1, 5, 5, 1, 4, 'Activo', 'SNAT/2019/0006', '2019-01-03', 42, '2019-01-08', 3, 3, NULL, '2023-02-03 11:18:43', '2023-12-08 11:59:01');
INSERT INTO `designacion` VALUES (31, '001164', NULL, NULL, 250, 1, 1, 2, 1, 5, 5, 4, 3, 'Culminado', 'SNAT/2021/00026', '2021-04-22', 42, '2021-05-03', 3, 3, NULL, '2023-02-03 11:28:09', '2024-04-08 14:36:18');
INSERT INTO `designacion` VALUES (32, '000856', NULL, NULL, 26, 1, 1, 78, 1, 5, 5, 1, 4, 'Activo', 'SNAT/2019/0006', '2019-01-03', 42, '2019-01-08', 3, 3, NULL, '2023-02-03 11:40:27', '2023-12-08 11:40:21');
INSERT INTO `designacion` VALUES (33, '000194', NULL, NULL, 31, 1, 1, 11, 1, 5, 5, 51, 5, 'Culminado', 'SNAT/2017/0040', '2017-08-07', 41, '2017-08-18', 3, 3, NULL, '2023-02-03 15:12:39', '2024-01-25 10:29:46');
INSERT INTO `designacion` VALUES (34, '000416', NULL, NULL, 32, 1, 1, 76, 1, 5, 5, 1, 3, 'Activo', 'SNAT/2021/00026', '2021-04-22', 42, '2021-05-03', 3, 3, NULL, '2023-02-03 15:19:07', '2023-12-18 09:47:26');
INSERT INTO `designacion` VALUES (35, '000415', NULL, NULL, 2, 1, 1, 76, 1, 5, 5, 2, 3, 'Culminado', 'SNAT/2021/00026', '2021-04-22', 42, '2021-05-03', 3, 3, NULL, '2023-02-03 15:21:15', '2023-04-04 09:32:13');
INSERT INTO `designacion` VALUES (36, '000308', NULL, NULL, 23, 1, 1, 78, 1, 5, 5, 1, 5, 'Activo', 'SNAT/2017/0040', '2017-08-07', 41, '2017-08-18', 3, 3, NULL, '2023-02-03 15:22:54', '2023-12-08 11:03:12');
INSERT INTO `designacion` VALUES (37, '000035-A', NULL, NULL, 208, 1, 1, 87, 7, 7, 5, 1, 4, 'Activo', 'SNAT/2019/0006', '2019-01-03', 42, '2019-01-08', 2, 2, NULL, '2023-02-17 10:03:06', '2023-12-18 15:51:15');
INSERT INTO `designacion` VALUES (38, '000902', NULL, NULL, 173, 1, 1, 114, 2, 6, 5, 4, 3, 'Culminado', 'SNAT/2021/00026', '2021-04-22', 42, '2021-05-03', 2, 2, NULL, '2023-02-17 10:16:50', '2024-04-11 11:03:01');
INSERT INTO `designacion` VALUES (39, '000744', NULL, NULL, 76, 1, 1, 91, 13, 12, 5, 1, 3, 'Activo', 'SNAT/2021/00026', '2021-04-22', 42, '2021-05-03', 2, 2, NULL, '2023-02-17 10:23:55', '2023-12-18 09:51:54');
INSERT INTO `designacion` VALUES (40, '001314', NULL, NULL, 52, 1, 1, 70, 1, 5, 5, 4, 4, 'Culminado', 'SNAT/2019/0006', '2019-01-03', 42, '2019-01-08', 3, 3, NULL, '2023-02-17 10:30:03', '2024-04-12 10:32:51');
INSERT INTO `designacion` VALUES (41, '001035', NULL, NULL, 58, 1, 1, 3, 1, 5, 5, 1, 4, 'Activo', 'SNAT/2019/0006', '2019-01-03', 42, '2019-01-08', 3, 3, NULL, '2023-02-17 10:33:23', '2023-12-08 11:57:18');
INSERT INTO `designacion` VALUES (42, '000868', NULL, NULL, 108, 1, 1, 23, 17, 9, 5, 4, 4, 'Culminado', 'SNAT/2019/0006', '2019-01-03', 42, '2019-01-08', 2, 2, NULL, '2023-02-17 10:35:11', '2024-04-11 12:06:02');
INSERT INTO `designacion` VALUES (43, '001035', NULL, NULL, 53, 1, 1, 102, 1, 5, 5, 1, 4, 'Activo', 'SNAT/2019/0006', '2019-01-03', 42, '2019-01-08', 3, 3, NULL, '2023-02-17 10:43:17', '2023-12-08 11:58:10');
INSERT INTO `designacion` VALUES (44, '000790', NULL, NULL, 134, 1, 1, 103, 17, 9, 5, 1, 3, 'Activo', 'SNAT/2021/00026', '2021-04-22', 42, '2021-05-03', 2, 2, NULL, '2023-02-17 10:44:30', '2023-12-18 10:50:37');
INSERT INTO `designacion` VALUES (45, '003189', NULL, NULL, 55, 1, 1, 25, 17, 9, 5, 1, 2, 'Activo', '5.851', '2008-02-01', 39, '2008-02-01', 2, 2, NULL, '2023-02-17 10:47:54', '2023-12-08 10:35:36');
INSERT INTO `designacion` VALUES (46, '001221', NULL, NULL, 22, 1, 1, 78, 1, 5, 5, 4, 4, 'Culminado', 'SNAT/2019/0006', '2019-01-03', 42, '2019-01-08', 3, 3, NULL, '2023-02-17 10:49:29', '2024-04-12 10:24:34');
INSERT INTO `designacion` VALUES (47, '000869', NULL, NULL, 110, 1, 1, 106, 17, 9, 5, 1, 4, 'Activo', 'SNAT/2019/0006', '2019-01-03', 42, '2019-01-08', 2, 2, NULL, '2023-02-17 10:55:57', '2023-12-18 09:50:00');
INSERT INTO `designacion` VALUES (48, '000062', NULL, NULL, 104, 1, 1, 106, 17, 9, 5, 4, 4, 'Culminado', 'SNAT/2019/0006', '2019-01-03', 42, '2019-01-08', 2, 2, NULL, '2023-02-17 11:07:57', '2024-04-11 11:50:26');
INSERT INTO `designacion` VALUES (49, '000793', NULL, NULL, 119, 1, 1, 103, 17, 9, 5, 1, 3, 'Activo', 'SNAT/2021/00026', '2021-04-22', 42, '2021-05-03', 2, 2, NULL, '2023-02-17 11:39:59', '2023-12-18 10:51:28');
INSERT INTO `designacion` VALUES (50, '000871', NULL, NULL, 106, 1, 1, 62, 17, 9, 5, 3, 4, 'Activo', 'SNAT/2019/0006', '2019-01-03', 42, '2019-01-08', 2, 2, NULL, '2023-02-17 11:45:37', '2023-03-30 14:37:23');
INSERT INTO `designacion` VALUES (51, '000024', NULL, NULL, 131, 1, 1, 51, 11, 1, 5, 1, 1, 'Activo', 'SNAT/2022/000067', '2022-11-09', 42501, '2022-11-09', 3, 3, NULL, '2023-03-29 09:18:32', '2023-12-18 11:58:05');
INSERT INTO `designacion` VALUES (52, '000190', NULL, NULL, 14, 1, 1, 51, 11, 1, 5, 39, 3, 'Culminado', 'SNAT/2021/00026', '2021-04-22', 42, '2021-05-03', 3, 3, NULL, '2023-03-29 10:18:41', '2024-06-30 13:53:55');
INSERT INTO `designacion` VALUES (53, '000230', '2019-04-05', NULL, 213, 1, 1, 53, 11, 1, 5, 3, 4, 'Activo', 'SNAT/2019/0006', '2019-01-03', 42, '2019-01-08', 3, 3, NULL, '2023-03-29 10:21:21', '2023-03-29 10:21:21');
INSERT INTO `designacion` VALUES (54, '000289', NULL, NULL, 83, 1, 1, 54, 11, 1, 5, 1, 4, 'Jubilado', 'SNAT/2019/0006', '2019-01-03', 42, '2019-01-08', 3, 3, NULL, '2023-03-29 10:22:52', '2024-07-16 09:27:23');
INSERT INTO `designacion` VALUES (55, '001608', NULL, NULL, 141, 1, 1, 16, 15, 8, 5, 1, 2, 'Activo', '5.851', '2008-02-01', 39, '2008-02-01', 3, 3, NULL, '2023-03-29 11:47:38', '2023-12-08 11:36:17');
INSERT INTO `designacion` VALUES (56, '000409', NULL, NULL, 145, 1, 1, 14, 15, 8, 5, 1, 3, 'Activo', 'SNAT/2021/00026', '2021-04-22', 42, '2021-05-03', 3, 3, NULL, '2023-03-29 11:56:05', '2023-12-18 09:45:59');
INSERT INTO `designacion` VALUES (57, '000789', NULL, NULL, 155, 1, 1, 16, 15, 8, 5, 1, 3, 'Activo', 'SNAT/2021/00026', '2021-04-22', 42, '2021-05-03', 3, 3, NULL, '2023-03-29 11:59:33', '2023-12-18 11:10:07');
INSERT INTO `designacion` VALUES (58, '000032', NULL, NULL, 164, 1, 1, 57, 15, 8, 5, 1, 1, 'Activo', 'SNAT/2022/000067', '2022-11-09', 42501, '2022-11-09', 3, 3, NULL, '2023-03-29 12:02:52', '2023-12-18 11:59:19');
INSERT INTO `designacion` VALUES (59, '000036', NULL, NULL, 144, 1, 1, 58, 15, 8, 5, 1, 1, 'Activo', 'SNAT/2022/000067', '2022-11-09', 42501, '2022-11-09', 3, 3, NULL, '2023-03-29 12:07:00', '2023-12-18 12:00:20');
INSERT INTO `designacion` VALUES (60, '000052', NULL, NULL, 153, 1, 1, 16, 15, 8, 5, 1, 4, 'Activo', 'SNAT/2019/0006', '2019-01-03', 42, '2019-01-08', 3, 3, NULL, '2023-03-29 13:52:04', '2023-12-08 13:21:03');
INSERT INTO `designacion` VALUES (61, '000050', NULL, NULL, 170, 1, 1, 16, 15, 8, 5, 4, 4, 'Culminado', 'SNAT/2019/0006', '2019-01-03', 42, '2019-01-08', 3, 3, NULL, '2023-03-29 13:54:33', '2024-02-07 11:52:18');
INSERT INTO `designacion` VALUES (62, '000049', NULL, NULL, 171, 1, 1, 32, 2, 8, 5, 3, 4, 'Culminado', 'SNAT/2019/0006', '2019-01-03', 42, '2019-01-08', 3, 3, NULL, '2023-03-29 13:55:59', '2023-10-19 09:49:10');
INSERT INTO `designacion` VALUES (63, '000262', NULL, NULL, 20, 1, 1, 16, 15, 8, 5, 4, 3, 'Culminado', 'SNAT/2021/00026', '2021-04-22', 42, '2021-05-03', 3, 3, NULL, '2023-03-29 13:57:08', '2024-04-08 14:18:13');
INSERT INTO `designacion` VALUES (64, '000401', NULL, NULL, 162, 1, 1, 15, 15, 8, 5, 1, 3, 'Activo', 'SNAT/2021/00026', '2021-04-22', 42, '2021-05-03', 3, 3, NULL, '2023-03-29 13:58:43', '2023-12-18 09:42:24');
INSERT INTO `designacion` VALUES (65, '000403', NULL, NULL, 157, 1, 1, 15, 15, 8, 5, 1, 3, 'Activo', 'SNAT/2021/00026', '2021-04-22', 42, '2021-05-03', 3, 3, NULL, '2023-03-29 14:05:53', '2023-12-18 09:48:23');
INSERT INTO `designacion` VALUES (66, '000400', NULL, NULL, 159, 1, 1, 15, 15, 8, 5, 1, 3, 'Activo', 'SNAT/2021/00026', '2021-04-22', 42, '2021-05-03', 3, 3, NULL, '2023-03-29 14:07:23', '2023-12-08 13:58:07');
INSERT INTO `designacion` VALUES (67, '000402', NULL, NULL, 161, 1, 1, 15, 15, 8, 5, 1, 3, 'Activo', 'SNAT/2021/00026', '2021-04-22', 42, '2021-05-03', 3, 3, NULL, '2023-03-29 14:09:25', '2023-12-18 09:49:03');
INSERT INTO `designacion` VALUES (68, '000051', NULL, NULL, 152, 1, 1, 16, 15, 8, 5, 3, 4, 'Culminado', 'SNAT/2019/0006', '2019-01-03', 42, '2019-01-08', 3, 3, NULL, '2023-03-29 14:29:28', '2023-10-19 09:57:12');
INSERT INTO `designacion` VALUES (69, '000075', NULL, NULL, 57, 1, 1, 25, 17, 9, 5, 1, 4, 'Activo', 'SNAT/2019/0006', '2019-01-03', 42, '2019-01-08', 3, 3, NULL, '2023-03-30 11:05:55', '2023-12-08 13:22:40');
INSERT INTO `designacion` VALUES (70, '000487', NULL, NULL, 61, 1, 53, 25, 17, 9, 5, 4, 3, 'Activo', 'SNAT/2021/00026', '2021-04-22', 42, '2021-05-03', 3, 3, NULL, '2023-03-30 11:11:28', '2024-04-12 12:02:23');
INSERT INTO `designacion` VALUES (71, '000552', NULL, NULL, 117, 1, 1, 25, 17, 9, 5, 4, 3, 'Culminado', 'SNAT/2021/00026', '2021-04-22', 42, '2021-05-03', 3, 3, NULL, '2023-03-30 11:18:09', '2024-04-11 14:57:06');
INSERT INTO `designacion` VALUES (72, '000032', NULL, NULL, 63, 1, 1, 103, 17, 9, 5, 1, 3, 'Activo', 'SNAT/2021/00026', '2021-04-22', 42, '2021-05-03', 3, 3, NULL, '2023-03-30 11:20:29', '2023-12-07 11:40:45');
INSERT INTO `designacion` VALUES (73, '000311', NULL, NULL, 132, 1, 1, 103, 17, 9, 5, 1, 3, 'Activo', 'SNAT/2021/00026', '2021-04-22', 42, '2021-05-03', 3, 3, NULL, '2023-03-30 11:27:41', '2023-12-08 13:53:41');
INSERT INTO `designacion` VALUES (74, '002520', '2021-11-11', NULL, 71, 1, 1, 40, 13, 12, 5, 4, 2, 'Activo', '5.851', '2008-02-01', 39, '2008-02-01', 4, 4, NULL, '2023-03-30 11:33:18', '2023-03-30 11:33:18');
INSERT INTO `designacion` VALUES (75, '000265', NULL, NULL, 67, 1, 1, 25, 17, 9, 5, 4, 3, 'Culminado', 'SNAT/2021/00026', '2021-04-22', 42, '2021-05-03', 3, 3, NULL, '2023-03-30 11:35:32', '2024-04-12 09:56:10');
INSERT INTO `designacion` VALUES (76, '000266', NULL, NULL, 121, 1, 1, 25, 17, 9, 5, 1, 3, 'Activo', 'SNAT/2021/00026', '2021-04-22', 42, '2021-05-03', 3, 3, NULL, '2023-03-30 11:40:01', '2023-12-08 13:52:03');
INSERT INTO `designacion` VALUES (77, '001220', NULL, NULL, 28, 1, 1, 25, 17, 9, 5, 3, 3, 'Culminado', 'SNAT/2021/00026', '2021-04-22', 42, '2021-05-03', 3, 3, NULL, '2023-03-30 11:42:55', '2023-10-05 15:48:20');
INSERT INTO `designacion` VALUES (78, '000398', NULL, NULL, 72, 1, 1, 89, 13, 12, 5, 4, 3, 'Culminado', 'SNAT/2021/00026', '2021-04-22', 42, '2021-05-03', 4, 4, NULL, '2023-03-30 13:56:04', '2023-11-28 10:41:02');
INSERT INTO `designacion` VALUES (79, '000526', NULL, NULL, 74, 1, 1, 90, 13, 12, 5, 1, 6, 'Activo', 'SNAT/2016/0039', '2016-07-08', 41, '2016-07-26', 4, 4, NULL, '2023-03-30 14:00:54', '2023-12-08 10:36:56');
INSERT INTO `designacion` VALUES (80, '000399', NULL, NULL, 78, 1, 1, 44, 13, 12, 5, 1, 3, 'Activo', 'SNAT/2021/00026', '2021-04-22', 42, '2021-05-03', 4, 4, NULL, '2023-03-30 14:05:48', '2023-12-08 13:36:59');
INSERT INTO `designacion` VALUES (81, '000293', NULL, NULL, 184, 1, 1, 25, 17, 9, 5, 3, 1, 'Activo', 'SNAT/2022/000067', '2022-11-09', 42501, '2022-11-09', 3, 3, NULL, '2023-03-30 14:24:23', '2023-03-30 14:25:14');
INSERT INTO `designacion` VALUES (82, '000158', NULL, NULL, 6, 1, 1, 93, 13, 12, 5, 4, 3, 'Culminado', 'SNAT/2021/00026', '2021-04-22', 42, '2021-05-03', 4, 4, NULL, '2023-03-30 14:36:20', '2024-04-11 14:38:09');
INSERT INTO `designacion` VALUES (83, '000745', NULL, NULL, 79, 1, 1, 44, 13, 12, 5, 1, 3, 'Activo', 'SNAT/2021/00026', '2021-04-22', 42, '2021-05-03', 4, 4, NULL, '2023-03-30 14:38:14', '2023-12-18 10:31:00');
INSERT INTO `designacion` VALUES (84, '000746', NULL, NULL, 80, 1, 1, 44, 13, 12, 5, 1, 3, 'Activo', 'SNAT/2021/00026', '2021-04-22', 42, '2021-05-03', 4, 4, NULL, '2023-03-30 14:39:31', '2023-12-18 10:39:18');
INSERT INTO `designacion` VALUES (85, '000099', NULL, NULL, 109, 1, 1, 44, 13, 12, 5, 39, 1, 'Culminado', 'SNAT/2022/000067', '2022-11-09', 42501, '2022-11-09', 4, 4, NULL, '2023-03-30 14:45:16', '2024-06-30 13:20:02');
INSERT INTO `designacion` VALUES (86, '000528', NULL, NULL, 102, 1, 1, 94, 13, 12, 5, 4, 3, 'Culminado', 'SNAT/2021/00026', '2021-04-22', 42, '2021-05-03', 4, 4, NULL, '2023-03-30 14:47:59', '2024-04-11 11:53:30');
INSERT INTO `designacion` VALUES (87, '000752', NULL, NULL, 90, 1, 1, 94, 13, 12, 5, 1, 3, 'Activo', 'SNAT/2021/00026', '2021-04-22', 42, '2021-05-03', 4, 4, NULL, '2023-03-30 14:49:05', '2023-12-18 10:34:33');
INSERT INTO `designacion` VALUES (88, '000988', NULL, NULL, 101, 1, 1, 94, 13, 12, 5, 4, 3, 'Culminado', 'SNAT/2021/00026', '2021-04-22', 42, '2021-05-03', 4, 4, NULL, '2023-03-30 14:50:36', '2024-04-11 11:52:46');
INSERT INTO `designacion` VALUES (89, '000108', NULL, NULL, 209, 1, 1, 94, 13, 12, 5, 4, 1, 'Culminado', 'SNAT/2022/000067', '2022-11-09', 42501, '2022-11-09', 4, 4, NULL, '2023-03-30 15:12:48', '2024-04-11 14:46:14');
INSERT INTO `designacion` VALUES (90, '000982', NULL, NULL, 111, 1, 1, 106, 17, 9, 5, 4, 4, 'Culminado', 'SNAT/2019/0006', '2019-01-03', 42, '2019-01-08', 3, 3, NULL, '2023-03-30 15:13:21', '2024-04-11 14:54:45');
INSERT INTO `designacion` VALUES (91, '000531', NULL, NULL, 136, 1, 1, 65, 17, 9, 5, 1, 4, 'Activo', 'SNAT/2019/0006', '2019-01-03', 42, '2019-01-08', 3, 3, NULL, '2023-03-30 15:34:43', '2023-12-08 11:38:17');
INSERT INTO `designacion` VALUES (92, '000873', NULL, NULL, 133, 1, 1, 189, 17, 9, 5, 4, 4, 'Activo', 'SNAT/2019/0006', '2019-01-03', 42, '2019-01-08', 3, 3, NULL, '2023-03-30 15:45:53', '2024-04-11 13:20:44');
INSERT INTO `designacion` VALUES (93, '001338', NULL, NULL, 120, 1, 1, 103, 17, 9, 5, 1, 4, 'Activo', 'SNAT/2019/0006', '2019-01-03', 42, '2019-01-08', 3, 3, NULL, '2023-03-30 15:49:49', '2023-12-08 13:13:29');
INSERT INTO `designacion` VALUES (94, '000630', NULL, NULL, 124, 1, 1, 103, 17, 9, 5, 1, 4, 'Activo', 'SNAT/2019/0006', '2019-01-03', 42, '2019-01-08', 3, 3, NULL, '2023-03-31 09:31:59', '2023-12-08 11:39:28');
INSERT INTO `designacion` VALUES (95, '000755', NULL, NULL, 192, 1, 1, 114, 2, 6, 5, 4, 3, 'Culminado', 'SNAT/2021/00026', '2021-04-22', 42, '2021-05-03', 2, 2, NULL, '2023-03-31 09:34:37', '2024-04-11 11:24:57');
INSERT INTO `designacion` VALUES (96, '000757', NULL, NULL, 174, 1, 1, 31, 2, 6, 5, 1, 3, 'Activo', 'SNAT/2021/00026', '2021-04-22', 42, '2021-05-03', 2, 2, NULL, '2023-03-31 09:38:59', '2023-12-18 10:30:06');
INSERT INTO `designacion` VALUES (97, '000102', NULL, NULL, 94, 1, 1, 114, 2, 6, 5, 4, 1, 'Culminado', 'SNAT/2022/000067', '2022-11-09', 42501, '2022-11-09', 2, 2, NULL, '2023-03-31 09:58:42', '2024-04-11 14:23:55');
INSERT INTO `designacion` VALUES (98, '000761', NULL, NULL, 181, 1, 1, 114, 2, 6, 5, 1, 1, 'Activo', 'SNAT/2022/000067', '2022-11-09', 42501, '2022-11-09', 2, 2, NULL, '2023-03-31 10:01:27', '2023-12-18 10:40:35');
INSERT INTO `designacion` VALUES (99, '000924', NULL, NULL, 199, 1, 1, 45, 2, 6, 5, 3, 3, 'Culminado', 'SNAT/2021/00026', '2021-04-22', 42, '2021-05-03', 2, 2, NULL, '2023-03-31 10:07:44', '2023-08-24 09:36:08');
INSERT INTO `designacion` VALUES (100, '000765', NULL, NULL, 99, 1, 1, 31, 2, 6, 5, 4, 3, 'Culminado', 'SNAT/2021/00026', '2021-04-22', 42, '2021-05-03', 2, 2, NULL, '2023-03-31 10:09:37', '2024-04-12 10:12:46');
INSERT INTO `designacion` VALUES (101, '000901', NULL, NULL, 98, 1, 1, 32, 2, 6, 5, 4, 3, 'Culminado', 'SNAT/2021/00026', '2021-04-22', 42, '2021-05-03', 2, 2, NULL, '2023-03-31 10:11:05', '2024-04-12 10:41:19');
INSERT INTO `designacion` VALUES (102, '000786', NULL, NULL, 200, 1, 1, 32, 2, 6, 5, 1, 3, 'Activo', 'SNAT/2021/00026', '2021-04-22', 42, '2021-05-03', 2, 2, NULL, '2023-03-31 10:13:34', '2023-12-18 10:48:20');
INSERT INTO `designacion` VALUES (103, '000900', NULL, NULL, 172, 1, 1, 31, 2, 6, 5, 4, 3, 'Culminado', 'SNAT/2021/00026', '2021-04-22', 42, '2021-05-03', 2, 2, NULL, '2023-03-31 10:14:58', '2024-04-08 14:40:27');
INSERT INTO `designacion` VALUES (104, '000104', NULL, NULL, 135, 1, 1, 114, 2, 6, 5, 4, 1, 'Culminado', 'SNAT/2022/000067', '2022-11-09', 42501, '2022-11-09', 2, 2, NULL, '2023-03-31 10:16:59', '2024-04-11 13:33:04');
INSERT INTO `designacion` VALUES (105, '000824', NULL, NULL, 176, 1, 1, 114, 2, 6, 5, 4, 3, 'Culminado', 'SNAT/2021/00026', '2021-04-22', 42, '2021-05-03', 2, 2, NULL, '2023-03-31 10:19:18', '2024-04-11 14:52:53');
INSERT INTO `designacion` VALUES (106, '000762', NULL, NULL, 201, 1, 1, 114, 2, 6, 5, 1, 3, 'Activo', 'SNAT/2021/00026', '2021-04-22', 42, '2021-05-03', 2, 2, NULL, '2023-03-31 10:20:18', '2023-12-18 15:12:59');
INSERT INTO `designacion` VALUES (107, '000756', NULL, NULL, 187, 1, 1, 31, 2, 6, 5, 1, 3, 'Activo', 'SNAT/2021/00026', '2021-04-22', 42, '2021-05-03', 2, 2, NULL, '2023-03-31 10:22:00', '2023-12-18 10:35:31');
INSERT INTO `designacion` VALUES (108, '000105', NULL, NULL, 211, 1, 1, 114, 2, 6, 5, 1, 1, 'Activo', 'SNAT/2022/000067', '2022-11-09', 42501, '2022-11-09', 2, 2, NULL, '2023-03-31 10:23:33', '2023-12-18 12:59:09');
INSERT INTO `designacion` VALUES (109, '000770', NULL, NULL, 198, 1, 1, 32, 2, 6, 5, 1, 3, 'Activo', 'SNAT/2021/00026', '2021-04-22', 42, '2021-05-03', 2, 2, NULL, '2023-03-31 10:25:02', '2023-12-18 10:43:49');
INSERT INTO `designacion` VALUES (110, '000769', NULL, NULL, 202, 1, 1, 114, 2, 6, 5, 4, 3, 'Culminado', 'SNAT/2021/00026', '2021-04-22', 42, '2021-05-03', 2, 2, NULL, '2023-03-31 10:26:15', '2024-02-07 11:56:15');
INSERT INTO `designacion` VALUES (111, '000759', NULL, NULL, 96, 1, 1, 114, 2, 6, 5, 1, 3, 'Activo', 'SNAT/2021/00026', '2021-04-22', 42, '2021-05-03', 2, 2, NULL, '2023-03-31 10:27:47', '2023-12-18 10:42:21');
INSERT INTO `designacion` VALUES (112, '000100', NULL, NULL, 253, 1, 1, 114, 2, 6, 5, 1, 1, 'Activo', 'SNAT/2022/000067', '2022-11-09', 42501, '2022-11-09', 2, 2, NULL, '2023-03-31 10:29:01', '2023-12-18 12:00:59');
INSERT INTO `designacion` VALUES (113, '000185', NULL, NULL, 93, 1, 1, 114, 2, 6, 5, 1, 1, 'Activo', 'SNAT/2022/000067', '2022-11-09', 42501, '2022-11-09', 2, 2, NULL, '2023-03-31 10:30:24', '2023-12-18 13:09:01');
INSERT INTO `designacion` VALUES (114, '000103', NULL, NULL, 130, 1, 1, 114, 2, 6, 5, 4, 1, 'Culminado', 'SNAT/2022/000067', '2022-11-09', 42501, '2022-11-09', 2, 2, NULL, '2023-03-31 10:33:00', '2024-04-12 09:49:11');
INSERT INTO `designacion` VALUES (115, '001288', NULL, NULL, 206, 1, 1, 87, 7, 7, 5, 4, 1, 'Culminado', 'SNAT/2022/000067', '2022-11-09', 42501, '2022-11-09', 4, 4, NULL, '2023-04-03 09:05:51', '2024-04-11 11:47:54');
INSERT INTO `designacion` VALUES (116, '000999', NULL, NULL, 10, 1, 1, 28, 14, 10, 5, 1, 4, 'Activo', 'SNAT/2019/0006', '2019-01-03', 42, '2019-01-08', 3, 3, NULL, '2023-04-03 09:11:25', '2023-12-07 10:37:09');
INSERT INTO `designacion` VALUES (117, '001289', NULL, NULL, 204, 1, 1, 116, 7, 7, 5, 1, 1, 'Activo', 'SNAT/2022/000067', '2022-11-09', 42501, '2022-11-09', 4, 4, NULL, '2023-04-03 09:12:19', '2023-12-18 11:44:15');
INSERT INTO `designacion` VALUES (118, '000444', '2020-02-17', NULL, 203, 1, 1, 35, 7, 7, 5, 4, 2, 'Activo', '5.851', '2008-02-01', 39, '2008-02-01', 4, 4, NULL, '2023-04-03 09:14:39', '2023-04-03 09:14:39');
INSERT INTO `designacion` VALUES (119, '001172', NULL, NULL, 12, 1, 1, 28, 14, 10, 5, 4, 4, 'Culminado', 'SNAT/2019/0006', '2019-01-03', 42, '2019-01-08', 3, 3, NULL, '2023-04-03 09:17:15', '2024-04-11 14:45:21');
INSERT INTO `designacion` VALUES (120, '000112', NULL, NULL, 17, 1, 1, 28, 14, 10, 5, 1, 4, 'Activo', 'SNAT/2019/0006', '2019-01-03', 42, '2019-01-08', 3, 3, NULL, '2023-04-03 09:21:16', '2023-12-07 09:03:33');
INSERT INTO `designacion` VALUES (121, '001092', NULL, NULL, 75, 1, 1, 28, 14, 10, 5, 1, 4, 'Activo', 'SNAT/2019/0006', '2019-01-03', 42, '2019-01-08', 3, 3, NULL, '2023-04-03 09:23:22', '2023-04-10 12:44:16');
INSERT INTO `designacion` VALUES (122, '000389', NULL, NULL, 151, 4, 4, 117, 27, 4, 5, 1, 3, 'Activo', 'SNAT/2021/00026', '2021-04-22', 42, '2021-05-03', 4, 4, NULL, '2023-04-04 09:30:36', '2023-12-08 13:54:32');
INSERT INTO `designacion` VALUES (123, '000101', NULL, NULL, 2, 1, 1, 114, 2, 6, 5, 39, 1, 'Culminado', 'SNAT/2022/000067', '2022-11-09', 42501, '2022-11-09', 2, 2, NULL, '2023-04-04 09:32:56', '2024-06-30 12:55:00');
INSERT INTO `designacion` VALUES (124, '001096', NULL, NULL, 137, 3, 4, 118, 20, 4, 5, 1, 2, 'Activo', '5.851', '2008-02-01', 39, '2008-02-01', 4, 4, NULL, '2023-04-10 09:46:28', '2023-04-25 10:20:08');
INSERT INTO `designacion` VALUES (125, '000336', NULL, NULL, 147, 4, 4, 120, 26, 10, 5, 1, 1, 'Activo', 'SNAT/2022/000067', '2022-11-09', 42501, '2022-11-09', 4, 4, NULL, '2023-04-10 10:40:03', '2023-12-18 13:22:09');
INSERT INTO `designacion` VALUES (126, '', NULL, NULL, 148, 4, 4, 117, 27, 18, 5, 1, 4, 'Activo', 'SNAT/2019/0006', '2019-01-03', 42, '2019-01-08', 4, 4, NULL, '2023-04-10 11:23:13', '2023-12-18 13:24:01');
INSERT INTO `designacion` VALUES (127, '000145', NULL, NULL, 146, 4, 4, 117, 27, 4, 5, 1, 1, 'Activo', 'SNAT/2022/000067', '2022-11-09', 42501, '2022-11-09', 4, 4, NULL, '2023-04-10 11:24:19', '2023-12-18 13:07:22');
INSERT INTO `designacion` VALUES (128, '000260', NULL, NULL, 149, 4, 4, 171, 27, 18, 5, 1, 1, 'Activo', 'SNAT/2022/000067', '2022-11-09', 42501, '2022-11-09', 4, 4, NULL, '2023-04-10 11:33:57', '2023-12-18 13:14:25');
INSERT INTO `designacion` VALUES (129, '001345', NULL, NULL, 150, 4, 4, 117, 27, 18, 5, 1, 4, 'Activo', 'SNAT/2019/0006', '2019-01-03', 42, '2019-01-08', 4, 4, NULL, '2023-04-10 11:36:10', '2023-12-18 13:22:55');
INSERT INTO `designacion` VALUES (130, '001038', NULL, NULL, 154, 4, 4, 121, 24, 20, 5, 1, 3, 'Activo', 'SNAT/2021/00026', '2021-04-22', 42, '2021-05-03', 4, 4, NULL, '2023-04-10 14:37:19', '2023-12-18 11:39:21');
INSERT INTO `designacion` VALUES (131, '000034', NULL, NULL, 156, 4, 4, 121, 24, 20, 5, 1, 4, 'Activo', 'SNAT/2019/0006', '2019-01-03', 42, '2019-01-08', 4, 4, NULL, '2023-04-10 14:39:44', '2023-12-08 13:18:07');
INSERT INTO `designacion` VALUES (132, '001032', NULL, NULL, 138, 4, 4, 148, 28, 22, 5, 1, 3, 'Culminado', 'SNAT/2021/00026', '2021-04-22', 42, '2021-05-03', 4, 4, NULL, '2023-04-10 14:52:16', '2024-07-16 10:14:56');
INSERT INTO `designacion` VALUES (133, '000386', NULL, NULL, 140, 4, 4, 148, 28, 22, 5, 1, 3, 'Activo', 'SNAT/2021/00026', '2021-04-22', 42, '2021-05-03', 4, 4, NULL, '2023-04-10 14:53:33', '2023-12-08 13:55:31');
INSERT INTO `designacion` VALUES (134, '000146', NULL, NULL, 167, 4, 4, 119, 29, 23, 5, 1, 1, 'Activo', 'SNAT/2022/000067', '2022-11-09', 42501, '2022-11-09', 4, 4, NULL, '2023-04-10 15:05:26', '2023-12-18 13:06:29');
INSERT INTO `designacion` VALUES (135, '001040', NULL, NULL, 166, 4, 4, 120, 26, 24, 5, 1, 3, 'Activo', 'SNAT/2021/00026', '2021-04-22', 42, '2021-05-03', 4, 4, NULL, '2023-04-10 15:09:50', '2023-12-18 11:41:39');
INSERT INTO `designacion` VALUES (136, '000288', NULL, NULL, 139, 4, 4, 117, 27, 18, 5, 1, 1, 'Activo', 'SNAT/2022/000067', '2022-11-09', 42501, '2022-11-09', 4, 4, NULL, '2023-04-10 15:12:32', '2023-12-18 13:20:25');
INSERT INTO `designacion` VALUES (137, '000144', NULL, NULL, 160, 4, 4, 117, 27, 18, 5, 1, 1, 'Activo', 'SNAT/2022/000067', '2022-11-09', 42501, '2022-11-09', 4, 4, NULL, '2023-04-10 15:17:12', '2023-12-18 13:08:02');
INSERT INTO `designacion` VALUES (138, '000261', NULL, NULL, 158, 4, 4, 123, 24, 20, 5, 1, 1, 'Activo', 'SNAT/2022/000067', '2022-11-09', 42501, '2022-11-09', 4, 4, NULL, '2023-04-10 15:21:02', '2023-12-18 13:15:04');
INSERT INTO `designacion` VALUES (139, '001270', NULL, NULL, 13, 1, 1, 28, 14, 10, 5, 1, 4, 'Activo', 'SNAT/2019/0006', '2019-01-03', 42, '2019-01-08', 3, 3, NULL, '2023-04-10 15:53:39', '2023-12-08 12:02:49');
INSERT INTO `designacion` VALUES (140, '000006', NULL, NULL, 186, 5, 2, 29, 31, 27, 5, 1, 4, 'Culminado', 'SNAT/2019/0006', '2019-01-03', 42, '2019-01-08', 4, 4, NULL, '2023-04-25 14:08:08', '2024-07-16 10:18:21');
INSERT INTO `designacion` VALUES (141, '000461', NULL, NULL, 182, 5, 2, 29, 31, 27, 5, 1, 1, 'Activo', 'SNAT/2022/000067', '2022-11-09', 42501, '2022-11-09', 4, 4, NULL, '2023-04-25 14:09:54', '2023-12-18 13:32:50');
INSERT INTO `designacion` VALUES (142, '000722', NULL, NULL, 180, 5, 2, 29, 31, 27, 5, 1, 3, 'Jubilado', 'SNAT/2021/00026', '2021-04-22', 42, '2021-05-03', 4, 4, NULL, '2023-04-25 14:12:29', '2024-07-16 10:39:48');
INSERT INTO `designacion` VALUES (143, '000039', NULL, NULL, 190, 5, 2, 29, 31, 27, 5, 1, 5, 'Activo', 'SNAT/2017/0040', '2017-08-07', 41, '2017-08-18', 4, 4, NULL, '2023-04-25 14:13:53', '2023-12-08 10:37:55');
INSERT INTO `designacion` VALUES (144, '000796', NULL, NULL, 191, 5, 2, 29, 31, 27, 5, 1, 3, 'Culminado', 'SNAT/2021/00026', '2021-04-22', 42, '2021-05-03', 4, 4, NULL, '2023-04-25 14:19:14', '2024-07-16 10:41:30');
INSERT INTO `designacion` VALUES (145, '000804', NULL, NULL, 266, 5, 2, 29, 31, 27, 5, 1, 3, 'Activo', 'SNAT/2021/00026', '2021-04-22', 42, '2021-05-03', 4, 4, NULL, '2023-04-25 14:22:08', '2023-12-18 11:03:40');
INSERT INTO `designacion` VALUES (146, '000798', NULL, NULL, 188, 5, 2, 117, 31, 27, 5, 1, 3, 'Culminado', 'SNAT/2021/00026', '2021-04-22', 42, '2021-05-03', 4, 4, NULL, '2023-04-25 14:24:18', '2023-11-09 14:31:04');
INSERT INTO `designacion` VALUES (147, '000812', NULL, NULL, 268, 5, 2, 29, 31, 27, 5, 1, 3, 'Activo', 'SNAT/2021/00026', '2021-04-22', 42, '2021-05-03', 4, 4, NULL, '2023-04-25 14:31:08', '2023-12-18 11:04:26');
INSERT INTO `designacion` VALUES (148, '000007', NULL, NULL, 265, 5, 2, 29, 31, 27, 5, 1, 4, 'Activo', 'SNAT/2019/0006', '2019-01-03', 42, '2019-01-08', 4, 4, NULL, '2023-04-25 14:34:10', '2023-12-08 13:15:29');
INSERT INTO `designacion` VALUES (149, '000392', NULL, NULL, 183, 5, 2, 29, 31, 27, 5, 1, 7, 'Culminado', 'N°0099', '2010-12-29', 39583, '2010-12-29', 4, 4, NULL, '2023-04-25 14:39:20', '2024-07-16 10:40:48');
INSERT INTO `designacion` VALUES (150, '000794', NULL, NULL, 197, 5, 2, 124, 32, 28, 5, 1, 3, 'Activo', 'SNAT/2021/00026', '2021-04-22', 42, '2021-05-03', 4, 4, NULL, '2023-04-25 14:41:51', '2023-12-18 10:46:49');
INSERT INTO `designacion` VALUES (151, '000799', NULL, NULL, 272, 5, 2, 124, 32, 28, 5, 1, 3, 'Activo', 'SNAT/2021/00026', '2021-04-22', 42, '2021-05-03', 4, 4, NULL, '2023-04-25 14:44:40', '2023-12-18 11:09:10');
INSERT INTO `designacion` VALUES (152, '000800', NULL, NULL, 193, 5, 2, 124, 32, 28, 5, 1, 3, 'Activo', 'SNAT/2021/00026', '2021-04-22', 42, '2021-05-03', 4, 4, NULL, '2023-04-25 14:49:17', '2023-12-18 10:59:23');
INSERT INTO `designacion` VALUES (153, '000468', NULL, NULL, 177, 5, 2, 124, 32, 28, 5, 1, 1, 'Activo', 'SNAT/2022/000067', '2022-11-09', 42501, '2022-11-09', 4, 4, NULL, '2023-04-25 14:51:21', '2023-12-18 13:29:37');
INSERT INTO `designacion` VALUES (154, '000810', NULL, NULL, 185, 5, 2, 155, 33, 29, 5, 1, 3, 'Activo', 'SNAT/2021/00026', '2021-04-22', 42, '2021-05-03', 4, 4, NULL, '2023-04-25 15:00:27', '2023-12-18 10:49:21');
INSERT INTO `designacion` VALUES (155, '000805', NULL, NULL, 196, 5, 2, 134, 34, 30, 5, 1, 3, 'Activo', 'SNAT/2021/00026', '2021-04-22', 42, '2021-05-03', 4, 4, NULL, '2023-04-25 15:07:04', '2023-12-18 11:05:32');
INSERT INTO `designacion` VALUES (156, '000806', NULL, NULL, 195, 5, 2, 134, 34, 30, 5, 1, 3, 'Activo', 'SNAT/2021/00026', '2021-04-22', 42, '2021-05-03', 4, 4, NULL, '2023-04-25 15:08:17', '2023-12-18 11:01:37');
INSERT INTO `designacion` VALUES (157, '001012', NULL, NULL, 129, 3, 14, 135, 35, 31, 5, 1, 4, 'Activo', 'SNAT/2019/0006', '2019-01-03', 42, '2019-01-08', 2, 2, NULL, '2023-04-26 09:34:32', '2023-12-08 10:07:28');
INSERT INTO `designacion` VALUES (158, '000284', NULL, NULL, 73, 3, 14, 129, 36, 14, 5, 1, 7, 'Activo', 'N°0099', '2010-12-29', 39583, '2010-12-29', 2, 2, NULL, '2023-04-26 10:02:56', '2023-12-08 10:05:59');
INSERT INTO `designacion` VALUES (159, '000684', NULL, NULL, 113, 3, 14, 125, 37, 14, 5, 1, 3, 'Culminado', 'SNAT/2021/00026', '2021-04-22', 42, '2021-05-03', 2, 2, NULL, '2023-04-26 10:10:11', '2024-07-28 13:17:34');
INSERT INTO `designacion` VALUES (160, '001027', NULL, NULL, 114, 3, 14, 125, 37, 14, 5, 1, 3, 'Activo', 'SNAT/2021/00026', '2021-04-22', 42, '2021-05-03', 2, 2, NULL, '2023-04-26 10:14:32', '2023-12-08 09:14:24');
INSERT INTO `designacion` VALUES (161, '000670', NULL, NULL, 115, 3, 14, 170, 58, 14, 5, 1, 3, 'Activo', 'SNAT/2021/00026', '2021-04-22', 42, '2021-05-03', 2, 2, NULL, '2023-04-26 10:24:03', '2023-12-08 09:11:12');
INSERT INTO `designacion` VALUES (162, '001035', NULL, NULL, 118, 3, 14, 167, 58, 14, 5, 1, 3, 'Activo', 'SNAT/2021/00026', '2021-04-22', 42, '2021-05-03', 2, 2, NULL, '2023-04-26 10:29:22', '2023-12-07 13:16:03');
INSERT INTO `designacion` VALUES (163, '001052', NULL, NULL, 107, 3, 14, 135, 35, 14, 5, 1, 3, 'Activo', 'SNAT/2021/00026', '2021-04-22', 42, '2021-05-03', 2, 2, NULL, '2023-04-26 10:31:47', '2023-12-08 09:03:24');
INSERT INTO `designacion` VALUES (164, '192', NULL, NULL, 69, 3, 14, 129, 36, 14, 5, 1, 3, 'Activo', 'SNAT/2021/00026', '2021-04-22', 42, '2021-05-03', 2, 2, NULL, '2023-04-26 10:40:26', '2023-12-08 08:56:34');
INSERT INTO `designacion` VALUES (165, '000150', NULL, NULL, 122, 3, 14, 167, 58, 14, 5, 1, 1, 'Activo', 'SNAT/2022/000067', '2022-11-09', 42501, '2022-11-09', 2, 2, NULL, '2023-04-26 10:45:33', '2023-12-07 11:50:52');
INSERT INTO `designacion` VALUES (166, '000668', NULL, NULL, 127, 3, 14, 125, 37, 14, 14, 1, 3, 'Activo', 'SNAT/2021/00026', '2021-04-22', 42, '2021-05-03', 2, 2, NULL, '2023-04-26 10:49:09', '2023-12-07 11:48:57');
INSERT INTO `designacion` VALUES (167, '000053', NULL, NULL, 77, 3, 14, 125, 37, 14, 5, 1, 1, 'Activo', 'SNAT/2022/000067', '2022-11-09', 42501, '2022-11-09', 2, 2, NULL, '2023-04-26 10:53:19', '2023-12-07 11:47:54');
INSERT INTO `designacion` VALUES (168, '000148', NULL, NULL, 116, 3, 14, 125, 37, 14, 5, 1, 1, 'Activo', 'SNAT/2022/000067', '2022-11-09', 42501, '2022-11-09', 2, 2, NULL, '2023-04-26 11:00:42', '2023-12-07 11:46:33');
INSERT INTO `designacion` VALUES (169, '001067', NULL, NULL, 85, 3, 14, 125, 37, 14, 5, 1, 3, 'Activo', 'SNAT/2021/00026', '2021-04-22', 42, '2021-05-03', 2, 2, NULL, '2023-04-26 11:02:23', '2023-12-07 11:44:59');
INSERT INTO `designacion` VALUES (170, '000782', NULL, NULL, 70, 3, 14, 129, 36, 14, 5, 1, 3, 'Activo', 'SNAT/2021/00026', '2021-04-22', 42, '2021-05-03', 2, 2, NULL, '2023-04-26 11:06:35', '2023-12-07 11:43:23');
INSERT INTO `designacion` VALUES (171, '000663', NULL, NULL, 87, 3, 14, 135, 35, 14, 5, 1, 3, 'Activo', 'SNAT/2021/00026', '2021-04-22', 42, '2021-05-03', 2, 2, NULL, '2023-04-26 11:09:04', '2023-12-07 11:41:56');
INSERT INTO `designacion` VALUES (172, '000149', NULL, NULL, 81, 3, 14, 136, 56, 14, 5, 1, 3, 'Activo', 'SNAT/2021/00026', '2021-04-22', 42, '2021-05-03', 2, 2, NULL, '2023-04-26 11:12:08', '2023-12-07 11:37:19');
INSERT INTO `designacion` VALUES (173, '000054', NULL, NULL, 82, 3, 14, 137, 13, 14, 5, 2, 1, 'Activo', 'SNAT/2022/000067', '2022-11-09', 42501, '2022-11-09', 2, 2, NULL, '2023-04-26 14:03:55', '2023-04-26 14:31:47');
INSERT INTO `designacion` VALUES (174, '000460', NULL, NULL, 274, 5, 2, 41, 30, 25, 5, 1, 1, 'Activo', 'SNAT/2022/000067', '2022-11-09', 42501, '2022-11-09', 4, 4, NULL, '2023-04-26 14:06:36', '2023-12-18 13:37:19');
INSERT INTO `designacion` VALUES (175, '000321', NULL, NULL, 103, 3, 14, 135, 35, 14, 5, 1, 1, 'Activo', 'SNAT/2022/000067', '2022-11-09', 42501, '2022-11-09', 2, 2, NULL, '2023-04-26 14:06:59', '2023-12-07 11:14:12');
INSERT INTO `designacion` VALUES (176, '000296', NULL, NULL, 95, 3, 14, 136, 56, 14, 5, 1, 1, 'Activo', 'SNAT/2022/000067', '2022-11-09', 42501, '2022-11-09', 2, 2, NULL, '2023-04-26 14:10:47', '2023-12-07 11:13:07');
INSERT INTO `designacion` VALUES (177, '000683', NULL, NULL, 86, 3, 14, 125, 2, 6, 5, 2, 3, 'Activo', 'SNAT/2021/00026', '2021-04-22', 42, '2021-05-03', 2, 2, NULL, '2023-04-26 14:20:52', '2023-04-26 14:30:00');
INSERT INTO `designacion` VALUES (178, '000817', NULL, NULL, 88, 3, 14, 135, 35, 9, 5, 1, 3, 'Activo', 'SNAT/2021/00026', '2021-04-22', 42, '2021-05-03', 2, 2, NULL, '2023-04-26 14:27:50', '2023-12-18 10:58:12');
INSERT INTO `designacion` VALUES (179, '000459', NULL, NULL, 276, 5, 2, 141, 38, 2, 5, 4, 1, 'Culminado', 'SNAT/2022/000067', '2022-11-09', 42501, '2022-11-09', 4, 4, NULL, '2023-04-26 14:29:43', '2023-11-09 14:23:30');
INSERT INTO `designacion` VALUES (180, '000469', NULL, NULL, 277, 5, 2, 124, 32, 28, 5, 1, 1, 'Activo', 'SNAT/2022/000067', '2022-11-09', 42501, '2022-11-09', 4, 4, NULL, '2023-04-26 14:31:05', '2023-12-18 13:36:34');
INSERT INTO `designacion` VALUES (181, '000465', NULL, NULL, 267, 5, 2, 41, 30, 25, 5, 1, 1, 'Activo', 'SNAT/2022/000067', '2022-11-09', 42501, '2022-11-09', 4, 4, NULL, '2023-04-26 14:33:10', '2023-12-18 13:32:03');
INSERT INTO `designacion` VALUES (182, '000466', NULL, NULL, 264, 5, 2, 41, 30, 25, 5, 1, 1, 'Activo', 'SNAT/2022/000067', '2022-11-09', 42501, '2022-11-09', 4, 4, NULL, '2023-04-26 14:36:44', '2023-12-18 13:31:21');
INSERT INTO `designacion` VALUES (183, '000464', NULL, NULL, 270, 5, 2, 41, 30, 25, 5, 1, 1, 'Activo', 'SNAT/2022/000067', '2022-11-09', 42501, '2022-11-09', 4, 4, NULL, '2023-04-26 14:40:09', '2023-12-18 13:28:50');
INSERT INTO `designacion` VALUES (184, '000467', NULL, NULL, 278, 5, 2, 41, 30, 25, 5, 1, 1, 'Activo', 'SNAT/2022/000067', '2022-11-09', 42501, '2022-11-09', 4, 4, NULL, '2023-04-26 14:41:53', '2023-12-18 13:27:07');
INSERT INTO `designacion` VALUES (185, '000462', NULL, NULL, 269, 5, 2, 168, 30, 25, 5, 1, 1, 'Activo', 'SNAT/2022/000067', '2022-11-09', 42501, '2022-11-09', 4, 4, NULL, '2023-04-26 15:02:33', '2023-12-18 13:27:54');
INSERT INTO `designacion` VALUES (186, '000801', NULL, NULL, 273, 5, 2, 124, 32, 28, 5, 1, 3, 'Activo', 'SNAT/2021/00026', '2021-04-22', 42, '2021-05-03', 4, 4, NULL, '2023-04-26 15:05:52', '2023-12-18 13:43:42');
INSERT INTO `designacion` VALUES (187, '000809', NULL, NULL, 271, 5, 2, 168, 30, 25, 5, 1, 3, 'Activo', 'SNAT/2021/00026', '2021-04-22', 42, '2021-05-03', 4, 4, NULL, '2023-04-26 15:10:07', '2023-12-18 11:00:08');
INSERT INTO `designacion` VALUES (188, '000879', NULL, NULL, 128, 3, 14, 140, 58, 12, 5, 1, 3, 'Activo', 'SNAT/2021/00026', '2021-04-22', 42, '2021-05-03', 2, 2, NULL, '2023-04-27 09:29:03', '2023-12-18 11:20:52');
INSERT INTO `designacion` VALUES (189, '000147', NULL, NULL, 287, 3, 14, 125, 37, 6, 5, 1, 1, 'Activo', 'SNAT/2022/000067', '2022-11-09', 42501, '2022-11-09', 2, 2, NULL, '2023-04-27 10:17:43', '2023-12-18 13:05:33');
INSERT INTO `designacion` VALUES (190, '002451', NULL, NULL, 282, 3, 14, 142, 39, 14, 5, 4, 2, 'Culminado', '5.851', '2008-02-01', 39, '2008-02-01', 2, 2, NULL, '2023-04-27 10:31:24', '2024-04-11 15:42:56');
INSERT INTO `designacion` VALUES (191, '000833', NULL, NULL, 262, 2, 3, 194, 49, 5, 5, 4, 3, 'Activo', 'SNAT/2021/00026', '2021-04-22', 42, '2021-05-03', 3, 3, NULL, '2023-05-02 09:39:50', '2024-04-16 10:35:48');
INSERT INTO `designacion` VALUES (192, '001010', NULL, NULL, 299, 2, 3, 78, 40, 3, 5, 1, 3, 'Activo', 'SNAT/2021/00026', '2021-04-22', 42, '2021-05-03', 3, 3, NULL, '2023-05-02 10:05:03', '2023-12-08 09:59:48');
INSERT INTO `designacion` VALUES (193, '000414', NULL, NULL, 280, 2, 3, 145, 43, 3, 5, 1, 3, 'Activo', 'SNAT/2021/00026', '2021-04-22', 42, '2021-05-03', 3, 3, NULL, '2023-05-02 15:42:24', '2023-12-08 13:38:03');
INSERT INTO `designacion` VALUES (194, '000335', NULL, NULL, 283, 2, 3, 145, 43, 3, 5, 1, 5, 'Activo', 'SNAT/2017/0040', '2017-08-07', 41, '2017-08-18', 3, 3, NULL, '2023-05-02 15:50:33', '2023-12-08 11:04:29');
INSERT INTO `designacion` VALUES (195, '000835', NULL, NULL, 279, 2, 3, 145, 43, 3, 5, 1, 3, 'Activo', 'SNAT/2021/00026', '2021-04-22', 42, '2021-05-03', 3, 3, NULL, '2023-05-02 15:55:09', '2023-12-18 11:10:56');
INSERT INTO `designacion` VALUES (196, '000151', NULL, NULL, 298, 2, 3, 145, 43, 3, 5, 1, 3, 'Activo', 'SNAT/2021/00026', '2021-04-22', 42, '2021-05-03', 3, 3, NULL, '2023-05-02 15:57:24', '2023-12-08 09:20:26');
INSERT INTO `designacion` VALUES (197, '000153', NULL, NULL, 296, 2, 3, 158, 49, 3, 5, 1, 1, 'Activo', 'SNAT/2022/000067', '2022-11-09', 42501, '2022-11-09', 3, 3, NULL, '2023-05-02 16:00:29', '2023-12-18 13:01:59');
INSERT INTO `designacion` VALUES (198, '000330', NULL, NULL, 285, 2, 3, 145, 43, 3, 5, 1, 4, 'Activo', 'SNAT/2019/0006', '2019-01-03', 42, '2019-01-08', 3, 3, NULL, '2023-05-02 16:05:18', '2023-12-08 11:31:03');
INSERT INTO `designacion` VALUES (199, '000152', NULL, NULL, 297, 2, 3, 145, 43, 3, 5, 1, 1, 'Activo', 'SNAT/2022/000067', '2022-11-09', 42501, '2022-11-09', 3, 3, NULL, '2023-05-02 16:08:57', '2023-12-18 13:03:25');
INSERT INTO `designacion` VALUES (200, '000145', NULL, NULL, 263, 2, 3, 145, 43, 3, 5, 1, 3, 'Activo', 'SNAT/2021/00026', '2021-04-22', 42, '2021-05-03', 3, 3, NULL, '2023-05-03 11:07:04', '2023-12-08 13:50:11');
INSERT INTO `designacion` VALUES (201, '001393', NULL, NULL, 281, 2, 3, 145, 43, 3, 5, 1, 6, 'Activo', 'SNAT/2016/0039', '2016-07-08', 41, '2016-07-26', 3, 3, NULL, '2023-05-03 11:20:29', '2023-12-08 10:34:01');
INSERT INTO `designacion` VALUES (202, '000416', NULL, NULL, 259, 2, 3, 149, 44, 3, 5, 1, 3, 'Activo', 'SNAT/2021/00026', '2021-04-22', 42, '2021-05-03', 3, 3, NULL, '2023-05-03 11:28:54', '2023-12-08 13:38:49');
INSERT INTO `designacion` VALUES (203, '000660', NULL, NULL, 257, 2, 3, 149, 44, 3, 5, 1, 3, 'Activo', 'SNAT/2021/00026', '2021-04-22', 42, '2021-05-03', 3, 3, NULL, '2023-05-03 11:36:05', '2023-12-18 09:19:16');
INSERT INTO `designacion` VALUES (204, '000329', NULL, NULL, 261, 2, 3, 149, 44, 3, 5, 1, 4, 'Activo', 'SNAT/2019/0006', '2019-01-03', 42, '2019-01-08', 3, 3, NULL, '2023-05-03 11:39:09', '2023-12-08 11:32:07');
INSERT INTO `designacion` VALUES (205, '000428', NULL, NULL, 255, 2, 3, 150, 45, 3, 5, 1, 3, 'Activo', 'SNAT/2021/00026', '2021-04-22', 42, '2021-05-03', 3, 3, NULL, '2023-05-03 11:43:38', '2023-12-08 13:40:11');
INSERT INTO `designacion` VALUES (206, '001304', NULL, NULL, 258, 2, 3, 48, 45, 3, 5, 1, 4, 'Activo', 'SNAT/2019/0006', '2019-01-03', 42, '2019-01-08', 3, 3, NULL, '2023-05-03 11:46:20', '2023-12-08 13:12:34');
INSERT INTO `designacion` VALUES (207, '000269', NULL, NULL, 256, 2, 3, 150, 45, 3, 5, 1, 5, 'Activo', 'SNAT/2017/0040', '2017-08-07', 41, '2017-08-18', 3, 3, NULL, '2023-05-03 12:03:09', '2023-12-08 10:51:51');
INSERT INTO `designacion` VALUES (208, '001308', NULL, NULL, 288, 2, 3, 150, 45, 3, 5, 1, 4, 'Activo', 'SNAT/2019/0006', '2019-01-03', 42, '2019-01-08', 3, 3, NULL, '2023-05-03 12:06:30', '2023-12-08 13:16:14');
INSERT INTO `designacion` VALUES (209, '000109', NULL, NULL, 291, 2, 3, 153, 46, 3, 5, 1, 3, 'Activo', 'SNAT/2021/00026', '2021-04-22', 42, '2021-05-03', 3, 3, NULL, '2023-05-03 12:19:05', '2023-12-08 13:48:17');
INSERT INTO `designacion` VALUES (210, '000289', NULL, NULL, 301, 2, 3, 153, 46, 3, 5, 1, 1, 'Activo', 'SNAT/2022/000067', '2022-11-09', 42501, '2022-11-09', 3, 3, NULL, '2023-05-03 12:20:26', '2023-12-18 13:21:17');
INSERT INTO `designacion` VALUES (211, '001307', NULL, NULL, 290, 2, 3, 156, 47, 3, 5, 1, 4, 'Activo', 'SNAT/2019/0006', '2019-01-03', 42, '2019-01-08', 3, 3, NULL, '2023-05-04 09:04:51', '2023-12-08 13:11:12');
INSERT INTO `designacion` VALUES (212, '000118', NULL, NULL, 292, 2, 3, 153, 46, 3, 5, 1, 4, 'Culminado', 'SNAT/2019/0006', '2019-01-03', 42, '2019-01-08', 3, 3, NULL, '2023-05-04 09:10:02', '2024-07-28 14:26:33');
INSERT INTO `designacion` VALUES (213, '001306', NULL, NULL, 289, 2, 3, 156, 47, 3, 5, 1, 4, 'Activo', 'SNAT/2019/0006', '2019-01-03', 42, '2019-01-08', 3, 3, NULL, '2023-05-04 09:13:32', '2023-12-08 13:11:40');
INSERT INTO `designacion` VALUES (214, '003751', NULL, NULL, 300, 2, 3, 158, 49, 1, 5, 1, 2, 'Activo', '5.851', '2008-02-01', 39, '2008-02-01', 3, 3, NULL, '2023-05-04 09:54:16', '2023-05-11 08:22:13');
INSERT INTO `designacion` VALUES (215, '000803', NULL, NULL, 275, 5, 2, 124, 32, 28, 5, 1, 3, 'Activo', 'SNAT/2021/00026', '2021-04-22', 42, '2021-05-03', 4, 4, NULL, '2023-05-17 09:25:33', '2023-12-18 10:47:28');
INSERT INTO `designacion` VALUES (216, '001898', NULL, NULL, 175, 5, 2, 159, 50, 2, 56, 1, 2, 'Culminado', '5.851', '2008-02-01', 39, '2008-02-01', 4, 4, NULL, '2023-05-17 09:35:40', '2025-07-08 11:35:10');
INSERT INTO `designacion` VALUES (217, '000534', NULL, NULL, 284, 2, 3, 145, 43, 3, 5, 1, 4, 'Activo', 'SNAT/2019/0006', '2019-01-03', 42, '2019-01-08', 3, 3, NULL, '2023-05-17 10:40:15', '2023-12-08 11:37:23');
INSERT INTO `designacion` VALUES (218, '001091', NULL, NULL, 286, 2, 3, 145, 43, 3, 5, 1, 4, 'Activo', 'SNAT/2019/0006', '2019-01-03', 42, '2019-01-08', 3, 3, NULL, '2023-05-17 10:59:45', '2023-12-08 11:42:55');
INSERT INTO `designacion` VALUES (219, '00289', NULL, NULL, 260, 2, 3, 149, 44, 3, 5, 1, 5, 'Activo', 'SNAT/2017/0040', '2017-08-07', 41, '2017-08-18', 3, 3, NULL, '2023-05-17 11:19:19', '2023-12-08 10:47:40');
INSERT INTO `designacion` VALUES (220, '000559', '2018-08-22', NULL, 123, 3, 14, 161, 39, 14, 5, 2, 5, 'Activo', 'SNAT/2017/0040', '2017-08-07', 41, '2017-08-18', 2, 2, NULL, '2023-05-18 09:26:50', '2023-05-18 09:26:50');
INSERT INTO `designacion` VALUES (221, '000933', NULL, NULL, 199, 1, 1, 54, 11, 1, 5, 1, 1, 'Activo', 'SNAT/2022/000067', '2022-11-09', 42501, '2022-11-09', 3, 3, NULL, '2023-08-30 09:22:15', '2023-12-18 13:45:13');
INSERT INTO `designacion` VALUES (222, '000473', NULL, NULL, 25, 1, 1, 54, 11, 1, 5, 1, 1, 'Activo', 'SNAT/2022/000067', '2022-11-09', 42501, '2022-11-09', 3, 3, NULL, '2023-08-30 09:29:10', '2023-12-18 13:24:40');
INSERT INTO `designacion` VALUES (223, '000988', '2023-08-07', NULL, 306, 2, 3, 149, 44, 3, 5, 3, 1, 'Activo', 'SNAT/2022/000067', '2022-11-09', 42501, '2022-11-09', 3, 3, NULL, '2023-09-21 10:21:12', '2023-09-21 10:21:12');
INSERT INTO `designacion` VALUES (224, '000989', NULL, NULL, 307, 2, 3, 156, 47, 3, 5, 1, 1, 'Activo', 'SNAT/2022/000067', '2022-11-09', 42501, '2022-11-09', 3, 3, NULL, '2023-09-21 10:28:03', '2023-12-18 13:47:41');
INSERT INTO `designacion` VALUES (225, '000750', NULL, NULL, 47, 1, 1, 18, 15, 8, 5, 3, 1, 'Activo', 'SNAT/2022/000067', '2022-11-09', 42501, '2022-11-09', 3, 3, NULL, '2023-10-05 10:42:12', '2023-10-05 10:42:57');
INSERT INTO `designacion` VALUES (226, '001211', NULL, NULL, 34, 1, 1, 15, 15, 8, 5, 1, 1, 'Activo', 'SNAT/2022/000067', '2022-11-09', 42501, '2022-11-09', 3, 3, NULL, '2023-10-05 10:53:12', '2023-12-18 13:48:32');
INSERT INTO `designacion` VALUES (227, '001263', NULL, NULL, 311, 1, 1, 16, 15, 8, 5, 1, 1, 'Activo', 'SNAT/2022/000067', '2022-11-09', 42501, '2022-11-09', 3, 3, NULL, '2023-10-05 11:06:07', '2023-12-18 13:52:39');
INSERT INTO `designacion` VALUES (228, '001472', NULL, NULL, 28, 1, 1, 23, 17, 9, 5, 1, 1, 'Activo', 'SNAT/2022/000067', '2022-11-09', 42501, '2022-11-09', 3, 3, NULL, '2023-10-05 15:53:34', '2023-12-18 13:56:17');
INSERT INTO `designacion` VALUES (229, '1278', NULL, NULL, 254, 1, 1, 190, 17, 9, 5, 4, 1, 'Activo', 'SNAT/2022/000067', '2022-11-09', 42501, '2022-11-09', 3, 3, NULL, '2023-10-18 16:44:14', '2024-04-11 13:27:22');
INSERT INTO `designacion` VALUES (230, '001571', NULL, NULL, 220, 1, 1, 103, 17, 9, 5, 1, 1, 'Activo', 'SNAT/2022/000067', '2022-11-09', 42501, '2022-11-09', 3, 3, NULL, '2023-10-18 16:49:45', '2023-12-18 13:57:35');
INSERT INTO `designacion` VALUES (231, '001277', NULL, NULL, 310, 1, 1, 106, 17, 9, 5, 1, 1, 'Activo', 'SNAT/2022/000067', '2022-11-09', 42501, '2022-11-09', 3, 3, NULL, '2023-10-18 16:54:33', '2023-12-18 13:55:10');
INSERT INTO `designacion` VALUES (232, '000647', NULL, NULL, 171, 1, 1, 162, 1, 5, 5, 1, 1, 'Activo', 'SNAT/2022/000067', '2022-11-09', 42501, '2022-11-09', 3, 3, NULL, '2023-10-19 09:51:55', '2023-12-18 13:42:43');
INSERT INTO `designacion` VALUES (233, '001084', NULL, NULL, 152, 1, 1, 163, 1, 5, 5, 4, 1, 'Activo', 'SNAT/2022/000067', '2022-11-09', 42501, '2022-11-09', 3, 3, NULL, '2023-10-19 10:04:51', '2024-04-12 10:30:13');
INSERT INTO `designacion` VALUES (234, '000111', NULL, NULL, 89, 1, 1, 8, 1, 5, 5, 1, 1, 'Activo', 'SNAT/2022/000067', '2022-11-09', 42501, '2022-11-09', 3, 3, NULL, '2023-10-19 10:10:49', '2023-12-18 12:58:21');
INSERT INTO `designacion` VALUES (235, '001569', NULL, NULL, 43, 1, 1, 70, 1, 5, 5, 1, 1, 'Activo', 'SNAT/2022/000067', '2022-11-09', 42501, '2022-11-09', 3, 3, NULL, '2023-10-19 10:24:38', '2023-12-18 13:58:20');
INSERT INTO `designacion` VALUES (236, '001268', NULL, NULL, 31, 1, 1, 11, 1, 5, 5, 51, 4, 'Activo', 'SNAT/2019/0006', '2019-01-03', 42, '2019-01-08', 51, 51, NULL, '2024-01-25 10:31:40', '2024-01-25 10:32:45');
INSERT INTO `designacion` VALUES (237, '000095', NULL, NULL, 54, 1, 53, 102, 1, 5, 52, 4, 1, 'Activo', 'SNAT/2022/000067', '2022-11-09', 42501, '2022-11-09', 51, 51, NULL, '2024-01-25 10:39:29', '2024-04-12 11:11:34');
INSERT INTO `designacion` VALUES (238, '000096', NULL, NULL, 59, 1, 53, 102, 1, 5, 52, 4, 1, 'Activo', 'SNAT/2022/000067', '2022-11-09', 42501, '2022-11-09', 51, 51, NULL, '2024-01-25 10:41:01', '2024-04-12 11:10:09');
INSERT INTO `designacion` VALUES (239, '000094', NULL, NULL, 64, 1, 53, 102, 1, 5, 5, 4, 1, 'Activo', 'SNAT/2022/000067', '2022-11-09', 42501, '2022-11-09', 51, 51, NULL, '2024-01-25 10:42:17', '2024-04-12 11:25:06');
INSERT INTO `designacion` VALUES (240, '000097', NULL, NULL, 50, 1, 1, 102, 1, 5, 52, 4, 1, 'Activo', 'SNAT/2022/000067', '2022-11-09', 42501, '2022-11-09', 51, 51, NULL, '2024-01-25 10:44:38', '2024-04-12 11:04:45');
INSERT INTO `designacion` VALUES (241, '000093', NULL, NULL, 65, 1, 1, 102, 1, 5, 52, 4, 1, 'Activo', 'SNAT/2022/000067', '2022-11-09', 42501, '2022-11-09', 51, 51, NULL, '2024-01-25 10:46:09', '2024-04-12 10:58:39');
INSERT INTO `designacion` VALUES (242, '000010', '2024-01-05', NULL, 3, 1, 1, 70, 1, 5, 5, 4, 1, 'Activo', 'SNAT/2022/000067', '2022-11-09', 42501, '2022-11-09', 4, 4, NULL, '2024-02-07 11:50:02', '2024-02-07 11:50:02');
INSERT INTO `designacion` VALUES (243, '000011', '2024-01-04', NULL, 170, 1, 1, 102, 1, 5, 5, 4, 1, 'Activo', 'SNAT/2022/000067', '2022-11-09', 42501, '2022-11-09', 4, 4, NULL, '2024-02-07 11:55:26', '2024-02-07 11:55:26');
INSERT INTO `designacion` VALUES (244, '000073', '2024-01-19', NULL, 202, 1, 1, 91, 13, 12, 5, 4, 1, 'Activo', 'SNAT/2022/000067', '2022-11-09', 42501, '2022-11-09', 4, 4, NULL, '2024-02-07 11:57:24', '2024-02-07 11:57:24');
INSERT INTO `designacion` VALUES (245, 'P25232024', NULL, NULL, 318, 1, 53, 173, 59, 52, 52, 1, 1, 'Activo', 'SNAT/2022/000067', '2022-11-09', 42501, '2022-11-09', 1, 1, NULL, '2024-04-02 14:22:39', '2024-04-02 14:33:15');
INSERT INTO `designacion` VALUES (246, 'P20232024', '2024-03-25', NULL, 317, 1, 53, 173, 59, 52, 52, 1, 8, 'Activo', '000013', '2024-02-02', 42805, '2024-01-24', 1, 1, NULL, '2024-04-02 14:35:47', '2024-04-02 14:35:47');
INSERT INTO `designacion` VALUES (247, 'P21232024', '2024-03-20', NULL, 319, 1, 53, 173, 59, 52, 52, 1, 8, 'Activo', '000013', '2024-02-02', 42805, '2024-01-24', 1, 1, NULL, '2024-04-02 14:37:17', '2024-04-02 14:37:17');
INSERT INTO `designacion` VALUES (248, '00471', '2023-04-20', NULL, 169, 4, 4, 68, 42, 4, 52, 4, 1, 'Activo', 'SNAT/2022/000067', '2022-11-09', 42501, '2022-11-09', 4, 4, NULL, '2024-04-05 14:49:05', '2024-04-05 14:49:05');
INSERT INTO `designacion` VALUES (249, '000472', '2023-04-24', NULL, 168, 4, 4, 68, 20, 4, 52, 4, 1, 'Activo', 'SNAT/2022/000067', '2022-11-09', 42501, '2022-11-09', 4, 4, NULL, '2024-04-05 15:14:44', '2024-04-05 15:14:44');
INSERT INTO `designacion` VALUES (250, '001741', NULL, NULL, 314, 4, 4, 174, 20, 4, 52, 1, 1, 'Culminado', 'SNAT/2022/000067', '2022-11-09', 42501, '2022-11-09', 4, 4, NULL, '2024-04-08 09:08:52', '2024-07-15 14:18:34');
INSERT INTO `designacion` VALUES (251, 'P04232024', '2024-03-04', NULL, 320, 1, 53, 173, 59, 52, 52, 1, 8, 'Activo', '000013', '2024-02-02', 42805, '2024-01-24', 1, 1, NULL, '2024-04-08 09:11:15', '2024-04-08 09:11:15');
INSERT INTO `designacion` VALUES (252, '000510', '2022-12-05', NULL, 11, 1, 1, 175, 14, 10, 52, 4, 3, 'Activo', 'SNAT/2021/00026', '2021-04-22', 42, '2021-05-03', 4, 4, NULL, '2024-04-08 09:19:26', '2024-04-08 09:19:26');
INSERT INTO `designacion` VALUES (253, '001171', '2023-08-25', NULL, 308, 1, 1, 31, 2, 14, 52, 4, 1, 'Activo', 'SNAT/2022/000067', '2022-11-09', 42501, '2022-11-09', 4, 4, NULL, '2024-04-08 10:14:03', '2024-04-08 10:14:03');
INSERT INTO `designacion` VALUES (254, '001740', '2023-11-09', NULL, 312, 1, 1, 44, 13, 12, 52, 4, 1, 'Activo', 'SNAT/2022/000067', '2022-11-09', 42501, '2022-11-09', 4, 4, NULL, '2024-04-08 11:22:00', '2024-04-08 11:22:00');
INSERT INTO `designacion` VALUES (255, '0000860', NULL, NULL, 210, 1, 53, 176, 2, 11, 52, 4, 2, 'Activo', '5.851', '2008-02-01', 39, '2008-02-01', 4, 4, NULL, '2024-04-08 11:38:30', '2024-04-11 11:37:51');
INSERT INTO `designacion` VALUES (256, '000075', '2024-09-29', NULL, 216, 1, 53, 32, 2, 11, 52, 4, 1, 'Activo', 'SNAT/2022/000067', '2022-11-09', 42501, '2022-11-09', 4, 4, NULL, '2024-04-08 11:46:31', '2024-04-08 11:46:31');
INSERT INTO `designacion` VALUES (257, '001965', NULL, NULL, 15, 1, 53, 165, 51, 13, 52, 4, 1, 'Activo', 'SNAT/2022/000067', '2022-11-09', 42501, '2022-11-09', 4, 4, NULL, '2024-04-08 13:44:56', '2024-04-11 11:30:25');
INSERT INTO `designacion` VALUES (258, '000713', '2017-09-01', NULL, 163, 4, 18, 177, 20, 18, 52, 4, 5, 'Activo', 'SNAT/2017/0040', '2017-08-07', 41, '2017-08-18', 4, 4, NULL, '2024-04-08 14:07:14', '2024-04-08 14:07:14');
INSERT INTO `designacion` VALUES (259, '000909', '2023-07-20', NULL, 305, 1, 53, 44, 13, 12, 52, 4, 1, 'Activo', 'SNAT/2022/000067', '2022-11-09', 42501, '2022-11-09', 4, 4, NULL, '2024-04-08 14:12:36', '2024-04-08 14:12:36');
INSERT INTO `designacion` VALUES (260, '000507', '2023-04-08', NULL, 20, 1, 53, 102, 1, 52, 52, 4, 1, 'Activo', 'SNAT/2022/000067', '2022-11-09', 42501, '2022-11-09', 4, 4, NULL, '2024-04-08 14:19:18', '2024-04-08 14:19:18');
INSERT INTO `designacion` VALUES (261, '000074', '2024-01-19', NULL, 250, 1, 53, 32, 2, 11, 52, 4, 1, 'Activo', 'SNAT/2022/000067', '2022-11-09', 42501, '2022-11-09', 4, 4, NULL, '2024-04-08 14:37:34', '2024-04-08 14:37:34');
INSERT INTO `designacion` VALUES (262, '000508', NULL, NULL, 172, 1, 53, 114, 2, 11, 52, 1, 8, 'Culminado', '000013', '2024-02-02', 42805, '2024-01-24', 4, 4, NULL, '2024-04-08 14:41:40', '2024-07-23 14:16:42');
INSERT INTO `designacion` VALUES (263, '001573', '2023-10-16', NULL, 45, 1, 1, 3, 1, 52, 52, 4, 1, 'Activo', 'SNAT/2022/000067', '2022-11-09', 42501, '2022-11-09', 4, 4, NULL, '2024-04-10 10:08:08', '2024-04-10 10:08:08');
INSERT INTO `designacion` VALUES (264, '001968', '2023-12-18', NULL, 223, 1, 1, 44, 13, 12, 52, 4, 1, 'Activo', 'SNAT/2022/000067', '2022-11-09', 42501, '2022-11-09', 4, 4, NULL, '2024-04-10 10:16:28', '2024-04-10 10:16:28');
INSERT INTO `designacion` VALUES (265, '001478', '2023-10-04', NULL, 37, 1, 1, 114, 2, 11, 52, 4, 1, 'Activo', 'SNAT/2022/000067', '2022-11-09', 42501, '2022-11-09', 4, 4, NULL, '2024-04-10 10:25:33', '2024-04-10 10:25:33');
INSERT INTO `designacion` VALUES (266, '0000937', '2024-03-14', NULL, 212, 1, 1, 178, 16, 54, 52, 4, 2, 'Activo', '5.851', '2008-02-01', 39, '2008-02-01', 4, 4, NULL, '2024-04-10 10:42:37', '2024-04-10 10:42:37');
INSERT INTO `designacion` VALUES (267, '001479', '2023-10-04', NULL, 309, 1, 1, 9, 1, 52, 52, 4, 1, 'Activo', 'SNAT/2022/000067', '2022-11-09', 42501, '2022-11-09', 4, 4, NULL, '2024-04-10 10:57:26', '2024-04-10 10:57:26');
INSERT INTO `designacion` VALUES (268, '001480', '2023-10-04', NULL, 304, 1, 1, 31, 2, 11, 52, 4, 1, 'Activo', 'SNAT/2022/000067', '2022-11-09', 42501, '2022-11-09', 4, 4, NULL, '2024-04-10 11:04:25', '2024-04-10 11:04:25');
INSERT INTO `designacion` VALUES (269, '001967', NULL, NULL, 224, 1, 1, 190, 17, 9, 52, 4, 1, 'Activo', 'SNAT/2022/000067', '2022-11-09', 42501, '2022-11-09', 4, 4, NULL, '2024-04-10 11:19:28', '2024-04-11 13:25:59');
INSERT INTO `designacion` VALUES (270, '000077', '2022-01-31', NULL, 60, 1, 1, 102, 1, 52, 52, 4, 1, 'Activo', 'SNAT/2022/000067', '2022-11-09', 42501, '2022-11-09', 4, 4, NULL, '2024-04-10 11:37:38', '2024-04-10 11:37:38');
INSERT INTO `designacion` VALUES (271, '001265', '2020-12-09', NULL, 18, 1, 1, 27, 14, 10, 52, 4, 4, 'Activo', 'SNAT/2019/0006', '2019-01-03', 42, '2019-01-08', 4, 4, NULL, '2024-04-10 11:47:16', '2024-04-10 11:47:16');
INSERT INTO `designacion` VALUES (272, '000113', '2023-02-07', NULL, 252, 1, 1, 78, 1, 52, 52, 4, 1, 'Activo', 'SNAT/2022/000067', '2022-11-09', 42501, '2022-11-09', 4, 4, NULL, '2024-04-10 11:50:14', '2024-04-10 11:50:14');
INSERT INTO `designacion` VALUES (273, '003481', '2020-01-20', NULL, 7, 1, 1, 165, 51, 13, 52, 4, 2, 'Activo', '5.851', '2008-02-01', 39, '2008-02-01', 4, 4, NULL, '2024-04-10 11:55:05', '2024-04-10 11:55:05');
INSERT INTO `designacion` VALUES (274, '000470', '2023-04-24', NULL, 179, 5, 2, 134, 34, 30, 52, 4, 1, 'Activo', 'SNAT/2022/000067', '2022-11-09', 42501, '2022-11-09', 4, 4, NULL, '2024-04-10 12:00:01', '2024-04-10 12:00:01');
INSERT INTO `designacion` VALUES (275, '001367', '2023-09-20', NULL, 315, 4, 4, 180, 28, 22, 52, 4, 1, 'Activo', 'SNAT/2022/000067', '2022-11-09', 42501, '2022-11-09', 4, 4, NULL, '2024-04-10 12:12:48', '2024-04-10 12:12:48');
INSERT INTO `designacion` VALUES (276, '001277', '2022-02-17', NULL, 232, 1, 1, 183, 60, 55, 52, 4, 9, 'Activo', '000338', '2020-02-26', 2020, '2020-02-26', 4, 4, NULL, '2024-04-10 14:31:36', '2024-04-10 14:31:36');
INSERT INTO `designacion` VALUES (277, '002394', '2021-09-07', NULL, 222, 1, 1, 185, 60, 55, 52, 4, 9, 'Activo', '000338', '2020-02-26', 2020, '2020-02-26', 4, 4, NULL, '2024-04-10 15:09:44', '2024-04-10 15:09:44');
INSERT INTO `designacion` VALUES (278, '2447', '2022-04-07', NULL, 226, 1, 1, 185, 60, 55, 52, 4, 9, 'Activo', '000338', '2020-02-26', 2020, '2020-02-26', 4, 4, NULL, '2024-04-10 15:19:12', '2024-04-10 15:19:12');
INSERT INTO `designacion` VALUES (279, '000076', '2022-01-06', NULL, 239, 1, 1, 182, 60, 55, 52, 4, 9, 'Activo', '000338', '2020-02-26', 2020, '2020-02-26', 4, 4, NULL, '2024-04-10 15:27:02', '2024-04-10 15:27:02');
INSERT INTO `designacion` VALUES (280, '001274', '2022-02-17', NULL, 237, 1, 53, 181, 60, 55, 52, 4, 9, 'Activo', '000338', '2020-02-26', 2020, '2020-02-26', 4, 4, NULL, '2024-04-10 15:33:01', '2024-04-10 15:33:01');
INSERT INTO `designacion` VALUES (281, '001830', '2020-07-27', NULL, 214, 1, 53, 186, 60, 55, 52, 4, 9, 'Activo', '000338', '2020-02-26', 2020, '2020-02-26', 4, 4, NULL, '2024-04-11 08:34:54', '2024-04-11 08:34:54');
INSERT INTO `designacion` VALUES (282, '02593', '2018-05-25', NULL, 249, 1, 53, 184, 60, 55, 52, 4, 9, 'Activo', '000338', '2020-02-26', 2020, '2020-02-26', 4, 4, NULL, '2024-04-11 08:42:52', '2024-04-11 08:42:52');
INSERT INTO `designacion` VALUES (283, '003494', '2023-07-18', NULL, 316, 1, 53, 185, 60, 55, 52, 4, 9, 'Activo', '000338', '2020-02-26', 2020, '2020-02-26', 4, 4, NULL, '2024-04-11 08:49:08', '2024-04-11 08:49:08');
INSERT INTO `designacion` VALUES (284, '001275', '2022-02-17', NULL, 238, 1, 53, 181, 60, 55, 52, 4, 9, 'Activo', '000338', '2020-02-26', 2020, '2020-02-26', 4, 4, NULL, '2024-04-11 08:51:07', '2024-04-11 08:51:07');
INSERT INTO `designacion` VALUES (285, '001299', '2021-05-26', NULL, 235, 1, 53, 181, 60, 55, 52, 4, 9, 'Activo', '000338', '2020-02-26', 2020, '2020-02-26', 4, 4, NULL, '2024-04-11 08:53:40', '2024-04-11 08:53:40');
INSERT INTO `designacion` VALUES (286, '001530', '2020-08-12', NULL, 247, 1, 53, 185, 60, 55, 52, 4, 9, 'Activo', '000338', '2020-02-26', 2020, '2020-02-26', 4, 4, NULL, '2024-04-11 08:57:30', '2024-04-11 08:57:30');
INSERT INTO `designacion` VALUES (287, '001834', '2020-08-12', NULL, 230, 1, 53, 183, 60, 55, 52, 4, 9, 'Activo', '000338', '2020-02-26', 2020, '2020-02-26', 4, 4, NULL, '2024-04-11 09:02:47', '2024-04-11 09:02:47');
INSERT INTO `designacion` VALUES (288, '4914', '2020-09-06', NULL, 233, 1, 53, 183, 60, 55, 52, 4, 9, 'Activo', '000338', '2020-02-26', 2020, '2020-02-26', 4, 4, NULL, '2024-04-11 09:07:57', '2024-04-11 09:07:57');
INSERT INTO `designacion` VALUES (289, '001055', '2020-04-27', NULL, 240, 1, 53, 182, 60, 55, 52, 4, 9, 'Activo', '000338', '2020-02-26', 2020, '2020-02-26', 4, 4, NULL, '2024-04-11 09:14:00', '2024-04-11 09:14:00');
INSERT INTO `designacion` VALUES (290, '001207', '2020-04-29', NULL, 218, 1, 53, 185, 60, 55, 52, 4, 9, 'Activo', '000338', '2020-02-26', 2020, '2020-02-26', 4, 4, NULL, '2024-04-11 09:16:14', '2024-04-11 09:16:14');
INSERT INTO `designacion` VALUES (291, '002509', '2019-07-09', NULL, 229, 1, 53, 183, 60, 55, 52, 4, 9, 'Activo', '000338', '2020-02-26', 2020, '2020-02-26', 4, 4, NULL, '2024-04-11 09:21:04', '2024-04-11 09:21:04');
INSERT INTO `designacion` VALUES (292, '2441', '2022-04-07', NULL, 225, 1, 53, 185, 60, 55, 52, 4, 9, 'Activo', '000338', '2020-02-26', 2020, '2020-02-26', 4, 4, NULL, '2024-04-11 09:24:24', '2024-04-11 09:24:24');
INSERT INTO `designacion` VALUES (293, '001293', '2021-05-26', NULL, 219, 1, 53, 185, 60, 55, 52, 4, 9, 'Activo', '000338', '2020-02-26', 2020, '2020-02-26', 4, 4, NULL, '2024-04-11 09:26:10', '2024-04-11 09:26:10');
INSERT INTO `designacion` VALUES (294, '2446', '2022-04-07', NULL, 248, 1, 53, 184, 60, 55, 52, 4, 9, 'Activo', '000338', '2020-02-26', 2020, '2020-02-26', 4, 4, NULL, '2024-04-11 09:29:23', '2024-04-11 09:29:23');
INSERT INTO `designacion` VALUES (295, '001054', '2020-04-27', NULL, 241, 1, 53, 182, 60, 55, 52, 4, 9, 'Activo', '000338', '2020-02-26', 2020, '2020-02-26', 4, 4, NULL, '2024-04-11 09:32:59', '2024-04-11 09:32:59');
INSERT INTO `designacion` VALUES (296, '02078', '2016-05-18', NULL, 217, 1, 53, 185, 60, 55, 52, 4, 9, 'Activo', '000338', '2020-02-26', 2020, '2020-02-26', 4, 4, NULL, '2024-04-11 09:36:47', '2024-04-11 09:36:47');
INSERT INTO `designacion` VALUES (297, '009845', '2007-08-29', NULL, 215, 1, 53, 185, 60, 55, 52, 4, 10, 'Activo', '0046', '2006-01-23', 38364, '2006-01-24', 4, 4, NULL, '2024-04-11 09:49:37', '2024-04-11 09:49:37');
INSERT INTO `designacion` VALUES (298, '4909', '2022-09-06', NULL, 244, 1, 53, 182, 60, 55, 52, 4, 9, 'Activo', '000338', '2020-02-26', 2020, '2020-02-26', 4, 4, NULL, '2024-04-11 09:52:38', '2024-04-11 09:52:38');
INSERT INTO `designacion` VALUES (299, '001298', '2022-05-26', NULL, 242, 1, 53, 182, 60, 55, 52, 4, 9, 'Activo', '000338', '2020-02-26', 2020, '2020-02-26', 4, 4, NULL, '2024-04-11 10:01:39', '2024-04-11 10:01:39');
INSERT INTO `designacion` VALUES (300, '001832', '2020-08-12', NULL, 221, 1, 53, 185, 60, 55, 52, 4, 9, 'Activo', '000338', '2020-02-26', 2020, '2020-02-26', 4, 4, NULL, '2024-04-11 10:03:41', '2024-04-11 10:03:41');
INSERT INTO `designacion` VALUES (301, '002510', '2019-07-09', NULL, 228, 1, 53, 185, 60, 55, 52, 4, 9, 'Activo', '000338', '2020-02-26', 2020, '2020-02-26', 4, 4, NULL, '2024-04-11 10:06:24', '2024-04-11 10:06:24');
INSERT INTO `designacion` VALUES (302, '004499', '2019-11-11', NULL, 245, 1, 53, 184, 60, 55, 52, 4, 9, 'Activo', '000338', '2020-02-26', 2020, '2020-02-26', 4, 4, NULL, '2024-04-11 10:19:22', '2024-04-11 10:19:22');
INSERT INTO `designacion` VALUES (303, '2802', '2022-05-09', NULL, 234, 1, 53, 181, 60, 55, 52, 4, 9, 'Activo', '000338', '2020-02-26', 2020, '2020-02-26', 4, 4, NULL, '2024-04-11 10:24:04', '2024-04-11 10:24:04');
INSERT INTO `designacion` VALUES (304, '000435', '2023-04-18', NULL, 38, 1, 53, 187, 1, 52, 52, 4, 1, 'Activo', 'SNAT/2022/000067', '2022-11-09', 42501, '2022-11-09', 4, 4, NULL, '2024-04-11 10:38:20', '2024-04-11 10:38:20');
INSERT INTO `designacion` VALUES (305, '000424', '2024-03-11', NULL, 173, 1, 53, 16, 15, 8, 52, 4, 8, 'Activo', '000013', '2024-02-02', 42805, '2024-01-24', 4, 4, NULL, '2024-04-11 11:04:07', '2024-04-11 11:04:07');
INSERT INTO `designacion` VALUES (306, '000009', '2024-01-04', NULL, 192, 1, 53, 15, 15, 8, 52, 4, 1, 'Activo', 'SNAT/2022/000067', '2022-11-09', 42501, '2022-11-09', 4, 4, NULL, '2024-04-11 11:26:08', '2024-04-11 11:26:08');
INSERT INTO `designacion` VALUES (307, '001256', '2023-09-07', NULL, 178, 1, 53, 188, 2, 11, 52, 4, 1, 'Activo', 'SNAT/2022/000067', '2022-11-09', 42501, '2022-11-09', 4, 4, NULL, '2024-04-11 11:43:31', '2024-04-11 11:43:31');
INSERT INTO `designacion` VALUES (308, '001190', '2023-08-29', NULL, 206, 1, 53, 31, 2, 11, 52, 4, 1, 'Activo', 'SNAT/2022/000067', '2022-11-09', 42501, '2022-11-09', 4, 4, NULL, '2024-04-11 11:48:56', '2024-04-11 11:48:56');
INSERT INTO `designacion` VALUES (309, '001260', '2023-09-07', NULL, 104, 1, 53, 114, 2, 11, 52, 4, 1, 'Activo', 'SNAT/2022/000067', '2022-11-09', 42501, '2022-11-09', 4, 4, NULL, '2024-04-11 11:51:34', '2024-04-11 11:51:34');
INSERT INTO `designacion` VALUES (310, '001612', '2023-10-23', NULL, 102, 1, 53, 114, 2, 11, 52, 4, 1, 'Activo', 'SNAT/2022/000067', '2022-11-09', 42501, '2022-11-09', 4, 4, NULL, '2024-04-11 11:54:30', '2024-04-11 11:54:30');
INSERT INTO `designacion` VALUES (311, '001566', '2023-10-16', NULL, 101, 1, 53, 114, 2, 11, 52, 4, 1, 'Activo', 'SNAT/2022/000067', '2022-11-09', 42501, '2022-11-09', 4, 4, NULL, '2024-04-11 11:55:42', '2024-04-11 11:55:42');
INSERT INTO `designacion` VALUES (312, '000930', '2023-07-25', NULL, 108, 1, 53, 28, 14, 10, 52, 4, 1, 'Activo', 'SNAT/2022/000067', '2022-11-09', 42501, '2022-11-09', 4, 4, NULL, '2024-04-11 12:07:00', '2024-04-11 12:07:00');
INSERT INTO `designacion` VALUES (313, '001963', '2023-12-18', NULL, 135, 1, 53, 23, 17, 9, 52, 4, 1, 'Activo', 'SNAT/2022/000067', '2022-11-09', 42501, '2022-11-09', 4, 4, NULL, '2024-04-11 13:34:17', '2024-04-11 13:34:17');
INSERT INTO `designacion` VALUES (314, '000038', '2024-01-10', NULL, 84, 1, 53, 23, 17, 9, 52, 4, 1, 'Activo', 'SNAT/2022/000067', '2022-11-09', 42501, '2022-11-09', 4, 4, NULL, '2024-04-11 14:03:09', '2024-04-11 14:03:09');
INSERT INTO `designacion` VALUES (315, '000022', '2024-01-08', NULL, 94, 1, 53, 191, 17, 9, 52, 4, 1, 'Activo', 'SNAT/2022/000067', '2022-11-09', 42501, '2022-11-09', 4, 4, NULL, '2024-04-11 14:25:43', '2024-04-11 14:25:43');
INSERT INTO `designacion` VALUES (316, '001563', '2023-10-16', NULL, 6, 1, 53, 89, 13, 12, 52, 4, 1, 'Activo', 'SNAT/2022/000067', '2022-11-09', 42501, '2022-11-09', 4, 4, NULL, '2024-04-11 14:39:14', '2024-04-11 14:39:14');
INSERT INTO `designacion` VALUES (317, '000108', '2023-02-06', NULL, 209, 1, 53, 95, 13, 12, 52, 4, 1, 'Activo', 'SNAT/2022/000067', '2022-11-09', 42501, '2022-11-09', 4, 4, NULL, '2024-04-11 14:47:47', '2024-04-11 14:47:47');
INSERT INTO `designacion` VALUES (318, '001172', '2020-10-23', NULL, 12, 1, 53, 28, 14, 10, 52, 4, 1, 'Activo', 'SNAT/2022/000067', '2022-11-09', 42501, '2022-11-09', 4, 4, NULL, '2024-04-11 14:50:38', '2024-04-11 14:50:38');
INSERT INTO `designacion` VALUES (319, '000701', '2023-06-19', NULL, 176, 1, 53, 91, 13, 12, 52, 4, 1, 'Activo', 'SNAT/2022/000067', '2022-11-09', 42501, '2022-11-09', 4, 4, NULL, '2024-04-11 14:53:45', '2024-04-11 14:53:45');
INSERT INTO `designacion` VALUES (320, '001819', '2023-11-21', NULL, 111, 1, 53, 94, 13, 12, 52, 4, 1, 'Activo', 'SNAT/2022/000067', '2022-11-09', 42501, '2022-11-09', 4, 4, NULL, '2024-04-11 14:55:41', '2024-04-11 14:55:41');
INSERT INTO `designacion` VALUES (321, '000006', '2024-01-04', NULL, 117, 1, 53, 44, 13, 12, 52, 4, 1, 'Activo', 'SNAT/2022/000067', '2022-11-09', 42501, '2022-11-09', 4, 4, NULL, '2024-04-11 14:58:01', '2024-04-11 14:58:01');
INSERT INTO `designacion` VALUES (322, '001434', '2023-04-29', NULL, 24, 1, 53, 192, 13, 12, 52, 4, 1, 'Activo', 'SNAT/2022/000067', '2022-11-09', 42501, '2022-11-09', 4, 4, NULL, '2024-04-11 15:10:10', '2024-04-11 15:10:10');
INSERT INTO `designacion` VALUES (323, '001559', '2023-10-16', NULL, 100, 1, 53, 94, 13, 12, 52, 4, 1, 'Activo', 'SNAT/2022/000067', '2022-11-09', 42501, '2022-11-09', 4, 4, NULL, '2024-04-11 15:42:26', '2024-04-11 15:42:26');
INSERT INTO `designacion` VALUES (324, '001966', '2023-12-18', NULL, 130, 1, 53, 44, 13, 12, 52, 4, 1, 'Activo', 'SNAT/2022/000067', '2022-11-09', 42501, '2022-11-09', 4, 4, NULL, '2024-04-12 09:51:50', '2024-04-12 09:51:50');
INSERT INTO `designacion` VALUES (325, '000020', '2024-01-08', NULL, 67, 1, 53, 95, 13, 12, 52, 4, 1, 'Activo', 'SNAT/2022/000067', '2022-11-09', 42501, '2022-11-09', 4, 4, NULL, '2024-04-12 09:57:02', '2024-04-12 09:57:02');
INSERT INTO `designacion` VALUES (326, '00006861', '2024-03-11', NULL, 5, 1, 53, 40, 13, 12, 52, 4, 1, 'Activo', 'SNAT/2022/000067', '2022-11-09', 42501, '2022-11-09', 4, 4, NULL, '2024-04-12 10:02:56', '2024-04-12 10:02:56');
INSERT INTO `designacion` VALUES (327, '001964', '2023-12-18', NULL, 99, 1, 53, 96, 16, 54, 52, 4, 1, 'Activo', 'SNAT/2022/000067', '2022-11-09', 42501, '2022-11-09', 4, 4, NULL, '2024-04-12 10:19:21', '2024-04-12 10:19:21');
INSERT INTO `designacion` VALUES (328, '0001046', '2024-03-21', NULL, 22, 1, 53, 193, 1, 52, 52, 4, 2, 'Activo', '5.851', '2008-02-01', 39, '2008-02-01', 4, 4, NULL, '2024-04-12 10:27:22', '2024-04-12 10:27:22');
INSERT INTO `designacion` VALUES (329, '000439', '2023-04-20', NULL, 52, 1, 53, 102, 1, 52, 52, 4, 1, 'Activo', 'SNAT/2022/000067', '2022-11-09', 42501, '2022-11-09', 4, 4, NULL, '2024-04-12 10:34:05', '2024-04-12 10:34:05');
INSERT INTO `designacion` VALUES (330, '001258', NULL, NULL, 98, 1, 53, 78, 1, 52, 52, 4, 1, 'Activo', 'SNAT/2022/000067', '2022-11-09', 42501, '2022-11-09', 4, 4, NULL, '2024-04-12 10:43:39', '2024-04-12 11:36:39');
INSERT INTO `designacion` VALUES (331, '01', '2024-04-12', NULL, 35, 1, 53, 6, 1, 52, 52, 4, 1, 'Activo', 'SNAT/2022/000067', '2022-11-09', 42501, '2022-11-09', 4, 4, NULL, '2024-04-12 11:26:11', '2024-04-12 11:26:11');
INSERT INTO `designacion` VALUES (332, '02', '0024-04-20', NULL, 39, 1, 53, 6, 1, 52, 52, 4, 1, 'Activo', 'SNAT/2022/000067', '2022-11-09', 42501, '2022-11-09', 4, 4, NULL, '2024-04-12 11:27:09', '2024-04-12 11:27:09');
INSERT INTO `designacion` VALUES (333, '03', '2024-04-12', NULL, 44, 1, 53, 102, 1, 52, 52, 4, 1, 'Activo', 'SNAT/2022/000067', '2022-11-09', 42501, '2022-11-09', 4, 4, NULL, '2024-04-12 11:28:29', '2024-04-12 11:28:29');
INSERT INTO `designacion` VALUES (334, '04', '2024-04-12', NULL, 62, 1, 53, 6, 1, 52, 52, 4, 1, 'Activo', 'SNAT/2022/000067', '2022-11-09', 42501, '2022-11-09', 4, 4, NULL, '2024-04-12 11:29:25', '2024-04-12 11:29:25');
INSERT INTO `designacion` VALUES (335, '05', '2024-04-12', NULL, 251, 1, 53, 6, 1, 52, 52, 4, 1, 'Activo', 'SNAT/2022/000067', '2022-11-09', 42501, '2022-11-09', 4, 4, NULL, '2024-04-12 11:30:30', '2024-04-12 11:30:30');
INSERT INTO `designacion` VALUES (336, '06', '2024-04-12', NULL, 302, 1, 53, 6, 1, 52, 52, 4, 1, 'Activo', 'SNAT/2022/000067', '2022-11-09', 42501, '2022-11-09', 4, 4, NULL, '2024-04-12 11:32:26', '2024-04-12 11:32:26');
INSERT INTO `designacion` VALUES (337, '1', '2024-12-04', NULL, 322, 1, 53, 173, 59, 52, 52, 4, 8, 'Activo', '000013', '2024-02-02', 42805, '2024-01-24', 4, 4, NULL, '2024-04-22 10:43:25', '2024-04-22 10:43:25');
INSERT INTO `designacion` VALUES (338, '2', '2024-12-04', NULL, 323, 1, 53, 173, 59, 52, 52, 4, 8, 'Activo', '000013', '2024-02-02', 42805, '2024-01-24', 4, 4, NULL, '2024-04-22 10:44:19', '2024-04-22 10:44:19');
INSERT INTO `designacion` VALUES (339, '000562', '2024-03-22', NULL, 1, 1, 53, 78, 1, 52, 52, 1, 8, 'Activo', '000013', '2024-02-02', 42805, '2024-01-24', 1, 1, NULL, '2024-06-20 09:57:06', '2024-06-20 09:57:06');
INSERT INTO `designacion` VALUES (340, '00002424', '2024-06-30', NULL, 336, 1, 53, 51, 11, 53, 53, 39, 8, 'Activo', '000013', '2024-02-02', 42805, '2024-01-24', 39, 39, NULL, '2024-06-30 10:55:09', '2024-06-30 10:55:09');
INSERT INTO `designacion` VALUES (341, '00002425', '2024-02-05', NULL, 325, 1, 53, 102, 1, 52, 52, 39, 8, 'Activo', '000013', '2024-02-02', 42805, '2024-01-24', 39, 39, NULL, '2024-06-30 11:03:45', '2024-06-30 11:03:45');
INSERT INTO `designacion` VALUES (342, '00002426', '2024-04-02', NULL, 327, 1, 53, 78, 1, 52, 52, 39, 8, 'Activo', '000013', '2024-02-02', 42805, '2024-01-24', 39, 39, NULL, '2024-06-30 11:46:24', '2024-06-30 11:46:24');
INSERT INTO `designacion` VALUES (343, '00002428', '2024-06-24', NULL, 29, 1, 53, 15, 15, 8, 52, 39, 8, 'Activo', '000013', '2024-02-02', 42805, '2024-01-24', 39, 39, NULL, '2024-06-30 12:13:43', '2024-06-30 12:13:43');
INSERT INTO `designacion` VALUES (344, '00002427', '2024-02-05', NULL, 326, 1, 53, 102, 1, 52, 52, 39, 8, 'Activo', '000013', '2024-02-02', 42805, '2024-01-24', 39, 39, NULL, '2024-06-30 12:34:26', '2024-06-30 12:34:26');
INSERT INTO `designacion` VALUES (345, '00002430', '2024-05-02', NULL, 324, 1, 53, 102, 1, 52, 52, 39, 8, 'Activo', '000013', '2024-02-02', 42805, '2024-01-24', 39, 39, NULL, '2024-06-30 12:36:21', '2024-06-30 12:36:21');
INSERT INTO `designacion` VALUES (346, '00002431', '2024-01-01', NULL, 337, 1, 53, 51, 11, 53, 52, 39, 8, 'Activo', '000013', '2024-02-02', 42805, '2024-01-24', 39, 39, NULL, '2024-06-30 13:34:11', '2024-06-30 13:34:11');
INSERT INTO `designacion` VALUES (347, 'CC002023', '2023-01-01', NULL, 56, 1, 1, 102, 1, 52, 52, 1, 8, 'Jubilado', '000013', '2024-02-02', 42805, '2024-01-24', 1, 1, NULL, '2024-07-16 08:47:49', '2024-07-16 08:47:49');
INSERT INTO `designacion` VALUES (348, 'JS002023', '2023-01-01', NULL, 51, 1, 1, 70, 1, 52, 52, 1, 1, 'Jubilado', 'SNAT/2022/000067', '2022-11-09', 42501, '2022-11-09', 1, 1, NULL, '2024-07-16 08:51:56', '2024-07-16 08:51:56');
INSERT INTO `designacion` VALUES (349, 'CG002023', '2023-01-01', NULL, 8, 1, 1, 165, 51, 13, 5, 1, 1, 'Jubilado', 'SNAT/2022/000067', '2022-11-09', 42501, '2022-11-09', 1, 1, NULL, '2024-07-16 08:53:59', '2024-07-16 08:53:59');
INSERT INTO `designacion` VALUES (350, 'FR002022', '2023-01-01', NULL, 143, 1, 1, 15, 15, 8, 5, 1, 1, 'Jubilado', 'SNAT/2022/000067', '2022-11-09', 42501, '2022-11-09', 1, 1, NULL, '2024-07-16 08:56:16', '2024-07-16 08:56:16');
INSERT INTO `designacion` VALUES (351, 'JM', '2022-01-01', NULL, 21, 1, 1, 51, 11, 53, 5, 1, 1, 'Culminado', 'SNAT/2022/000067', '2022-11-09', 42501, '2022-11-09', 1, 1, NULL, '2024-07-16 09:00:05', '2024-07-16 09:00:05');
INSERT INTO `designacion` VALUES (352, 'SC002022', '2022-01-01', NULL, 189, 1, 1, 32, 2, 11, 5, 1, 1, 'Culminado', 'SNAT/2022/000067', '2022-11-09', 42501, '2022-11-09', 1, 1, NULL, '2024-07-16 09:02:39', '2024-07-16 09:02:39');
INSERT INTO `designacion` VALUES (353, 'BA002022', '2022-01-01', NULL, 4, 1, 1, 15, 15, 8, 5, 1, 1, 'Culminado', 'SNAT/2022/000067', '2022-11-09', 42501, '2022-11-09', 1, 1, NULL, '2024-07-16 09:04:10', '2024-07-16 09:04:10');
INSERT INTO `designacion` VALUES (354, 'AL002022', '2022-01-01', NULL, 91, 1, 1, 94, 13, 12, 5, 1, 1, 'Culminado', 'SNAT/2022/000067', '2022-11-09', 42501, '2022-11-09', 1, 1, NULL, '2024-07-16 09:07:08', '2024-07-16 09:07:08');
INSERT INTO `designacion` VALUES (355, 'SV002022', '2022-01-01', NULL, 19, 1, 1, 28, 14, 10, 5, 1, 1, 'Jubilado', 'SNAT/2022/000067', '2022-11-09', 42501, '2022-11-09', 1, 1, NULL, '2024-07-16 09:10:39', '2024-07-16 09:10:39');
INSERT INTO `designacion` VALUES (356, 'AA002022', '2022-01-01', NULL, 112, 1, 1, 190, 17, 9, 5, 1, 1, 'Culminado', 'SNAT/2022/000067', '2022-11-09', 42501, '2022-11-09', 1, 1, NULL, '2024-07-16 09:14:04', '2024-07-16 09:14:04');
INSERT INTO `designacion` VALUES (357, 'JO002022', '2022-01-01', NULL, 16, 1, 1, 28, 14, 10, 5, 1, 1, 'Jubilado', 'SNAT/2022/000067', '2022-11-09', 42501, '2022-11-09', 1, 1, NULL, '2024-07-16 09:16:36', '2024-07-16 09:16:36');
INSERT INTO `designacion` VALUES (358, 'CD002022', '2022-01-01', NULL, 207, 1, 1, 3, 1, 52, 5, 1, 1, 'Jubilado', 'SNAT/2022/000067', '2022-11-09', 42501, '2022-11-09', 1, 1, NULL, '2024-07-16 09:23:09', '2024-07-16 09:23:09');
INSERT INTO `designacion` VALUES (359, 'YY002022', '2022-01-01', NULL, 68, 1, 1, 3, 1, 52, 5, 1, 1, 'Jubilado', 'SNAT/2022/000067', '2022-11-09', 42501, '2022-11-09', 1, 1, NULL, '2024-07-16 09:25:00', '2024-07-16 09:25:00');
INSERT INTO `designacion` VALUES (360, 'AN002024', '2023-01-01', NULL, 282, 1, 1, 3, 1, 52, 5, 1, 1, 'Culminado', 'SNAT/2022/000067', '2022-11-09', 42501, '2022-11-09', 1, 1, NULL, '2024-07-16 10:51:03', '2024-07-16 10:51:03');
INSERT INTO `designacion` VALUES (361, 'AN002024', '2024-01-01', NULL, 282, 3, 1, 136, 56, 49, 5, 1, 1, 'Culminado', 'SNAT/2022/000067', '2022-11-09', 42501, '2022-11-09', 1, 1, NULL, '2024-07-16 11:13:54', '2024-07-16 11:13:54');
INSERT INTO `designacion` VALUES (362, 'JC002024', '2023-01-01', NULL, 338, 3, 4, 125, 37, 33, 52, 1, 8, 'Activo', '000013', '2024-02-02', 42805, '2024-01-24', 1, 1, NULL, '2024-07-26 12:18:22', '2024-07-26 12:18:22');
INSERT INTO `designacion` VALUES (363, 'LC002024', '2023-01-01', NULL, 339, 3, 4, 125, 37, 33, 52, 1, 8, 'Activo', '000013', '2024-02-02', 42805, '2024-01-24', 1, 1, NULL, '2024-07-26 12:19:48', '2024-07-26 12:19:48');
INSERT INTO `designacion` VALUES (364, 'KH002024', '2023-01-01', NULL, 340, 3, 4, 125, 37, 33, 52, 1, 8, 'Activo', '000013', '2024-02-02', 42805, '2024-01-24', 1, 1, NULL, '2024-07-26 12:21:04', '2024-07-26 12:21:04');
INSERT INTO `designacion` VALUES (365, 'OH002024', '2023-01-01', NULL, 341, 3, 4, 125, 37, 33, 52, 1, 8, 'Activo', '000013', '2024-02-02', 42805, '2024-01-24', 1, 1, NULL, '2024-07-26 12:22:21', '2024-07-26 12:22:21');
INSERT INTO `designacion` VALUES (366, 'KN002024', '2023-01-01', NULL, 342, 3, 4, 125, 37, 33, 52, 1, 8, 'Activo', '000013', '2024-02-02', 42805, '2024-01-24', 1, 1, NULL, '2024-07-26 12:23:38', '2024-07-26 12:23:38');
INSERT INTO `designacion` VALUES (367, 'IT002024', '2023-01-01', NULL, 343, 3, 4, 125, 37, 33, 52, 1, 8, 'Activo', '000013', '2024-02-02', 42805, '2024-01-24', 1, 1, NULL, '2024-07-26 12:24:54', '2024-07-26 12:24:54');
INSERT INTO `designacion` VALUES (368, 'AL002024', '2024-01-01', NULL, 125, 3, 4, 125, 37, 33, 5, 1, 1, 'Jubilado', 'SNAT/2022/000067', '2022-11-09', 42501, '2022-11-09', 1, 1, NULL, '2024-07-26 12:27:57', '2024-07-26 12:27:57');
INSERT INTO `designacion` VALUES (369, 'WC002024', '2019-01-01', NULL, 126, 3, 4, 125, 37, 33, 5, 1, 1, 'Activo', 'SNAT/2022/000067', '2022-11-09', 42501, '2022-11-09', 1, 1, NULL, '2024-07-26 12:29:50', '2024-07-26 12:29:50');
INSERT INTO `designacion` VALUES (370, 'MR002024', '2023-01-01', NULL, 328, 5, 2, 29, 31, 27, 52, 1, 8, 'Activo', '000013', '2024-02-02', 42805, '2024-01-24', 1, 1, NULL, '2024-07-26 12:43:22', '2024-07-26 12:43:22');
INSERT INTO `designacion` VALUES (371, 'OC002024', '2024-01-01', NULL, 329, 2, 3, 150, 45, 44, 52, 1, 8, 'Activo', '000013', '2024-02-02', 42805, '2024-01-24', 1, 1, NULL, '2024-07-26 12:48:49', '2024-07-26 12:48:49');
INSERT INTO `designacion` VALUES (372, 'ER002024', '2024-01-01', NULL, 335, 2, 3, 153, 46, 39, 52, 1, 8, 'Activo', '000013', '2024-02-02', 42805, '2024-01-24', 1, 1, NULL, '2024-07-26 12:50:17', '2024-07-26 12:50:17');
INSERT INTO `designacion` VALUES (373, 'HF002024', '2024-01-01', NULL, 332, 2, 3, 145, 43, 40, 52, 1, 8, 'Activo', '000013', '2024-02-02', 42805, '2024-01-24', 1, 1, NULL, '2024-07-26 12:51:53', '2024-07-26 12:51:53');
INSERT INTO `designacion` VALUES (374, 'YP002024', '2019-01-01', NULL, 293, 2, 3, 166, 52, 3, 5, 1, 8, 'Activo', '000013', '2024-02-02', 42805, '2024-01-24', 1, 1, NULL, '2024-07-26 12:53:04', '2024-07-26 12:53:04');
INSERT INTO `designacion` VALUES (375, 'MH002024', '2024-01-01', NULL, 334, 2, 3, 150, 45, 44, 52, 1, 8, 'Activo', '000013', '2024-02-02', 42805, '2024-01-24', 1, 1, NULL, '2024-07-26 12:54:12', '2024-07-26 12:54:12');
INSERT INTO `designacion` VALUES (376, 'JM002024', '2024-01-01', NULL, 331, 2, 3, 150, 45, 44, 52, 1, 8, 'Activo', '000013', '2024-02-02', 42805, '2024-01-24', 1, 1, NULL, '2024-07-26 12:55:33', '2024-07-26 12:55:33');
INSERT INTO `designacion` VALUES (377, 'DJ002024', '2024-01-01', NULL, 333, 2, 3, 150, 45, 44, 52, 1, 8, 'Activo', '000013', '2024-02-02', 42805, '2024-01-24', 1, 1, NULL, '2024-07-26 12:56:39', '2024-07-26 12:56:39');
INSERT INTO `designacion` VALUES (378, 'RC002019', '2024-01-01', NULL, 294, 2, 3, 150, 45, 44, 52, 1, 8, 'Activo', '000013', '2024-02-02', 42805, '2024-01-24', 1, 1, NULL, '2024-07-26 12:58:01', '2024-07-26 12:58:01');
INSERT INTO `designacion` VALUES (379, 'VS002024', '2024-01-01', NULL, 295, 2, 3, 156, 47, 43, 52, 1, 8, 'Activo', '000013', '2024-02-02', 42805, '2024-01-24', 1, 1, NULL, '2024-07-26 12:59:02', '2024-07-26 12:59:02');
INSERT INTO `designacion` VALUES (380, '001774', '2024-10-11', NULL, 346, 1, 53, 25, 17, 9, 5, 4, 8, 'Activo', '000013', '2024-02-02', 42805, '2024-01-24', 4, 4, NULL, '2024-10-15 08:57:25', '2024-10-15 08:57:25');
INSERT INTO `designacion` VALUES (381, '001775', '2024-10-11', NULL, 347, 1, 53, 25, 17, 9, 56, 4, 8, 'Activo', '000013', '2024-02-02', 42805, '2024-01-24', 4, 4, NULL, '2024-10-15 15:20:38', '2024-10-15 15:20:38');
INSERT INTO `designacion` VALUES (382, '001778', '2024-10-11', NULL, 348, 1, 53, 28, 14, 10, 56, 4, 8, 'Activo', '000013', '2024-02-02', 42805, '2024-01-24', 4, 4, NULL, '2024-10-15 15:25:51', '2024-10-15 15:25:51');
INSERT INTO `designacion` VALUES (383, '001771', '2024-10-11', NULL, 349, 1, 53, 102, 1, 56, 56, 4, 8, 'Activo', '000013', '2024-02-02', 42805, '2024-01-24', 4, 4, NULL, '2024-10-16 09:27:44', '2024-10-16 09:27:44');
INSERT INTO `designacion` VALUES (384, '001769', '2024-10-11', NULL, 350, 1, 53, 6, 1, 56, 56, 4, 8, 'Activo', '000013', '2024-02-02', 42805, '2024-01-24', 4, 4, NULL, '2024-10-16 09:39:10', '2024-10-16 09:39:10');
INSERT INTO `designacion` VALUES (385, '001777', '2024-10-11', NULL, 352, 1, 53, 176, 2, 11, 56, 4, 8, 'Activo', '000013', '2024-02-02', 42805, '2024-01-24', 4, 4, NULL, '2024-10-16 14:32:36', '2024-10-16 14:32:36');
INSERT INTO `designacion` VALUES (386, '001786', '2024-10-14', NULL, 353, 1, 53, 28, 14, 10, 56, 4, 8, 'Activo', '000013', '2024-02-02', 42805, '2024-01-24', 4, 4, NULL, '2024-10-16 14:39:48', '2024-10-16 14:39:48');
INSERT INTO `designacion` VALUES (387, '001773', '2024-10-11', NULL, 354, 1, 53, 25, 17, 9, 56, 4, 8, 'Activo', '000013', '2024-02-02', 42805, '2024-01-24', 4, 4, NULL, '2024-10-16 14:49:58', '2024-10-16 14:49:58');
INSERT INTO `designacion` VALUES (388, '001776', '2024-10-11', NULL, 355, 1, 53, 176, 2, 11, 56, 4, 8, 'Activo', '000013', '2024-02-02', 42805, '2024-01-24', 4, 4, NULL, '2024-10-17 10:13:19', '2024-10-17 10:13:19');
INSERT INTO `designacion` VALUES (389, '001779', '2024-10-11', NULL, 356, 1, 53, 51, 11, 53, 56, 4, 8, 'Activo', '000013', '2024-02-02', 42805, '2024-01-24', 4, 4, NULL, '2024-10-17 10:20:03', '2024-10-17 10:20:03');
INSERT INTO `designacion` VALUES (390, '001787', '2024-10-14', NULL, 357, 1, 53, 96, 16, 54, 56, 4, 8, 'Activo', '000013', '2024-02-02', 42805, '2024-01-24', 4, 4, NULL, '2024-10-17 10:29:50', '2024-10-17 10:29:50');
INSERT INTO `designacion` VALUES (391, '001780', '2024-10-11', NULL, 358, 1, 53, 35, 7, 7, 56, 4, 8, 'Activo', '000013', '2024-02-02', 42805, '2024-01-24', 4, 4, NULL, '2024-10-17 10:44:08', '2024-10-17 10:44:08');
INSERT INTO `designacion` VALUES (392, '001770', '2024-10-11', NULL, 359, 1, 53, 6, 1, 52, 56, 4, 8, 'Activo', '000013', '2024-02-02', 42805, '2024-01-24', 4, 4, NULL, '2024-10-17 10:50:28', '2024-10-17 10:50:28');
INSERT INTO `designacion` VALUES (393, '01', NULL, NULL, 360, 1, 53, 173, 59, 56, 56, 1, 8, 'Culminado', '000013', '2024-02-02', 42805, '2024-01-24', 4, 4, NULL, '2024-10-21 10:39:34', '2025-03-13 11:17:51');
INSERT INTO `designacion` VALUES (394, '001772', '2024-10-11', NULL, 351, 1, 53, 78, 1, 56, 56, 1, 8, 'Activo', '000013', '2024-02-02', 42805, '2024-01-24', 1, 1, NULL, '2024-10-30 08:39:01', '2024-10-30 08:39:01');
INSERT INTO `designacion` VALUES (395, '002086', '2024-12-10', NULL, 364, 2, 3, 149, 44, 42, 56, 4, 8, 'Activo', '000013', '2024-02-02', 42805, '2024-01-24', 4, 4, NULL, '2025-01-20 10:14:24', '2025-01-20 10:14:24');
INSERT INTO `designacion` VALUES (396, '000348', '2025-02-24', NULL, 365, 1, 53, 23, 17, 9, 56, 4, 8, 'Activo', '000013', '2024-02-02', 42805, '2024-01-24', 4, 4, NULL, '2025-02-24 10:31:32', '2025-02-24 10:31:32');
INSERT INTO `designacion` VALUES (397, '000309', '2025-02-13', NULL, 360, 1, 53, 44, 13, 12, 56, 1, 8, 'Activo', '000013', '2024-02-02', 42805, '2024-01-24', 1, 1, NULL, '2025-03-13 11:18:54', '2025-03-13 11:18:54');
INSERT INTO `designacion` VALUES (398, '001899', NULL, NULL, 175, 1, 53, 89, 13, 12, 56, 1, 8, 'Activo', '000013', '2024-02-02', 42805, '2024-01-24', 1, 1, NULL, '2025-07-08 11:36:26', '2025-07-21 09:57:37');

-- ----------------------------
-- Table structure for division
-- ----------------------------
DROP TABLE IF EXISTS `division`;
CREATE TABLE `division`  (
  `id` bigint(20) UNSIGNED NOT NULL AUTO_INCREMENT,
  `descripcion` varchar(190) CHARACTER SET latin1 COLLATE latin1_swedish_ci NOT NULL,
  `ubicacion` varchar(190) CHARACTER SET latin1 COLLATE latin1_swedish_ci NOT NULL,
  `id_jefedep` bigint(20) UNSIGNED NOT NULL,
  `actual` int(1) UNSIGNED NOT NULL COMMENT '0:Coordinador, 1:Jefe, 2:Encargado, 3:Enlace',
  `created_by` bigint(20) UNSIGNED NULL DEFAULT NULL,
  `updated_by` bigint(20) UNSIGNED NULL DEFAULT NULL,
  `deleted_by` bigint(20) UNSIGNED NULL DEFAULT NULL,
  `created_at` timestamp NULL DEFAULT NULL,
  `updated_at` timestamp NULL DEFAULT NULL,
  PRIMARY KEY (`id`) USING BTREE,
  INDEX `id_jefedep`(`id_jefedep`) USING BTREE,
  CONSTRAINT `division_ibfk_1` FOREIGN KEY (`id_jefedep`) REFERENCES `jefedependencia` (`id`) ON DELETE RESTRICT ON UPDATE CASCADE
) ENGINE = InnoDB AUTO_INCREMENT = 61 CHARACTER SET = latin1 COLLATE = latin1_swedish_ci ROW_FORMAT = Compact;

-- ----------------------------
-- Records of division
-- ----------------------------
INSERT INTO `division` VALUES (1, 'ADMINISTRACION', '1', 56, 1, 1, 1, NULL, '2022-11-23 08:26:10', '2024-10-16 09:26:38');
INSERT INTO `division` VALUES (2, 'FISCALIZACION', '1', 11, 1, 1, 1, NULL, '2022-11-29 10:37:07', '2024-04-09 09:06:01');
INSERT INTO `division` VALUES (7, 'JURIDICO TRIBUTARIO', '1', 7, 1, 1, 1, NULL, '2022-11-29 10:38:55', '2024-04-09 09:29:29');
INSERT INTO `division` VALUES (11, 'GERENCIA', '1', 53, 1, 2, 2, NULL, '2023-01-24 14:16:21', '2024-04-09 09:28:06');
INSERT INTO `division` VALUES (13, 'RECAUDACION', '1', 12, 1, 2, 2, NULL, '2023-01-24 14:39:30', '2024-04-09 09:32:00');
INSERT INTO `division` VALUES (14, 'ASISTENCIA AL CONTRIBUYENTE', '1', 10, 1, 2, 2, NULL, '2023-01-24 14:39:41', '2024-04-09 08:23:00');
INSERT INTO `division` VALUES (15, 'TRAMITACIONES', '1', 8, 1, 2, 2, NULL, '2023-01-24 14:39:55', '2024-04-09 09:41:54');
INSERT INTO `division` VALUES (16, 'SUMARIO ADMINISTRATIVO', '1', 54, 1, 2, 2, NULL, '2023-01-24 14:40:40', '2024-04-10 10:40:55');
INSERT INTO `division` VALUES (17, 'SUJETOS PASIVOS ESPECIALES', '1', 9, 1, 2, 2, NULL, '2023-01-24 14:40:58', '2024-04-09 09:37:05');
INSERT INTO `division` VALUES (20, 'UNIDAD DE TRIBUTOS INTERNOS ALTAGRACIA DE ORITUCO', '4', 18, 1, 4, 4, NULL, '2023-04-04 09:29:06', '2024-04-09 08:21:06');
INSERT INTO `division` VALUES (24, 'AREA RECAUDACION', '4', 20, 0, 4, 4, NULL, '2023-04-10 09:59:46', '2024-04-09 09:32:44');
INSERT INTO `division` VALUES (26, 'AREA ASISTENCIA AL COTRIBUYENTE', '4', 24, 0, 4, 4, NULL, '2023-04-10 10:01:58', '2024-04-09 09:25:14');
INSERT INTO `division` VALUES (27, 'AREA FISCALIZACION', '4', 18, 0, 4, 4, NULL, '2023-04-10 11:20:51', '2024-04-09 09:25:38');
INSERT INTO `division` VALUES (28, 'AREA SUJETOS PASIVOS ESPECIALES', '4', 22, 0, 4, 4, NULL, '2023-04-10 14:50:35', '2024-04-09 09:37:51');
INSERT INTO `division` VALUES (29, 'AREA TRAMITACIONES', '4', 23, 0, 4, 4, NULL, '2023-04-10 14:57:13', '2024-04-09 09:42:47');
INSERT INTO `division` VALUES (30, 'AREA RECAUDACION', '5', 25, 0, 4, 4, NULL, '2023-04-25 14:01:00', '2024-04-09 09:33:42');
INSERT INTO `division` VALUES (31, 'AREA FISCALIZACION', '5', 27, 0, 4, 4, NULL, '2023-04-25 14:06:05', '2024-04-09 09:26:59');
INSERT INTO `division` VALUES (32, 'AREA SUJETOS PASIVOS ESPECIALES', '5', 28, 0, 4, 4, NULL, '2023-04-25 14:40:40', '2024-04-09 09:38:34');
INSERT INTO `division` VALUES (33, 'AREA ASISTENCIA AL CONTRIBUYENTE', '5', 29, 0, 4, 4, NULL, '2023-04-25 14:59:21', '2024-04-09 09:23:46');
INSERT INTO `division` VALUES (34, 'AREA TRAMITACIONES', '5', 50, 0, 4, 4, NULL, '2023-04-25 15:05:18', '2024-04-10 12:02:04');
INSERT INTO `division` VALUES (35, 'AREA SUJETOS PASIVOS ESPECIALES', '3', 31, 0, 2, 2, NULL, '2023-04-25 15:47:35', '2024-04-09 09:40:34');
INSERT INTO `division` VALUES (36, 'AREA TRAMITACIONES', '3', 48, 0, 2, 2, NULL, '2023-04-26 09:41:04', '2024-04-09 09:44:21');
INSERT INTO `division` VALUES (37, 'AREA FISCALIZACION', '3', 33, 0, 2, 2, NULL, '2023-04-26 09:55:11', '2024-04-09 09:27:38');
INSERT INTO `division` VALUES (38, 'AREA DE ADMINISTRACION', '5', 2, 1, 4, 4, NULL, '2023-04-26 14:26:19', '2024-04-09 08:14:16');
INSERT INTO `division` VALUES (39, 'SECTOR DE TRIBUTOS INTERNOS SAN FERNANDO DE APURE', '4', 4, 1, 2, 2, NULL, '2023-04-27 10:21:10', '2024-04-09 09:35:14');
INSERT INTO `division` VALUES (40, 'AREA DE ADMINISTRACION', '2', 3, 1, 3, 3, NULL, '2023-05-02 09:45:08', '2024-04-09 08:13:57');
INSERT INTO `division` VALUES (42, 'AREA DE  ADMINISTRACION', '4', 18, 1, 3, 3, NULL, '2023-05-02 15:01:28', '2024-04-09 08:12:34');
INSERT INTO `division` VALUES (43, 'AREA FISCALIZACION', '2', 40, 0, 3, 3, NULL, '2023-05-02 15:39:02', '2024-04-09 08:16:30');
INSERT INTO `division` VALUES (44, 'AREA SUJETOS PASIVOS ESPECIALES', '2', 42, 0, 3, 3, NULL, '2023-05-03 11:24:58', '2024-04-09 08:20:25');
INSERT INTO `division` VALUES (45, 'AREA RECAUDACION', '2', 44, 0, 3, 3, NULL, '2023-05-03 11:41:30', '2024-04-09 08:17:18');
INSERT INTO `division` VALUES (46, 'AREA ASISTENCIA AL CONTRIBUYENTE', '2', 39, 0, 3, 3, NULL, '2023-05-03 12:15:52', '2024-04-09 09:24:36');
INSERT INTO `division` VALUES (47, 'AREA TRAMITACIONES', '2', 43, 0, 3, 3, NULL, '2023-05-04 09:02:45', '2024-04-09 09:45:03');
INSERT INTO `division` VALUES (49, 'SECTOR DE TRIBUTOS INTERNOS SAN JUAN DE LOS MORROS', '2', 3, 1, 1, 1, NULL, '2023-05-11 08:19:33', '2024-04-09 08:19:27');
INSERT INTO `division` VALUES (50, 'SECTOR DE TRIBUTOS INTERNOS VALLE DE LA PASCUA', '5', 2, 1, 4, 4, NULL, '2023-05-17 09:31:50', '2024-04-09 09:36:10');
INSERT INTO `division` VALUES (51, 'MEDIDAS CAUTELARES Y COBRO EJECUTIVO', '1', 13, 1, 1, 1, NULL, '2023-12-06 11:49:49', '2024-04-09 09:30:33');
INSERT INTO `division` VALUES (52, 'AREA SERVICIOS MEDICOS', '2', 3, 0, 1, 1, NULL, '2023-12-06 11:59:02', '2024-04-09 08:18:16');
INSERT INTO `division` VALUES (53, 'AREA DE ADMINISTRACION', '3', 4, 1, 1, 1, NULL, '2023-12-06 13:30:13', '2024-04-09 08:13:38');
INSERT INTO `division` VALUES (56, 'AREA ASISTENCIA AL CONTRIBUYENTE', '3', 49, 0, 1, 1, NULL, '2023-12-06 13:59:08', '2024-04-09 09:24:53');
INSERT INTO `division` VALUES (57, 'PLANIFICACION', '1', 51, 0, 1, 1, NULL, '2023-12-07 10:56:30', '2024-04-09 09:31:14');
INSERT INTO `division` VALUES (58, 'AREA RECAUDACION', '3', 14, 0, 1, 1, NULL, '2023-12-07 11:21:18', '2024-04-09 09:34:29');
INSERT INTO `division` VALUES (59, 'ADMINISTRACION/PASANTIAS', '1', 56, 1, 1, 1, NULL, '2024-04-01 14:14:29', '2024-10-21 10:37:59');
INSERT INTO `division` VALUES (60, 'OFICINA NACIONAL DE INVESTIGACIÓN, PROTECCIÓN Y CUSTODIA', '1', 55, 1, 4, 4, NULL, '2024-04-10 13:35:28', '2024-04-10 13:35:28');

-- ----------------------------
-- Table structure for failed_jobs
-- ----------------------------
DROP TABLE IF EXISTS `failed_jobs`;
CREATE TABLE `failed_jobs`  (
  `id` bigint(20) UNSIGNED NOT NULL AUTO_INCREMENT,
  `uuid` varchar(191) CHARACTER SET utf8 COLLATE utf8_unicode_ci NOT NULL,
  `connection` text CHARACTER SET utf8 COLLATE utf8_unicode_ci NOT NULL,
  `queue` text CHARACTER SET utf8 COLLATE utf8_unicode_ci NOT NULL,
  `payload` longtext CHARACTER SET utf8 COLLATE utf8_unicode_ci NOT NULL,
  `exception` longtext CHARACTER SET utf8 COLLATE utf8_unicode_ci NOT NULL,
  `failed_at` timestamp NOT NULL DEFAULT CURRENT_TIMESTAMP,
  PRIMARY KEY (`id`) USING BTREE,
  UNIQUE INDEX `failed_jobs_uuid_unique`(`uuid`) USING BTREE
) ENGINE = InnoDB AUTO_INCREMENT = 1 CHARACTER SET = utf8 COLLATE = utf8_unicode_ci ROW_FORMAT = DYNAMIC;

-- ----------------------------
-- Records of failed_jobs
-- ----------------------------

-- ----------------------------
-- Table structure for familiares
-- ----------------------------
DROP TABLE IF EXISTS `familiares`;
CREATE TABLE `familiares`  (
  `id` bigint(20) UNSIGNED NOT NULL AUTO_INCREMENT,
  `cedula` varchar(10) CHARACTER SET utf8 COLLATE utf8_unicode_ci NOT NULL,
  `nombre` varchar(190) CHARACTER SET utf8 COLLATE utf8_unicode_ci NOT NULL,
  `apellido` varchar(190) CHARACTER SET utf8 COLLATE utf8_unicode_ci NOT NULL,
  `fecha_nac` date NOT NULL,
  `parentesco` varchar(15) CHARACTER SET utf8 COLLATE utf8_unicode_ci NOT NULL,
  `id_func` bigint(20) UNSIGNED NOT NULL,
  `created_by` bigint(20) UNSIGNED NULL DEFAULT NULL,
  `updated_by` bigint(20) UNSIGNED NULL DEFAULT NULL,
  `deleted_by` bigint(20) UNSIGNED NULL DEFAULT NULL,
  `created_at` timestamp NULL DEFAULT NULL,
  `updated_at` timestamp NULL DEFAULT NULL,
  PRIMARY KEY (`id`) USING BTREE,
  UNIQUE INDEX `cedula`(`cedula`) USING BTREE,
  INDEX `id_func`(`id_func`) USING BTREE,
  INDEX `familiares_created_by_foreign`(`created_by`) USING BTREE,
  INDEX `familiares_updated_by_foreign`(`updated_by`) USING BTREE,
  INDEX `familiares_deleted_by_foreign`(`deleted_by`) USING BTREE,
  CONSTRAINT `familiares_created_by_foreign` FOREIGN KEY (`created_by`) REFERENCES `users` (`id`) ON DELETE RESTRICT ON UPDATE RESTRICT,
  CONSTRAINT `familiares_deleted_by_foreign` FOREIGN KEY (`deleted_by`) REFERENCES `users` (`id`) ON DELETE RESTRICT ON UPDATE RESTRICT,
  CONSTRAINT `familiares_id_func_foreign` FOREIGN KEY (`id_func`) REFERENCES `funcionarios` (`id`) ON DELETE RESTRICT ON UPDATE CASCADE,
  CONSTRAINT `familiares_updated_by_foreign` FOREIGN KEY (`updated_by`) REFERENCES `users` (`id`) ON DELETE RESTRICT ON UPDATE RESTRICT
) ENGINE = InnoDB AUTO_INCREMENT = 17 CHARACTER SET = utf8 COLLATE = utf8_unicode_ci ROW_FORMAT = DYNAMIC;

-- ----------------------------
-- Records of familiares
-- ----------------------------
INSERT INTO `familiares` VALUES (1, 'V-14238607', 'Erika Leonida', 'Graterol Peña', '1980-10-20', 'Conyugue', 1, NULL, NULL, NULL, '2022-10-21 13:37:21', '2022-10-21 13:37:21');
INSERT INTO `familiares` VALUES (2, 'V-7278238', 'Elena Agapita', 'Abreu', '1954-10-18', 'Madre', 20, NULL, NULL, NULL, '2022-10-25 14:09:35', '2022-10-25 14:09:35');
INSERT INTO `familiares` VALUES (3, 'V-8617921', 'Carlos German', 'Paez', '1953-05-25', 'Padre', 20, NULL, NULL, NULL, '2022-10-25 14:11:19', '2022-10-25 14:11:19');
INSERT INTO `familiares` VALUES (4, 'V-10274671', 'Rudy Aracelys', 'Gamarra Rivero', '1971-08-25', 'Madre', 2, NULL, NULL, NULL, '2022-10-25 14:17:19', '2022-10-25 14:17:57');
INSERT INTO `familiares` VALUES (5, 'V-32977878', 'Marialejandra', 'Sáez Graterol', '2009-09-17', 'Hija', 1, NULL, NULL, NULL, '2022-10-25 14:24:48', '2022-10-25 14:25:17');
INSERT INTO `familiares` VALUES (6, 'No posee', 'Joaquín Alejandro', 'Sáez Graterol', '2011-06-07', 'Hijo', 1, NULL, NULL, NULL, '2022-10-25 14:27:46', '2022-10-25 14:27:46');
INSERT INTO `familiares` VALUES (8, 'V-22612034', 'Ambar Yubraska', 'Martinez Rivero', '2017-10-24', 'Hija', 2, NULL, NULL, NULL, '2022-10-25 14:29:27', '2022-10-25 14:29:27');
INSERT INTO `familiares` VALUES (9, 'V-6626009', 'Clara Josefina', 'Hernandez', '1943-08-12', 'Madre', 1, NULL, NULL, NULL, '2022-10-25 14:36:25', '2022-10-25 14:36:25');
INSERT INTO `familiares` VALUES (10, 'V-2516786', 'Joaquín', 'Sáez', '1946-08-15', 'Padre', 1, NULL, NULL, NULL, '2022-10-25 14:37:39', '2022-10-25 14:37:39');
INSERT INTO `familiares` VALUES (12, 'V-9745424', 'Rosabel', 'Montiel', '2021-04-22', 'Hija', 21, NULL, NULL, NULL, '2022-10-25 14:44:27', '2022-10-25 14:44:27');
INSERT INTO `familiares` VALUES (13, 'v-14239551', 'FRANCIS RAQUEL', 'DANIELSSANCHEZ', '1981-03-10', 'Conyugue', 22, NULL, NULL, NULL, '2022-10-25 14:54:20', '2022-10-25 14:54:20');
INSERT INTO `familiares` VALUES (14, 'V-34015860', 'LUIS FRANCISCO', 'ORTEGA LOPEZ', '2012-01-16', 'Hijo', 25, NULL, NULL, NULL, '2023-01-04 09:06:26', '2023-01-04 09:06:26');
INSERT INTO `familiares` VALUES (15, 'V-2522532', 'FRANCISCA', 'LOPEZ', '1945-03-09', 'Madre', 25, NULL, NULL, NULL, '2023-01-04 09:07:59', '2023-01-04 09:07:59');
INSERT INTO `familiares` VALUES (16, 'V-14341734', 'MICHELL GENCARLO', 'SULBARAN', '1976-11-06', 'Conyugue', 25, NULL, NULL, NULL, '2023-01-04 09:12:13', '2023-01-04 09:12:13');

-- ----------------------------
-- Table structure for firmas
-- ----------------------------
DROP TABLE IF EXISTS `firmas`;
CREATE TABLE `firmas`  (
  `id` bigint(20) UNSIGNED NOT NULL AUTO_INCREMENT,
  `firma` varchar(190) CHARACTER SET utf8 COLLATE utf8_unicode_ci NOT NULL,
  `id_dep` bigint(20) UNSIGNED NOT NULL,
  `actual` tinyint(4) NOT NULL,
  `provi_jefe` varchar(20) CHARACTER SET utf8 COLLATE utf8_unicode_ci NOT NULL,
  `fecha_provi` date NULL DEFAULT NULL,
  `gaceta_provi` bigint(20) UNSIGNED NOT NULL,
  `fecha_gaceta` date NULL DEFAULT NULL,
  `created_by` bigint(20) UNSIGNED NULL DEFAULT NULL,
  `updated_by` bigint(20) UNSIGNED NULL DEFAULT NULL,
  `deleted_by` bigint(20) UNSIGNED NULL DEFAULT NULL,
  `created_at` timestamp NULL DEFAULT NULL,
  `updated_at` timestamp NULL DEFAULT NULL,
  PRIMARY KEY (`id`) USING BTREE,
  INDEX `firmas_created_by_foreign`(`created_by`) USING BTREE,
  INDEX `firmas_updated_by_foreign`(`updated_by`) USING BTREE,
  INDEX `firmas_deleted_by_foreign`(`deleted_by`) USING BTREE,
  INDEX `id_dep`(`id_dep`) USING BTREE,
  CONSTRAINT `firmas_created_by_foreign` FOREIGN KEY (`created_by`) REFERENCES `users` (`id`) ON DELETE RESTRICT ON UPDATE RESTRICT,
  CONSTRAINT `firmas_deleted_by_foreign` FOREIGN KEY (`deleted_by`) REFERENCES `users` (`id`) ON DELETE RESTRICT ON UPDATE RESTRICT,
  CONSTRAINT `firmas_ibfk_1` FOREIGN KEY (`id_dep`) REFERENCES `dependencia` (`id`) ON DELETE RESTRICT ON UPDATE CASCADE,
  CONSTRAINT `firmas_updated_by_foreign` FOREIGN KEY (`updated_by`) REFERENCES `users` (`id`) ON DELETE RESTRICT ON UPDATE RESTRICT
) ENGINE = InnoDB AUTO_INCREMENT = 11 CHARACTER SET = utf8 COLLATE = utf8_unicode_ci ROW_FORMAT = DYNAMIC;

-- ----------------------------
-- Records of firmas
-- ----------------------------

-- ----------------------------
-- Table structure for funcionarios
-- ----------------------------
DROP TABLE IF EXISTS `funcionarios`;
CREATE TABLE `funcionarios`  (
  `id` bigint(20) UNSIGNED NOT NULL AUTO_INCREMENT,
  `cedula` varchar(10) CHARACTER SET latin1 COLLATE latin1_swedish_ci NOT NULL,
  `rif` varchar(12) CHARACTER SET latin1 COLLATE latin1_swedish_ci NOT NULL,
  `nombre` varchar(190) CHARACTER SET latin1 COLLATE latin1_swedish_ci NOT NULL,
  `apellido` varchar(190) CHARACTER SET latin1 COLLATE latin1_swedish_ci NOT NULL,
  `fecha_in` date NOT NULL,
  `fecha_nac` date NOT NULL,
  `correo_i` varchar(190) CHARACTER SET latin1 COLLATE latin1_swedish_ci NOT NULL,
  `correo_alt` varchar(190) CHARACTER SET latin1 COLLATE latin1_swedish_ci NOT NULL,
  `twitter` varchar(190) CHARACTER SET latin1 COLLATE latin1_swedish_ci NOT NULL,
  `telefono_p` varchar(15) CHARACTER SET latin1 COLLATE latin1_swedish_ci NOT NULL,
  `telefono_cont` varchar(15) CHARACTER SET latin1 COLLATE latin1_swedish_ci NOT NULL,
  `sexo` varchar(1) CHARACTER SET latin1 COLLATE latin1_swedish_ci NOT NULL,
  `alergia` varchar(190) CHARACTER SET latin1 COLLATE latin1_swedish_ci NOT NULL DEFAULT '',
  `direccion` varchar(190) CHARACTER SET latin1 COLLATE latin1_swedish_ci NOT NULL,
  `tipo_s` varchar(30) CHARACTER SET latin1 COLLATE latin1_swedish_ci NOT NULL DEFAULT '',
  `condicion_in` varchar(30) CHARACTER SET latin1 COLLATE latin1_swedish_ci NOT NULL,
  `ancho` smallint(6) NOT NULL DEFAULT 0,
  `alto` smallint(6) NOT NULL DEFAULT 0,
  `tipoimagen` char(15) CHARACTER SET latin1 COLLATE latin1_swedish_ci NOT NULL DEFAULT '',
  `foto` longblob NULL,
  `nuevoqr` varchar(250) CHARACTER SET latin1 COLLATE latin1_swedish_ci NULL DEFAULT NULL,
  `created_by` bigint(20) UNSIGNED NULL DEFAULT NULL,
  `updated_by` bigint(20) UNSIGNED NULL DEFAULT NULL,
  `deleted_by` bigint(20) UNSIGNED NULL DEFAULT NULL,
  `id_dep` bigint(20) UNSIGNED NULL DEFAULT NULL,
  `created_at` timestamp NULL DEFAULT NULL,
  `updated_at` timestamp NULL DEFAULT NULL,
  `voto` tinyint(4) NOT NULL DEFAULT 0,
  `centrovotacion` varchar(250) CHARACTER SET latin1 COLLATE latin1_swedish_ci NOT NULL DEFAULT 'No indica',
  PRIMARY KEY (`id`) USING BTREE,
  UNIQUE INDEX `cedula`(`cedula`) USING BTREE,
  UNIQUE INDEX `rif`(`rif`) USING BTREE,
  INDEX `funcionarios_created_by_foreign`(`created_by`) USING BTREE,
  INDEX `funcionarios_updated_by_foreign`(`updated_by`) USING BTREE,
  INDEX `funcionarios_deleted_by_foreign`(`deleted_by`) USING BTREE,
  CONSTRAINT `funcionarios_created_by_foreign` FOREIGN KEY (`created_by`) REFERENCES `users` (`id`) ON DELETE RESTRICT ON UPDATE RESTRICT,
  CONSTRAINT `funcionarios_deleted_by_foreign` FOREIGN KEY (`deleted_by`) REFERENCES `users` (`id`) ON DELETE RESTRICT ON UPDATE RESTRICT,
  CONSTRAINT `funcionarios_updated_by_foreign` FOREIGN KEY (`updated_by`) REFERENCES `users` (`id`) ON DELETE RESTRICT ON UPDATE RESTRICT
) ENGINE = InnoDB AUTO_INCREMENT = 382 CHARACTER SET = latin1 COLLATE = latin1_swedish_ci ROW_FORMAT = Compact;

-- ----------------------------
-- Records of funcionarios
-- ----------------------------
INSERT INTO `funcionarios` VALUES (1, 'V-15100387', 'V-15100387-3', 'JOAQUIN ANTONIO', 'SAEZ HERNANDEZ', '2022-01-18', '1979-03-09', 'jsaez@seniat.gob.ve', 'sahejoan@gmail.com', '@jsaezseniat2024', '04124637469', '04124637471', 'M', 'No tengo', 'Calle 13  La Trinidad', 'A+', 'Contratado', 0, 0, '', NULL, NULL, NULL, NULL, NULL, 1, '2022-10-20 08:31:19', '2024-07-28 06:48:01', 1, 'ESTADO: EDO. GUARICO\nMUNICIPIO: MP. MIRANDA\nPARROQUIA: PQ. CALABOZO\nCENTRO: ESCUELA BOLIVARIANA NUMERO 1988\nDIRECCIóN: BARRIO CARRASQUELERO DERECHA CALLE 13. FRENTE CALLE 13 AL FINAL. IZQUIERDA CALLEJÓN 19 DE ABRIL BARRIO CARRASQUELERO CALLE 13');
INSERT INTO `funcionarios` VALUES (2, 'V-22612034', 'V-22612034-0', 'Yhoselyn', 'Rivero  Gamarra', '2021-10-15', '1994-12-06', 'yrgamarra@seniat.gob.ve', 'YHOSELINRIVERO@HOTMAIL.COM', '@yhoser', '0414-1490331', '0424-3052901', 'F', 'no', 'Casco Central  Calle  2 Con  Carrera  12 Y 13', '0+', 'Contratado', 0, 0, '', NULL, NULL, NULL, NULL, NULL, 1, '2022-10-21 10:43:09', '2024-06-26 15:25:06', 0, 'ESTADO: EDO. GUARICO\nMUNICIPIO: MP. MIRANDA\nPARROQUIA: PQ. CALABOZO\nCENTRO: COLEGIO NUESTRA SEÑORA DE LA COROMOTO\nDIRECCIóN: SECTOR CASCO CENTRAL FRENTE CALLE 5. DERECHA CARRERA 12. IZQUIERDA CARRERA 11 FRENTE AL BANCO DEL CARIBE EDIFICIO');
INSERT INTO `funcionarios` VALUES (3, 'V-15101234', 'V-15101234-1', 'JUAN   JOSE', 'ABREU  SILVA', '2019-11-21', '1979-07-06', 'jjabreu@seniat.gob.ve', 'juanjoseabreusilva@gmail.com', 'juanabreu763', '0424-3065302', '0412-4166883', 'M', 'NO', 'Urb. Cañafistola   Sector  4 Casa  N. 06 vereda 96', 'A+', 'Contratado', 0, 0, '', NULL, NULL, NULL, NULL, NULL, 1, '2022-10-21 13:40:20', '2024-07-28 11:28:26', 1, 'ESTADO: EDO. GUARICO\nMUNICIPIO: MP. MIRANDA\nPARROQUIA: PQ. CALABOZO\nCENTRO: LICEO FRANCISCO DE MIRANDA\nDIRECCIóN: URBANIZACIÓN FRANCISCO DE MIRANDA FRENTE AVENIDA 7. DERECHA CALLE 3. IZQUIERDA CALLE PRIMERO DE MAYO CALLE 7 SECTOR FRANCISCO DE MI');
INSERT INTO `funcionarios` VALUES (4, 'V-20184888', 'V-20184888-8', 'Beyatriz  Del  Valle', 'Abano  Boyer', '2019-06-06', '1992-04-14', 'babano@seniat.gob.ve', 'BEYATRIZABANO@GMAIL.COM', 'beya65039569', '0424-3378750', '0246-8717743', 'F', 'NO', 'Barrio  Cruz  Del  Perdón  Calle  3  Casa  N.54', 'NO RECUERDA', 'Contratado', 0, 0, '', NULL, NULL, NULL, NULL, NULL, 1, '2022-10-21 13:49:04', '2024-06-26 15:02:28', 0, 'ESTADO: EDO. GUARICO\nMUNICIPIO: MP. MIRANDA\nPARROQUIA: PQ. CALABOZO\nCENTRO: ESCUELA BASICA ANTONIO ESTEVEZ\nDIRECCIóN: BARRIO CRUZ DEL PERDON DERECHA CALLE CRUZ DEL PERDON. IZQUIERDA CALLE DEL BARRIO BRISAS DEL COLEO. FRENTE CALLE 3 A 2OO METROS');
INSERT INTO `funcionarios` VALUES (5, 'V-8633075', 'V-8633075-0', 'JOSE ANTONIO', 'ACEVEDO  BASAN', '1995-02-16', '1969-11-14', 'JACEVEDO@SENIAT.GOB.VE', 'JOVEDO8633@GMAIL.COM', '@JOVEDO8633', '0414-4687483', '0414-1494979', 'M', 'NO', 'Carrera  3 Esquina   Calle 4 Centro', 'ORH+', 'Jefe de Division', 0, 0, '', NULL, NULL, NULL, NULL, NULL, 1, '2022-10-21 14:17:53', '2024-07-28 11:31:48', 1, 'ESTADO: EDO. GUARICO\nMUNICIPIO: MP. MIRANDA\nPARROQUIA: PQ. CALABOZO\nCENTRO: GRUPO ESCOLAR JOSE RAFAEL VISO RODRIGUEZ\nDIRECCIóN: URBANIZACIÓN MISION ABAJO DERECHA CALLE PRINCIPAL DE GUAMACHITO. IZQUIERDA CALLE PLAZOLETA. FRENTE CALLE 3 CALLE 3 SE');
INSERT INTO `funcionarios` VALUES (6, 'V-15481689', 'V-15481689-1', 'Yhomar   Antonio', 'Acosta  Cedeño', '2021-09-09', '1982-08-13', 'YAACOSTA@SENIAT.GOB.VE', 'YHOMARANTONIO222@GMAIL.COM', 'ANTONIOYHOMAR', '0424-3675938', '0246-8725474', 'M', 'MENTOL', 'Urb.  Nicolas  Hurtado Barrios', 'A+', 'Auditor Aduanero y Trib.', 0, 0, '', NULL, NULL, NULL, NULL, NULL, 1, '2022-10-21 14:54:44', '2024-07-28 12:05:36', 1, 'ESTADO: EDO. GUARICO\nMUNICIPIO: MP. MIRANDA\nPARROQUIA: PQ. CALABOZO\nCENTRO: ESCUELA BOLIVARIANA LUISA CACERES DE ARISMENDI\nDIRECCIóN: BARRIO CAÑAFISTOLA DERECHA CALLE PRINCIPAL DE CAÑAFISTOLA. IZQUIERDA CALLE PRINCIPAL DE FRANCISCO DE MIRANDA. F');
INSERT INTO `funcionarios` VALUES (7, 'V-15710575', 'V-15710575-9', 'Denny Sulay', 'Veliz Contreras', '2007-09-10', '1983-03-13', '', '', '', '0424-3102770', '', 'F', '', 'Urba. El Saman Calle 10 Casa A-61', '', 'Fijo', 0, 0, '', NULL, NULL, NULL, NULL, NULL, NULL, NULL, NULL, 0, 'No indica');
INSERT INTO `funcionarios` VALUES (8, 'V-7942156', 'V-07942156-8', 'Jose  Gregorio', 'Gomez  Rebolledo', '2005-09-01', '1967-05-31', '', '', '', '', '', 'M', '', 'Urb. Simon Rodriguez', '', 'Fijo', 0, 0, '', NULL, NULL, NULL, NULL, NULL, NULL, NULL, NULL, 0, 'No indica');
INSERT INTO `funcionarios` VALUES (9, 'V-11797710', 'V-11797710-9', 'SUNAYDA  ADELAIDA', 'ACOSTA UVIEDO', '1997-11-01', '1976-05-20', 'saacosta@seniat.gob.ve', 'sinai2706@gmail.com', '', '0414-4692655', '0424-3247823', 'F', 'NO', 'Carrera 6 c/c 6 y 7 Casa N. 3', 'O+', 'Fijo', 0, 0, '', NULL, NULL, NULL, NULL, NULL, NULL, NULL, NULL, 0, 'No indica');
INSERT INTO `funcionarios` VALUES (10, 'V-9826561', 'V-09826561-5', 'LEIDA DEL VALLE', 'LARA DE HERRERA', '2005-09-01', '1969-04-05', '', '', '', '', '', 'F', '', 'Urb. Los Indios', '', 'Fijo', 0, 0, '', NULL, NULL, NULL, NULL, NULL, NULL, NULL, NULL, 0, 'No indica');
INSERT INTO `funcionarios` VALUES (11, 'V-8626001', 'V-08626001-4', 'Maria Vicenzia', 'Castillo Castro', '2002-03-07', '1965-03-13', '', '', '', '', '', 'F', '', 'Casco Central', '', 'Fijo', 0, 0, '', NULL, NULL, NULL, NULL, NULL, NULL, NULL, NULL, 0, 'No indica');
INSERT INTO `funcionarios` VALUES (12, 'V-11795861', 'V-11975861-9', 'Nathaly', 'Carrillo Mujica', '2005-09-01', '1976-03-14', '', '', '', '0412-7790836', '', 'F', '', 'Pinto Salina Calle la Pedrera', '', 'Fijo', 0, 0, '', NULL, NULL, NULL, NULL, NULL, NULL, NULL, NULL, 0, 'No indica');
INSERT INTO `funcionarios` VALUES (13, 'V-86234847', 'V-08623484-6', 'Frank  Manuel', 'Gamez Gil', '1995-02-26', '1964-11-26', '', '', '', '', '', 'M', '', 'Urb. Simon Rodriguez', '', 'Prof. Aduanero y Tributario', 0, 0, '', NULL, NULL, NULL, NULL, NULL, NULL, NULL, NULL, 0, 'No indica');
INSERT INTO `funcionarios` VALUES (14, 'V-14430072', 'V-14430072-2', 'Merlin Alejandra', 'Ojeda  Gil', '2000-06-07', '1977-10-30', '', '', '', '', '', 'F', '', 'Urb. Guaitoito  Sector 2 Calle  23 N. 4', '', 'Fijo', 0, 0, '', NULL, NULL, NULL, NULL, NULL, NULL, NULL, NULL, 0, 'No indica');
INSERT INTO `funcionarios` VALUES (15, 'V-16384475', 'V-16384475-0', 'Manuel Antonio', 'Escalona Herrera', '2019-02-04', '1980-10-08', '', '', '', '0424-3165828', '', 'M', '', 'Nicolas Hurtado Barrios', '', 'Contratado', 0, 0, '', NULL, NULL, NULL, NULL, NULL, NULL, NULL, NULL, 0, 'No indica');
INSERT INTO `funcionarios` VALUES (16, 'V-8617901', 'V-08617901-2', 'Julian Omero', 'Seijas Hernandez', '1997-01-01', '1961-01-07', '', '', '', '', '', 'M', '', 'Virgen Del Carmen Manzana 05 Casa Nro 05', '', 'Fijo', 0, 0, '', NULL, NULL, NULL, NULL, NULL, NULL, NULL, NULL, 0, 'No indica');
INSERT INTO `funcionarios` VALUES (17, 'V-16416054', 'V-16416054-4', 'YULI CAROLINA', 'RODRIGUEZ ZARRAGA', '2016-03-23', '1988-01-06', '', '', '', '0424-3123163', '', 'F', '', 'Los Pinos', '', 'Fijo', 0, 0, '', NULL, NULL, NULL, NULL, NULL, NULL, NULL, NULL, 0, 'No indica');
INSERT INTO `funcionarios` VALUES (18, 'V-9825986', 'V-09825986-0', 'Celia Margarita', 'Serradas Herrera', '2007-10-15', '1967-03-12', '', '', '', '', '', 'F', '', 'Calle 06 Con  Carrera 7 y 8 Casa N. 7-51', '', 'Fijo', 0, 0, '', NULL, NULL, NULL, NULL, NULL, NULL, NULL, NULL, 0, 'No indica');
INSERT INTO `funcionarios` VALUES (19, 'V-8631468', 'V-08631468-8', 'Sara  Virginia', 'Trocell', '2005-09-01', '1967-05-23', '', '', '', '', '', 'F', '', 'Modesto Freite', '', 'Fijo', 0, 0, '', NULL, NULL, NULL, NULL, NULL, NULL, NULL, NULL, 0, 'No indica');
INSERT INTO `funcionarios` VALUES (20, 'V-14539493', 'V-14539493-3', 'Carlos  Eduardo', 'Paez Abreu', '2022-03-25', '1981-11-02', 'cepaez@seniat.gob.ve', 'carloseduardopaez5@gmail.com', 'NO TIENE', '0414-0483026', '0426-4865604', 'M', 'NO', 'Pozo Azul', 'O+', 'Contratado', 0, 0, '', NULL, NULL, NULL, NULL, NULL, NULL, NULL, NULL, 0, 'No indica');
INSERT INTO `funcionarios` VALUES (21, 'V-9745424', 'V-09745424-0', 'Jesus Enrique', 'Montiel Machado', '2021-04-30', '1968-12-21', '', '', '', '', '', 'M', '', 'Barquisimeto', '', 'gerente', 0, 0, '', NULL, NULL, NULL, NULL, NULL, NULL, NULL, NULL, 0, 'No indica');
INSERT INTO `funcionarios` VALUES (22, 'V-15936811', 'V-15936811-0', 'JOSE DE JESUS', 'URBANEJA IZQUIERDO', '2020-11-04', '1983-01-30', 'jurbaneja@seniat.gob.ve', 'urbaizqui@gmail.com', '', '0424-3038087', '0424-3601119', 'M', '', 'URB. FRANCISC6 O LAZO MARTI AV 6 CASA 615', 'O+', 'Contratado', 0, 0, '', NULL, NULL, NULL, NULL, NULL, NULL, NULL, NULL, 0, 'No indica');
INSERT INTO `funcionarios` VALUES (23, 'V-18971867', 'V-18971867-1', 'ALEXANDER RAFAEL', 'RAMOS', '2018-05-28', '1986-09-12', 'arramos@seniat.gob.ve', 'ramosalexader1986@hotmail.com', '', '0424-310.23.40', '0426-7423428', 'M', '', 'Vicario III calle 7 con carrera 4 y 5', '', 'Fijo', 0, 0, '', NULL, NULL, NULL, NULL, NULL, NULL, NULL, NULL, 0, 'No indica');
INSERT INTO `funcionarios` VALUES (24, 'V-13820854', 'V-13820854-7', 'Jose Miguel', 'Pérez Linares', '2019-01-29', '1977-09-29', 'jperezl@seniat.gob.ve', 'miguelinarescarbunclo@gmail.com', '@miguel77', '04245005630', '04129060921', 'M', 'Trimetoprin Sulfametoxazol', 'Modesto Freistes Calle 2 casa 38-80', 'O+', 'Contratado', 0, 0, '', NULL, NULL, NULL, NULL, NULL, NULL, NULL, NULL, 0, 'No indica');
INSERT INTO `funcionarios` VALUES (25, 'V-18405166', 'V-18405166-0', 'Karlet Rosmary', 'Lopez', '2022-06-01', '1987-08-21', 'krlopez@seniat.gob.ve', 'karletlop@gmail.com', '', '04243085351', '04127796664', 'F', 'No tengo', 'Calle 4 sector Cruz del Perdon', 'AB+', 'Contratado', 0, 0, '', NULL, NULL, NULL, NULL, NULL, NULL, NULL, NULL, 0, 'No indica');
INSERT INTO `funcionarios` VALUES (26, 'V-26027662', 'V-26027662-6', 'Julio Cesar', 'Medina Camejo', '2019-08-27', '1997-04-07', 'jcemedina@seniat.gob.ve', 'jmking1997@gmail.com', '@king01jc', '04141476580', '04120349427', 'M', 'No tengo', 'Barrio Ali Primera calle  el Estadium casa 114', 'B+', 'Contratado', 0, 0, '', NULL, NULL, NULL, NULL, NULL, NULL, NULL, NULL, 0, 'No indica');
INSERT INTO `funcionarios` VALUES (27, 'V-24967698', 'V-24967698-1', 'Yarimar Del Valle', 'Valera Paez', '2018-05-29', '1995-04-22', 'ydvvalera@seniat.gob.ve', 'yarimarvalera@gmail.com', '', '0424-3447379', '', 'F', '', 'Bella Vista Calle 2', '', 'Fijo', 0, 0, '', NULL, NULL, NULL, NULL, NULL, NULL, NULL, NULL, 0, 'No indica');
INSERT INTO `funcionarios` VALUES (28, 'V-20523301', 'V-20523301-0', 'Delia Carolina', 'Carrasquel Bolivar', '2019-08-19', '1988-02-16', 'Dcarrasquel@seniat.gob.ve', 'carolinabolivarc@gmail.com', 'carolinaboliv25', '0412-4162383', '012-7792000', 'F', 'Polvo y olores fuertes', 'Urb. Simon Rodriguez Avenida 2 Casa N. 7', 'B+', 'Contratado', 0, 0, '', NULL, NULL, NULL, NULL, NULL, NULL, NULL, NULL, 0, 'No indica');
INSERT INTO `funcionarios` VALUES (29, 'V-17374183', 'V-17374183-5', 'Daniel Arturo', 'Barrios Garcia', '2007-10-01', '1986-08-15', '', '', '', '04144658595', '', 'M', '', 'Casco central', 'A+', 'Prof. Aduanero y Tributario', 0, 0, '', NULL, NULL, NULL, NULL, NULL, NULL, NULL, NULL, 0, 'No indica');
INSERT INTO `funcionarios` VALUES (30, 'V-24235784', 'V-24235784-8', 'ADRIANA ESTEFANIA', 'DE MENDONCA GARCIA', '2017-03-29', '1994-03-11', '', 'adrianademendoncag@gmail.com', '', '0424-3005759', '', 'F', 'NO', 'Urb. Brisa de la Represa', 'o+', 'Prof. Administrativo', 0, 0, '', NULL, NULL, NULL, NULL, NULL, NULL, NULL, NULL, 0, 'No indica');
INSERT INTO `funcionarios` VALUES (31, 'V-8626869', 'V-08626869-4', 'WILLIAM REINALDO', 'SALINAS MEJIAS', '1997-12-01', '1968-01-06', 'WSALINAS@SENIAT.GOB.VE', 'DANIEL10616809@GMAIL.COM', '@WSALINAS69', '0416-5257626', '0414-2972632', 'M', '', 'Vicario', 'O+', 'Prof. Aduanero y Tributario', 0, 0, '', NULL, NULL, NULL, NULL, NULL, NULL, NULL, NULL, 0, 'No indica');
INSERT INTO `funcionarios` VALUES (32, 'V-19943335', 'V-19943335-7', 'RUDY', 'RUIZ  LOPEZ', '2017-03-29', '1989-07-19', 'rrlopez@seniat.gob.ve', 'rudytrgr@gmail.com', 'rudyrlosllanos', '0424-4125070', '', 'F', 'olores', 'Urb. El Chaparral', 'A+', 'Prof. Administrativo', 0, 0, '', NULL, NULL, NULL, NULL, NULL, NULL, NULL, NULL, 0, 'No indica');
INSERT INTO `funcionarios` VALUES (33, 'V-24236642', 'V-24236642-1', 'Maria Nicolasa', 'Heredia Borjas', '2018-07-30', '1995-10-02', 'mherediab@seniat.gob.ve', 'HEREDIA_MARIA1@HOTMAIL.COM', '@Maria_RegLlanos', '0424-3273563', '0424-3844689', 'F', 'NO', 'Nicaraguara Calle principal  Casa N.13-A', 'O+', 'Contratado', 0, 0, '', NULL, NULL, NULL, NULL, NULL, NULL, NULL, NULL, 0, 'No indica');
INSERT INTO `funcionarios` VALUES (34, 'V-26920420', 'V-26920420-2', 'Daniel Alexander', 'Flores Saez', '2019-01-29', '1998-09-04', '', '', '', '', '', 'M', '', 'Carrera 18 con Calle 12 y 13', '', 'Contratado', 0, 0, '', NULL, NULL, NULL, NULL, NULL, NULL, NULL, NULL, 0, 'No indica');
INSERT INTO `funcionarios` VALUES (35, 'V-8553301', 'V-08553301-7', 'Egliht  Rafael', 'Flores Mejias', '2007-09-10', '1960-06-06', '', '', '', '', '', 'M', '', 'Urb. Guaitoito Sector 2 Calle 23 Casa N.21', '', 'Fijo', 0, 0, '', NULL, NULL, NULL, NULL, NULL, NULL, NULL, NULL, 0, 'No indica');
INSERT INTO `funcionarios` VALUES (36, 'V-19759910', 'V-19759910-0', 'ADELIS YELITZA', 'GONZALEZ  DELGADO', '2016-10-20', '1988-08-17', '', '', '', '', '', 'F', '', 'Av. Principal de Simon Rodriguez Casa N. 22', '', 'Prof. Aduanero y Tributario', 0, 0, '', NULL, NULL, NULL, NULL, NULL, NULL, NULL, NULL, 0, 'No indica');
INSERT INTO `funcionarios` VALUES (37, 'V-26920531', 'V-26920531-4', 'Ermary Sulay', 'Mujica Sevilla', '2021-11-15', '1997-05-30', '', '', '', '0412-8928117', '', 'F', '', 'San Jose Manzana B3 Casa N. 4', '', 'Contratado', 0, 0, '', NULL, NULL, NULL, NULL, NULL, NULL, NULL, NULL, 0, 'No indica');
INSERT INTO `funcionarios` VALUES (38, 'V-19260173', 'V-19260173-4', 'Luz Nathaly', 'Pereira  Alves', '2015-12-21', '1987-12-17', '', '', '', '0424-4476463', '', 'F', '', 'Urb. Francisco Lazo Marti Manzana  6 Casa 623', '', 'Fijo', 0, 0, '', NULL, NULL, NULL, NULL, NULL, NULL, NULL, NULL, 0, 'No indica');
INSERT INTO `funcionarios` VALUES (39, 'V-18219625', 'V-18219625-4', 'Luisa Elena', 'Pantoja', '2016-08-18', '1986-09-23', '', '', '', '', '', 'F', '', 'Vicario III Calle Principal', '', 'Fijo', 0, 0, '', NULL, NULL, NULL, NULL, NULL, NULL, NULL, NULL, 0, 'No indica');
INSERT INTO `funcionarios` VALUES (40, 'V-20183550', 'V-20183550-6', 'Rafael Derain', 'Infante Peinado', '2018-05-30', '1992-06-20', '', '', '', '0424-3607492', '', 'M', '', 'Nicolas Hurtado Barrios', '', 'Contratado', 0, 0, '', NULL, NULL, NULL, NULL, NULL, NULL, NULL, NULL, 0, 'No indica');
INSERT INTO `funcionarios` VALUES (41, 'V-8627936', 'V-8627936-0', 'Luis Bartolo   De San  Gregorio', 'Hurtado Baronis', '2019-11-12', '1967-08-24', '', '', '', '0412-5734806', '', 'M', '', 'Los Pinos', '', 'Contratado', 0, 0, '', NULL, NULL, NULL, NULL, NULL, NULL, NULL, NULL, 0, 'No indica');
INSERT INTO `funcionarios` VALUES (42, 'V-16912334', 'V-16912334-5', 'Gregory Reinier', 'Garcia Hernandez', '2022-01-26', '1984-11-24', '', '', '', '0412-8465513', '0246-8711983', 'M', '', 'Urb. Francisco de Miranda', '', 'Contratado', 0, 0, '', NULL, NULL, NULL, NULL, NULL, NULL, NULL, NULL, 0, 'No indica');
INSERT INTO `funcionarios` VALUES (43, 'V-14925863', 'V-14925863-5', 'Servio Tulio', 'Balza  Gil', '2020-12-14', '1981-05-13', '', '', '', '0424-3788839', '', 'M', '', 'Urb. Mision Arriba', '', 'Contratado', 0, 0, '', NULL, NULL, NULL, NULL, NULL, NULL, NULL, NULL, 0, 'No indica');
INSERT INTO `funcionarios` VALUES (44, 'V-18584684', 'V-18584684-5', 'GISELLE  ARIANNA', 'GAMEZ  RODRIGUEZ', '2022-12-14', '1989-11-30', '', '', '', '0414-3953816', '', 'F', '', 'Urb. Simon Rodriguez  Calle 9 Casa N. 12', '', 'Contratado', 0, 0, '', NULL, NULL, NULL, NULL, NULL, NULL, NULL, NULL, 0, 'No indica');
INSERT INTO `funcionarios` VALUES (45, 'V-11795974', 'V-11795974-7', 'JESUS  ALBERTO', 'LOPEZ  RIVERO', '2007-12-31', '1974-08-04', '', '', '', '04267413259', '04122902589', 'M', '', 'Urb. Madre Tereza De Calcuta  Casa N.10', '', 'Fijo', 0, 0, '', NULL, NULL, NULL, NULL, NULL, NULL, NULL, NULL, 0, 'No indica');
INSERT INTO `funcionarios` VALUES (46, 'V-12991310', 'V-12991310-6', 'Jose Rafael', 'Castillo Gerdet', '2007-09-03', '1977-10-28', 'jrcastig@seniat.gob.ve', 'Castillogerdet@yahoo.com', '', '0426-5448024', '0246-8714793', 'M', '', 'Sector La  Pedrera Barrio Pinto Salinas', '', 'Prof. Aduanero y Tributario', 0, 0, '', NULL, NULL, NULL, NULL, NULL, NULL, NULL, NULL, 0, 'No indica');
INSERT INTO `funcionarios` VALUES (47, 'V-14538617', 'V-14538617-5', 'Felix   Manuel', 'Bolivar  Lara', '2007-09-03', '1980-01-15', '', '', '', '0416-9847494', '', 'M', '', 'Carrera 18 entre Calle 9 y 12', '', 'Tecn. Aduanero y Tributario', 0, 0, '', NULL, NULL, NULL, NULL, NULL, NULL, NULL, NULL, 0, 'No indica');
INSERT INTO `funcionarios` VALUES (48, 'V-18908510', 'V-18908510-5', 'Eriluz Mariel', 'Barrios Aray', '2021-10-13', '1989-01-06', '', '', '', '0414-4769868', '', 'F', '', 'Los Pinos Vereda 57', '', 'Contratado', 0, 0, '', NULL, NULL, NULL, NULL, NULL, NULL, NULL, NULL, 0, 'No indica');
INSERT INTO `funcionarios` VALUES (49, 'V-16912337', 'V-16912337-0', 'Javier Alejandro', 'Ponciano Olivo', '2007-09-10', '1984-10-07', '', '', '', '0424-3096285', '', 'M', '', 'El Saman Calle 10 Casa N. A-61', '', 'Fijo', 0, 0, '', NULL, NULL, NULL, NULL, NULL, NULL, NULL, NULL, 0, 'No indica');
INSERT INTO `funcionarios` VALUES (50, 'V-15812698', 'V-15812698-9', 'JULIA YAMILETH', 'HERNANDEZ DIAZ', '2019-01-01', '1983-02-03', '', 'julidiaz369@gmail.com', '@juliahernandez', '0426-7349079', '', 'F', 'gatos, perros, ratones, polvo', 'Vicario III', 'B+', 'Prof. Aduanero y Tributario', 0, 0, '', NULL, NULL, NULL, NULL, NULL, NULL, NULL, NULL, 0, 'No indica');
INSERT INTO `funcionarios` VALUES (51, 'V-6497034', 'V-06947034-4', 'Jose Gregorio', 'Solorzano', '2000-02-11', '1962-09-19', '', '', '', '0424-3222110', '', 'M', '', 'Sector La Pedrera', '', 'Fijo', 0, 0, '', NULL, NULL, NULL, NULL, NULL, NULL, NULL, NULL, 0, 'No indica');
INSERT INTO `funcionarios` VALUES (52, 'V-20908308', 'V-20908308-2', 'RICHARD JOSE', 'TOVAR LOPEZ', '2019-01-01', '1985-09-12', '', 'tovarrichard61@gmail.com', '', '0412-4150949', '', 'M', 'NO', 'Vicario I Sector 3 Calle 2', 'ORH+', 'Contratado', 0, 0, '', NULL, NULL, NULL, NULL, NULL, NULL, NULL, NULL, 0, 'No indica');
INSERT INTO `funcionarios` VALUES (53, 'V-14539535', 'V-14539535-2', 'Elix  Alexander', 'Trocel', '2019-01-29', '1980-07-20', '', '', '', '', '', 'M', '', 'Calle 11 entre 9 y 8 Casco Central', '', 'Obrero', 0, 0, '', NULL, NULL, NULL, NULL, NULL, NULL, NULL, NULL, 0, 'No indica');
INSERT INTO `funcionarios` VALUES (54, 'V-24968795', 'V-24968795-9', 'WILMARI MILAGRO', 'SANDREA NIEVES', '2022-01-13', '1992-06-20', '', 'wilmarissandrea4@gmail.com', '', '0414-4671890', '', 'F', 'polvo', 'Mereyal calle principal carrera 6', 'O+', 'Contratado', 0, 0, '', NULL, NULL, NULL, NULL, NULL, NULL, NULL, NULL, 0, 'No indica');
INSERT INTO `funcionarios` VALUES (55, 'V-11795561', 'V-11795561-0', 'Nehilze Vithelba', 'Molina Villavicencio', '2007-10-15', '1975-01-28', 'nmolinav@seniat.gob.ve', 'nehilzev@gmail.com', 'NEYLCELOSLLANOS', '0424-3018418', '0424-3535424', 'F', 'NO', 'Calle 12 Entre  Carrera  9 Y 10 Sector  Centro', 'A-', 'Jefe de Division', 0, 0, '', NULL, NULL, NULL, NULL, NULL, NULL, NULL, NULL, 0, 'No indica');
INSERT INTO `funcionarios` VALUES (56, 'V-8630534', 'V-08630534-4', 'Martina Del Carmen', 'Cruces Mena', '2010-08-01', '1966-02-23', '', '', '', '', '', 'F', '', 'Vicario I Calle 2 Casa s/n', '', 'Fijo', 0, 0, '', NULL, NULL, NULL, NULL, NULL, NULL, NULL, NULL, 0, 'No indica');
INSERT INTO `funcionarios` VALUES (57, 'V-8632805', 'V-08632805-0', 'CARLOS ANDRES', 'GARCIA BARRIOS', '2007-09-03', '1968-07-05', 'cgarciab@seniat.gob.ve', 'carlosandresgarcia2021@gmail.com', 'NO TIENE', '0414-4733399', '0424-3028858', 'M', 'NO', 'CALLA 2 DE GUAMACHITO N° 45-11 CALABOZO EDO GUARICO', 'ORH+', 'Tecn. Administrativo', 0, 0, '', NULL, NULL, NULL, NULL, NULL, NULL, NULL, NULL, 0, 'No indica');
INSERT INTO `funcionarios` VALUES (58, 'V-15480100', 'V-15480100-2', 'TOMAS ENRIQUE', 'VELASQUEZ MATUTE', '2010-08-01', '1982-09-02', '', '', '', '04243203286', '', 'M', '', 'Urb. Simon Rodriguez Sector 03 Casa N. 30', '', 'Fijo', 0, 0, '', NULL, NULL, NULL, NULL, NULL, NULL, NULL, NULL, 0, 'No indica');
INSERT INTO `funcionarios` VALUES (59, 'V-16144974', 'V-16144974-8', 'LAURA LISBETH', 'GARCIA GUTIERREZ', '2019-01-01', '1981-02-02', '', 'garciagulauralisbeth@gmail.com', '', '0424-3348593', '', 'F', 'NO', 'Vicario I Sector 3 Calle 5', 'O+', 'Obrero', 0, 0, '', NULL, NULL, NULL, NULL, NULL, NULL, NULL, NULL, 0, 'No indica');
INSERT INTO `funcionarios` VALUES (60, 'V-18220848', 'V-18220848-1', 'Daniel Antonio', 'Rodriguez Ramos', '2022-01-26', '1987-05-02', '', '', '', '', '', 'M', '', 'Ttinidad Calle 4 Casa S/N', '', 'Contratado', 0, 0, '', NULL, NULL, NULL, NULL, NULL, NULL, NULL, NULL, 0, 'No indica');
INSERT INTO `funcionarios` VALUES (61, 'V-23569699', 'V-23569699-8', 'LEIDYS CAROLINA', 'BELIZARIO REYES', '2021-10-14', '1993-02-11', '', 'LEISCAROL11@GMAIL.COM', 'NO TIENE', '04243623483', '0414-4650868', 'F', 'NO', 'CALLE 3 CASA N° 18 BARRIO CRUZ DEL PERDON CALABOZO EDO GUARICO', 'O+', 'Contratado', 0, 0, '', NULL, NULL, NULL, NULL, NULL, NULL, NULL, NULL, 0, 'No indica');
INSERT INTO `funcionarios` VALUES (62, 'E-84569523', 'E-84569523-0', 'Orlando', 'Trujillo Zurbano', '2020-12-15', '1964-03-22', '', '', '', '0412-9653377', '', 'M', '', 'Trinidad Carrera 5 entre 4 y 5', '', 'Contratado', 0, 0, '', NULL, NULL, NULL, NULL, NULL, NULL, NULL, NULL, 0, 'No indica');
INSERT INTO `funcionarios` VALUES (63, 'V-24968140', 'V-24968140-3', 'VERONICA YOSELIN', 'ARRAIZ ORASMA', '2020-06-19', '1994-02-25', '', 'VERONICAARRAIZ23@GMAIL.COM', 'VERO_LLANOS', '0424-3154691', '0424-3154691', 'F', 'NO', 'CALLE PRINCIPAL CASA N° 36 BARRIO LA AGUADA CALABOZO EDO GUARICO', 'O+', 'Prof. Administrativo', 0, 0, '', NULL, NULL, NULL, NULL, NULL, NULL, NULL, NULL, 0, 'No indica');
INSERT INTO `funcionarios` VALUES (64, 'V-14239671', 'V-14239671-4', 'AMARILIS DEL VALLE', 'BASTIDAS  ALAS', '2019-01-01', '1980-07-14', '', 'bastidasamarilis671@gmail.com', '', '0426-3829492', '', 'F', 'NO', 'Brisas de Orituco calle Angel Hidalgo casa N° 1-56', 'B+', 'Prof. Administrativo', 0, 0, '', NULL, NULL, NULL, NULL, NULL, NULL, NULL, NULL, 0, 'No indica');
INSERT INTO `funcionarios` VALUES (65, 'V-26920849', 'V-26920849-6', 'Angeli Nohemi', 'Perez Espinoza', '2019-07-18', '1999-02-26', '', '', '', '0246-8709511', '', 'M', '', 'Primero de Mayo Sector 2 Calle 02 Casa s/n', '', 'Contratado', 0, 0, '', NULL, NULL, NULL, NULL, NULL, NULL, NULL, NULL, 0, 'No indica');
INSERT INTO `funcionarios` VALUES (66, 'V-8627261', 'V-8627261-6', 'CARLOS RAMON', 'PEREZ', '2020-11-04', '1966-10-29', '', '', '', '04243043399', '0424-3188285', 'M', '', 'Barrio Guaicaipuro Calle Paez Casa 03', '', 'Contratado', 0, 0, '', NULL, NULL, NULL, NULL, NULL, NULL, NULL, NULL, 0, 'No indica');
INSERT INTO `funcionarios` VALUES (67, 'V-20522370', 'V-20522370-0', 'JOHANA ANDREINA', 'BAEZ TOVAR', '2022-03-25', '1992-11-23', '', 'andreabaezt.12@gmail.com', 'NO TIENE', '0424-3395834', '0424-3592520', 'F', 'NO', 'CAÑAFISTOLA 5 VEREDA 19 CASA 03CALABOZO EDO GUARICO', 'O+', 'Auditor Aduanero y Trib.', 0, 0, '', NULL, NULL, NULL, NULL, NULL, NULL, NULL, NULL, 0, 'No indica');
INSERT INTO `funcionarios` VALUES (68, 'V-16271880', 'V-16271880-7', 'Yecenia Yanira', 'Hernandez Colmenares', '2019-08-26', '1981-03-06', 'YHERNANDEZC@SENIAT.GOB.VE', 'YECENIAH80@GMAIL.COM', 'NO TIENE', '0424-3604948', '0412-7549438', 'F', 'NO', 'URBANIZACION FRANCISCO DE MIRANDA, AVENIDA 14 CASA #22', 'O+', 'Auditor Aduanero y Trib.', 0, 0, '', NULL, NULL, NULL, NULL, NULL, NULL, NULL, NULL, 0, 'No indica');
INSERT INTO `funcionarios` VALUES (69, 'V-15144259', 'V-15144259-2', 'ZANDRA CAROLINA', 'MICHELANGELI BRITO', '2013-07-19', '1980-12-14', '', '2MICHELANGELIBRITO@GMAIL.COM', '', '0414-1471490', '0424-3228017', 'F', '', 'Urb. la trinidad, calle los medanos casa #5, San Fernando de Apure', 'O+', 'Prof. Aduanero y Tributario', 0, 0, '', NULL, NULL, NULL, NULL, NULL, NULL, NULL, NULL, 0, 'No indica');
INSERT INTO `funcionarios` VALUES (70, 'V-20612089', 'V-20612089-0', 'BELINDA DAYBELYS', 'INFANTE GOMEZ', '2012-10-24', '1990-11-20', '', 'INFANTEB92@GMAIL.COM', 'NO', '0416-5454348', '0424-3364757', 'F', 'NO', 'BARRIO SAN JOSE EDA TRANSVERSAL CASA #2', 'O+', 'Prof. Administrativo', 0, 0, '', NULL, NULL, NULL, NULL, NULL, NULL, NULL, NULL, 0, 'No indica');
INSERT INTO `funcionarios` VALUES (71, 'V-12991189', 'V-12991189-8', 'Hector Daniel', 'Landaeta Mujica', '2001-04-24', '1977-02-03', 'HLANDAET@SENIAT.GOB.VE', 'HECTORLANDAETA87@GMAIL.COM', 'HECTORLANDAETA1', '0412-7793802', '0412-7770539', 'M', 'NO', 'Urb. Villa del Paraiso Casa N. 19', 'O-', 'Jefe de Division', 0, 0, '', NULL, NULL, NULL, NULL, NULL, NULL, NULL, NULL, 0, 'No indica');
INSERT INTO `funcionarios` VALUES (72, 'V-16384333', 'V-16384333-8', 'Edwin Enrique', 'Garcias', '2019-08-20', '1984-04-24', 'EEGARCIAS@SENIAT.GOB.VE', 'GARCIASEDWING2019@GMAIL.COM', 'NO RECUERDA', '0424-3273246', '0414-4694515', 'M', 'NO', 'CARRERA 12 ENTRE CALLE 1 Y 2 CASCO CENTRAL', 'A+', 'Contratado', 0, 0, '', NULL, NULL, NULL, NULL, NULL, NULL, NULL, NULL, 0, 'No indica');
INSERT INTO `funcionarios` VALUES (73, 'V-12323702', 'V-12323702-4', 'YAJAIRA  DEL ROSARIO', 'JIMENEZ', '2007-08-01', '1994-07-27', 'YJMENEZ@SENIAT.GOB.VE', 'IDELR.JIMENEZ@GMAIL.COM', 'NO', '04168477454', '', 'F', 'NO', 'CALLE 13 DE SEPTIEMBRE SAN FERNANDO DE APURE', 'O+', 'Prof. Aduanero y Tributario', 0, 0, '', NULL, NULL, NULL, NULL, NULL, NULL, NULL, NULL, 0, 'No indica');
INSERT INTO `funcionarios` VALUES (74, 'V-8620559', 'V-08620559-5', 'Carlos Rafael', 'Azuaje Quiche', '1995-06-22', '1963-11-04', 'CAZUAJE@SENIAT.GOB.VE', 'CAZUAJE@YOHOO.COM', 'NO RECUERDA', '0416-6428522', '0424-3024658', 'M', 'NO', 'Pozo Azul Carrera 1 entre 2 y 3', 'A-', 'Prof. Aduanero y Tributario', 0, 0, '', NULL, NULL, NULL, NULL, NULL, NULL, NULL, NULL, 0, 'No indica');
INSERT INTO `funcionarios` VALUES (75, 'V-23569650', 'V-23569650-5', 'LUIS ESTANI', 'GUTIERREZ LUGO', '2021-09-07', '1993-05-05', '', '', '', '', '', 'M', '', '23 de Enero Calle 4', '', 'Contratado', 0, 0, '', NULL, NULL, NULL, NULL, NULL, NULL, NULL, NULL, 0, 'No indica');
INSERT INTO `funcionarios` VALUES (76, 'V-10327805', 'V-10327805-4', 'Cesar Luis', 'Estanga  Meneses', '2007-09-03', '1970-05-10', 'CESTANGA@SENIAT.GOB.VE', 'CESARESTANGA70@HOTMAIL.COM', 'CESARESTANGA2', '0424-3265587', '0424-3145632', 'M', 'NO', 'Urb. Francisco Lazo Marti Calle 01 Casa N. 13-33', 'O+', 'Prof. Administrativo', 0, 0, '', NULL, NULL, NULL, NULL, NULL, NULL, NULL, NULL, 0, 'No indica');
INSERT INTO `funcionarios` VALUES (77, 'V-17849280', 'V-17849280-9', 'CIRA ROSA', 'RAMOS', '2015-04-30', '1983-11-16', 'CRRAMOS@SENIAT.GOB.VE', 'CIRARAMOS08@GMAIL.COM', 'NO', '0424-3356866', '0414-4901267', 'F', 'NO', 'CARRETERA NACIONAL VIA ARICHUNA, LAS MAPORAS SAN FERNANDO DE APURE', 'O+', 'Prof. Aduanero y Tributario', 0, 0, '', NULL, NULL, NULL, NULL, NULL, NULL, NULL, NULL, 0, 'No indica');
INSERT INTO `funcionarios` VALUES (78, 'V-20908897', 'V-20908897-1', 'Wilmer Daniel', 'Gonzalez', '2016-10-20', '1989-08-02', 'WDGONZALEZ@SENIAT.GOB.VE', 'WILMERDANIEL0208@GMAIL.COM', 'WILMERG20908987', '0424-3094072', '0412-0639509', 'M', 'ASMATICO', 'Vicario I Calle 6 entre 4 y 5 Casa s/n', 'O+', 'Prof. Aduanero y Tributario', 0, 0, '', NULL, NULL, NULL, NULL, NULL, NULL, NULL, NULL, 0, 'No indica');
INSERT INTO `funcionarios` VALUES (79, 'V-15480604', 'V-15480604-7', 'Eyleen  Carolina', 'Carpio Bernaez', '2016-10-20', '1980-06-29', 'ecarpio@seniat.gob.ve', 'eylacar-11@hotmail.com', 'EYLEENCAROLINA3', '0414-4581715', '0426-9079975', 'F', 'NO', 'Urb. Octavio Viana Calle las Azucenas', 'A+', 'Tecn. Aduanero y Tributario', 0, 0, '', NULL, NULL, NULL, NULL, NULL, NULL, NULL, NULL, 0, 'No indica');
INSERT INTO `funcionarios` VALUES (80, 'V-26302836', 'V-26302836-4', 'Karla Isamar', 'Cordero  Paez', '2020-06-04', '1996-10-30', 'KICORDERO@SENIAT.GOB.VE', 'KARLACORDERO574@GMAIL.COM', 'KARLACORDERO30', '0426-7413699', '0424-3056476', 'F', 'NO', 'Vicario II Calle Principal Sector 2  Casa s/n', 'O+', 'Auditor 99', 0, 0, '', NULL, NULL, NULL, NULL, NULL, NULL, NULL, NULL, 0, 'No indica');
INSERT INTO `funcionarios` VALUES (81, 'V-14218700', 'V-14218700-7', 'YIDRIS GISELA', 'ALVAREZ VEGAS', '2013-01-18', '1980-03-18', 'YGALVAREZ@SENIAT.GOB.VE', 'YIDRISALVAREZ4@GMAIL.COM', 'NO', '0426-9421975', '0426-1338330', 'F', 'NO', 'URB. EL RECREO SECTOR 1, SAN FERNANDO DE APURE', 'A+', 'Prof. Aduanero y Tributario', 0, 0, '', NULL, NULL, NULL, NULL, NULL, NULL, NULL, NULL, 0, 'No indica');
INSERT INTO `funcionarios` VALUES (82, 'V-16271761', 'V-16271761-4', 'JESUS EDUARDO', 'MUJICA MONSERRATE', '2012-12-26', '1984-05-16', '', '', 'NO', '0414-7340639', '', 'M', 'NO', 'URB. TAMARINDO VEREDA 24 CASA N° 6, SAN FERNANDO DE APURE', 'O+', 'Prof. Administrativo', 0, 0, '', NULL, NULL, NULL, NULL, NULL, NULL, NULL, NULL, 0, 'No indica');
INSERT INTO `funcionarios` VALUES (83, 'V-8632001', 'V-08632001-7', 'OMAIRA ADELINA', 'ECHEVERRIA ARMADA', '1995-06-22', '1968-04-02', '', '', '', '0414-3461466', '', 'F', '', 'Urb. Villa de los Ángeles, manzana 2#17 Misión Arriba Calabozo Estado Guárico', '', 'Prof. Aduanero y Tributario', 0, 0, '', NULL, NULL, NULL, NULL, NULL, NULL, NULL, NULL, 0, 'No indica');
INSERT INTO `funcionarios` VALUES (84, 'V-19759970', 'V-19759970-3', 'KENYA GABRIELA', 'ANDREA', '2020-06-17', '1991-02-26', '', '', '', '04243292639', '', 'F', '', 'Casco Central Carrera 16 entre Calle 3 y 4', '', 'Contratado', 0, 0, '', NULL, NULL, NULL, NULL, NULL, NULL, NULL, NULL, 0, 'No indica');
INSERT INTO `funcionarios` VALUES (85, 'V-12975762', 'V-12975762-7', 'EDWING JOSE', 'MATA BOHORQUEZ', '2016-10-20', '1978-03-07', 'EMATAB@SENIAT.GOB.VE', 'EDWINGMATA@HOTMAIL.COM', 'NO', '0424-3443488', '0414-1479172', 'M', 'NO', 'CALLE LA MIEL °5 SECTOR CENTRO, SAN FERNANDO DE APURE', 'O+', 'Prof. Aduanero y Tributario', 0, 0, '', NULL, NULL, NULL, NULL, NULL, NULL, NULL, NULL, 0, 'No indica');
INSERT INTO `funcionarios` VALUES (86, 'V-16271916', 'V-16271916-8', 'BELFRED JOSBELK', 'TORRES PIÑATE', '2016-11-08', '1983-08-31', 'BJTORRES@SENIAT.GOB.VE', 'BELFREDTORRES@GMAIL.COM', '@BJTRORRESLLANOS', '0414-9462862', '0424-3366904', 'M', 'NO', 'URB. LOMAS DEL ESTE CALLE 2 ° 19-1, SAN FERNANDO DE APURE', 'B+', 'Prof. Aduanero y Tributario', 0, 0, '', NULL, NULL, NULL, NULL, NULL, NULL, NULL, NULL, 0, 'No indica');
INSERT INTO `funcionarios` VALUES (87, 'V-23600046', 'V-23600046-6', 'CARLOS LUIS', 'PEÑA FERNANDEZ', '1993-12-27', '1993-12-27', 'CLPENA@SENIAT.GOB.VE', '', 'NO', '0414-4925745', '', 'M', 'NO', 'BARRIO GUASIMO I, CALLE PRINCIPAL S/N, SAN FERNANDO DE APURE', 'A+', 'Auditor Aduanero y Trib.', 0, 0, '', NULL, NULL, NULL, NULL, NULL, NULL, NULL, NULL, 0, 'No indica');
INSERT INTO `funcionarios` VALUES (88, 'V-18544085', 'V-18544085-7', 'DINA MARGARITA', 'MENDEZ', '2016-11-08', '1986-07-21', 'DMENDEZ@SENIAT.GOB.VE', 'DINA18MENDEZ@GMAIL.COM', 'NO', '0426-2445933', '', 'F', 'NO', 'URB CRISTO REY  CALLE LAS DELICIAS C°1, SAN FERNANDO DE APURE', 'B+', 'Tecn. Aduanero y Tributario', 0, 0, '', NULL, NULL, NULL, NULL, NULL, NULL, NULL, NULL, 0, 'No indica');
INSERT INTO `funcionarios` VALUES (89, 'V-28011308', 'V-28011308-1', 'EURY  YOHANMARY', 'MEREGOTE RODRIGUEZ', '2019-08-19', '2000-10-11', 'EMEREGOTE@SENIAT.GOB.VE', 'EURIMEREGOTE11@GMAIL.COM', 'EURIMEREGOTE11', '0412-4630236', '0412-4752839', 'F', 'ASMATICA', 'Barrio Misión Abajo Sector el Arenal', 'O+', 'Contratado', 0, 0, '', NULL, NULL, NULL, NULL, NULL, NULL, NULL, NULL, 0, 'No indica');
INSERT INTO `funcionarios` VALUES (90, 'V-20906957', 'V-20906957-8', 'Linda Anyelin', 'Guedez Garcia', '2021-11-15', '1991-02-10', '', 'LINDAGUE54@GMAIL.COM', 'LINDAGUE54', '0424-3482407', '0414-4453071', 'F', 'OLORES FUERTES', 'Vicario II Calle 8 con carrera 1  Casa  N. 14', 'B+', 'Contratado', 0, 0, '', NULL, NULL, NULL, NULL, NULL, NULL, NULL, NULL, 0, 'No indica');
INSERT INTO `funcionarios` VALUES (91, 'V-10272740', 'V-10272740-8', 'Alfredo De Jesus', 'Linares', '2012-01-01', '1970-10-06', 'ajlinares@seniat.gob.ve', 'adjlinares@gmail.com', 'NO TIENE', '0424-3778650', '04140354178', 'M', 'NO', 'Barrio Jose Antonio Paez Calle La  Estrella Casa N. 03', 'O+', 'Asist. Administrativo', 0, 0, '', NULL, NULL, NULL, NULL, NULL, NULL, NULL, NULL, 0, 'No indica');
INSERT INTO `funcionarios` VALUES (92, 'V-11679154', 'V-11679154-0', 'GABRIEL JOSE', 'ALVAREZ REYES', '2019-11-21', '1972-09-17', 'GJALVAREZ@SENIAT.GOB.VE', 'PICOLOSTER@GMAIL.COM', 'GAJOALVREY', '0414-7232951', '0414-4860210', 'M', 'olores fuertes', 'Casco Central Carrera 19 con Calle 09 Casa S/N', 'O+', 'Contratado', 0, 0, '', NULL, NULL, NULL, NULL, NULL, NULL, NULL, NULL, 0, 'No indica');
INSERT INTO `funcionarios` VALUES (93, 'V-26177263', 'V-26177263-5', 'Roxana', 'Fontaines Hernandez', '2022-03-25', '1998-04-09', '', 'ROXANAFONTAINES01@GMAIL.COM', 'ROXANA907633171', '0424-3124255', '0412-3172144', 'F', 'NO', 'Urb. Mision Abajo Calle 8 con Carrera 5 Casa N. 10', 'O+', 'Auditor Aduanero y Trib.', 0, 0, '', NULL, NULL, NULL, NULL, NULL, NULL, NULL, NULL, 0, 'No indica');
INSERT INTO `funcionarios` VALUES (94, 'V-18909838', 'V-18909838-0', 'Gilberto Wladimir', 'Leon Reveron', '2022-03-25', '1990-10-21', '', 'GIRBERTOLEON1990@GMAIL.COM', 'GIRBERTOLEON30', '0414-4520162', '0414-4679865', 'M', 'NO', 'Trinidad Carrera 03 con Calles 1 y 2 Casa N. 35', 'B+', 'Auditor Aduanero y Trib.', 0, 0, '', NULL, NULL, NULL, NULL, NULL, NULL, NULL, NULL, 0, 'No indica');
INSERT INTO `funcionarios` VALUES (95, 'V-15144379', 'V-15144379-2', 'OSMARY YANETT', 'VASQUEZ ROSALES', '2019-08-28', '1982-05-19', 'OVAZQUEZ@SENIAT', 'OVAZQUEZ@GMAIL.COM', 'NO', '0414-4731951', '0424-3804479', 'F', 'NO', 'URB SANTA RUFINA C/4 °6,  San Fernando de Apure', 'A+', 'Auditor Aduanero y Trib.', 0, 0, '', NULL, NULL, NULL, NULL, NULL, NULL, NULL, NULL, 0, 'No indica');
INSERT INTO `funcionarios` VALUES (96, 'V-25132423', 'V-25132423-5', 'Karlenin Esperanza', 'Landaeta Flores', '2018-07-30', '1996-12-22', 'KLANDAETA@SENIAT.GOB.VE', 'KARLENIN22@GMAIL.COM', 'NO', '0424-3741885', '0424-3854326', 'F', 'NO', 'Sector Banco Obrero Vereda 2 Casa N. 21', 'ORH+', 'Auditor Aduanero y Trib.', 0, 0, '', NULL, NULL, NULL, NULL, NULL, NULL, NULL, NULL, 0, 'No indica');
INSERT INTO `funcionarios` VALUES (97, 'V-6938472', 'V-06938472-9', 'ANGEL GABRIEL', 'GARCIA VELAZQUEZ', '1994-12-05', '1962-12-13', 'ANGEL.472@SENIAT.GOB.VE', 'AGGARCIA@GMAIL.COM', 'NO', '0426-5135958', '0424-484254', 'M', 'NO', 'BARRIO CAMPO ALEGRE CALLE PRINCIPAL, SAN FERNANDO DE APURE', 'O+', 'Contratado', 0, 0, '', NULL, NULL, NULL, NULL, NULL, NULL, NULL, NULL, 0, 'No indica');
INSERT INTO `funcionarios` VALUES (98, 'V-20523084', 'V-20523084-6', 'Jose Antonio', 'Bussano Perez', '2019-07-17', '1993-03-30', 'JBUSSANO@SENIAT.GOB.VE', 'JABUSSANO93@GMAIL.COM', '@BUSSANOLLANO', '0412-4907558', '0246-8726682', 'M', 'NO', 'Urb. Nicolas Hurtado  Barrios Zona 13 Bloque F Piso 1-2', 'ORH+', 'Contratado', 0, 0, '', NULL, NULL, NULL, NULL, NULL, NULL, NULL, NULL, 0, 'No indica');
INSERT INTO `funcionarios` VALUES (99, 'V-20183152', 'V-20183152-7', 'Carmen Teresa', 'Mendez  Muñoz', '2021-10-14', '1990-08-29', 'CTMENDEZ@SENIAT.GOB.VE', 'CARMENTERESAMM90@GMAIL.COM', '@CARMENTERESA901', '0424-3166807', '0246-8727541', 'F', 'CLORO', 'Urb. Nicolas Hurtado  Barrios Zona 17 Torre D Piso 2', 'ORH+', 'Auditor Aduanero y Trib.', 0, 0, '', NULL, NULL, NULL, NULL, NULL, NULL, NULL, NULL, 0, 'No indica');
INSERT INTO `funcionarios` VALUES (100, 'V-13948492', 'V-13948492-0', 'YENNY COROMOTO', 'ALVAREZ SOLORZANO', '2021-10-18', '2016-11-06', 'YCALVAREZ@SENIAT.GOB.VE', 'YENNYALVAREZ209@GMAIL.COM', 'NO', '0414-4676668', '0412-7789025', 'F', 'ANTIBIOTICOS (PENICILINA)', 'Casco Central Carrera 14', 'ORH+', 'Auditor 99', 0, 0, '', NULL, NULL, NULL, NULL, NULL, NULL, NULL, NULL, 0, 'No indica');
INSERT INTO `funcionarios` VALUES (101, 'V-20906146', 'V-20906146-1', 'Arianna Del Carmen', 'Salaya  Rengifo', '2021-11-15', '1993-01-28', 'ACSALAYA@SENIAT.GOB.VE', 'ARIANNA7SALAYA@GMAIL.COM', 'ARIANNA28SALAYA', '0412-8204770', '0412-7777518', 'F', 'HIDROCORTIZONA', 'Trinidad Calle 2  Casa S/N', 'A+', 'Contratado', 0, 0, '', NULL, NULL, NULL, NULL, NULL, NULL, NULL, NULL, 0, 'No indica');
INSERT INTO `funcionarios` VALUES (102, 'V-19530383', 'V-19530383-1', 'Anny Gregoria', 'Salaya  Rengifo', '2019-11-21', '1990-07-17', 'ASALAYA@SENIAT.GOB.VE', 'ANNYSALAYARENGIFO@GMAIL.COM', 'SALAYAANNY', '0424-3012976', '04127777518', 'F', 'olores fuertes', 'Trinidad Calle 2 entre Carrera 4 y 5 Casa N. 21', 'A+', 'Contratado', 0, 0, '', NULL, NULL, NULL, NULL, NULL, NULL, NULL, NULL, 0, 'No indica');
INSERT INTO `funcionarios` VALUES (103, 'V-8183983', 'V-08183983-9', 'AIDEE MARIA', 'OJEDA ESTE', '2007-08-01', '1963-03-08', 'ALMOJEDA@SENIAT.GOB', 'AIDEMARIAOJEDA2019@GMAIL.COM', 'NO', '0424-3631540', '', 'F', 'NO', 'BARRIO BUCARE CALLE PRINCIPAL II, SAN FERNANDO DE APURE', 'O+', 'Prof. Aduanero y Tributario', 0, 0, '', NULL, NULL, NULL, NULL, NULL, NULL, NULL, NULL, 0, 'No indica');
INSERT INTO `funcionarios` VALUES (104, 'V-15046165', 'V-15046165-7', 'YANET MARLYN', 'RANGEL', '2018-05-28', '1979-11-04', 'YMRANGEL@SENIAT.GOB.VE', 'YMRANGEL@SENIAT.GOB.VE', '', '0424-3485367', '0426-2616014', 'F', 'NO', 'CIUDADELA ZONA 5 TORRE C APTO 3-6', 'RH O+', 'Contratado', 0, 0, '', NULL, NULL, NULL, NULL, NULL, NULL, NULL, NULL, 0, 'No indica');
INSERT INTO `funcionarios` VALUES (105, 'V-13237595', 'V-13237595-6', 'BLANCA DALIANA', 'APARICIO DALIS', '2019-07-18', '1977-05-07', 'BAPARICIO@SENIAT.GOB.VE', 'BLANQUITA0705@HOTMAIL.COM', 'NO TIENE', '0424-1938055', '0412-0795733', 'F', 'NO', 'URB. LAZO MARTI AV. 7 CON CALLE 6 CASA  N°607', 'O+', 'Contratado', 0, 0, '', NULL, NULL, NULL, NULL, NULL, NULL, NULL, NULL, 0, 'No indica');
INSERT INTO `funcionarios` VALUES (106, 'V-18909663', 'V-18909663-8', 'YOWER ALEJANDRO', 'ORTEGA ACEVEDO', '2016-10-20', '1989-08-29', 'YAORTEGA@SENIAT.GOB.VE', 'YOWER890@GMAIL.COM', 'YOWER890', '0414-4600308', '0412-4062285', 'M', 'NO', 'VICARIO I CALLE 2 ALFINAL DE LA CALLE CAS S/N', 'A+', 'Prof. Aduanero y Tributario', 0, 0, '', NULL, NULL, NULL, NULL, NULL, NULL, NULL, NULL, 0, 'No indica');
INSERT INTO `funcionarios` VALUES (107, 'V-20907363', 'V-20907363-3', 'REYES JOSE', 'SEIJAS ARVELO', '2018-05-28', '1993-01-06', 'RSEIJAS@SENIAT.GOB.VE', 'REYESEIJAS2025@GMAIL.COM', 'NO', '0424-3154839', '0412-9109473', 'M', 'NO', 'SECTOR LA PARAITA ° 3 CAMAGUAN, GUARICO', 'O+', 'Prof. Administrativo', 0, 0, '', NULL, NULL, NULL, NULL, NULL, NULL, NULL, NULL, 0, 'No indica');
INSERT INTO `funcionarios` VALUES (108, 'V-11118720', 'V-11118720-3', 'Lenys  Grisel', 'Perez  Gonzalez', '2006-05-05', '1973-08-13', 'lgperez@seniat.gob.ve', 'LUNAAZULVENEZUELA@GMAI.COM', 'NO RECUERDA', '0412-8701960', '0412-1364646', 'F', 'NO', 'URB. Cañafistola  Sector  4, AV 10 Casa N°02', 'O+', 'Fijo', 0, 0, '', NULL, NULL, NULL, NULL, NULL, NULL, NULL, NULL, 0, 'No indica');
INSERT INTO `funcionarios` VALUES (109, 'V-8628386', 'V-8628386-3', 'JOSE ANGEL', 'GITTENS FEBRES', '1995-01-01', '1966-08-24', 'jgittens@seniat.gob.ve', 'josegittens66@gmail.com', 'NO TIENE', '0412-5013948', '0246-8712293', 'M', 'NO', 'URB. FRANCISCO DE MIRANDA CALLE 5 CASA N° 71', 'NO RECUERDA', 'Prof. Aduanero y Tributario', 0, 0, '', NULL, NULL, NULL, NULL, NULL, NULL, NULL, NULL, 0, 'No indica');
INSERT INTO `funcionarios` VALUES (110, 'V-12475157', 'V-12475157-4', 'Blanca  Benilde', 'Diaz', '2007-09-10', '1974-03-02', 'BBDIAZ@SENIAT.GOB.VE', 'BLAYMAR.DZ@GMAIL.COM', 'NO TIENE', '0412-4638219', '0424-3273246', 'F', 'ASMATICA/ PIEL', 'CASCO CENTRAL CARRERA 18 ENTRE CALLES 9 Y 12', 'RH O+', 'Prof. Aduanero y Tributario', 0, 0, '', NULL, NULL, NULL, NULL, NULL, NULL, NULL, NULL, 0, 'No indica');
INSERT INTO `funcionarios` VALUES (111, 'V-26302428', 'V-26302428-8', 'ELIANA ROSALY', 'LEON GALINDEZ', '2019-01-29', '1998-07-30', 'ERLEON@SENIAT.GOB.VE', 'ELIANALEON005@GMAIL.COM', 'NO TIENE', '0414-3035951', '0414-3035951', 'F', 'NO', 'SECTOR POZO AZUL CALLE 2 CASA S/N', 'RH O+', 'Contratado', 0, 0, '', NULL, NULL, NULL, NULL, NULL, NULL, NULL, NULL, 0, 'No indica');
INSERT INTO `funcionarios` VALUES (112, 'V-18220456', 'V-18220456-7', 'ALFREDO AGUSTIN', 'GARCIA ZURIA', '2019-01-29', '1988-01-19', '', 'ZURIA4673@GMAIL.COM', 'NO TIENE', '0412-4064495', '0412-4061182', 'M', 'NO', 'SIMON RODRIGUEZ SECTOR 2 CASA N° 1', 'NO RECUERDA', 'Auditor 99', 0, 0, '', NULL, NULL, NULL, NULL, NULL, NULL, NULL, NULL, 0, 'No indica');
INSERT INTO `funcionarios` VALUES (113, 'V-28452812', 'V-28452812-0', 'JULIET CELESTE', 'LIMA MUÑOZ', '2022-03-29', '2000-03-29', 'JCLIMA@SENIAT.GOB.VE', 'JULIETLIMA03@GMAIL.COM', 'NO', '0412-4644495', '0424-3225914', 'F', '', 'AV. MIRANDA, DIAGONAL FUNERARIA MEDINA, SAN FERNANDO DE APURE', 'O+', 'Auditor 99', 0, 0, '', NULL, NULL, NULL, NULL, NULL, NULL, NULL, NULL, 0, 'No indica');
INSERT INTO `funcionarios` VALUES (114, 'V-20004532', 'V-20004532-3', 'MIGUEL VICENTE', 'RAMIREZ FLORES', '2019-11-11', '1990-06-06', 'MVRAMIREZF@SENIAT.GOB.VE', 'MIGUEL-90@GMAIL.COM', 'NO', '0426-6490872', '', 'M', 'NO', 'CALLE EL PINAL, LOS CEDROS °28, SAN FERNANDO DE APURE', 'O+', 'Prof. Administrativo', 0, 0, '', NULL, NULL, NULL, NULL, NULL, NULL, NULL, NULL, 0, 'No indica');
INSERT INTO `funcionarios` VALUES (115, 'V-13489364', 'V-13489364-4', 'NALIMAR DEL VALLE', 'BLANCO OLIVERO', '2007-08-01', '1978-12-20', 'NBLANCO@SENIAT.GOB.VE', 'NALIMAR.2012@GMAIL.COM', 'NO', '0414-4861598', '0426-4468619', 'F', 'NO', 'BARRIO 9 DE DICIEMBRE, SAN FERNANDO DE APURE', 'O+', 'Prof. Aduanero y Tributario', 0, 0, '', NULL, NULL, NULL, NULL, NULL, NULL, NULL, NULL, 0, 'No indica');
INSERT INTO `funcionarios` VALUES (116, 'V-20230029', 'V-20230029-0', 'MAYRA ALEJANDRA', 'TRAVIESO PARRA', '2022-03-30', '1992-09-09', 'MTRAVIEZO@SENIAT.GOB.VE', 'MAYRATRAVIEZO2@GMAIL.COM', 'NO', '0416-1068914', '0424-3385519', 'F', 'NO', 'BARRIO SANTA TERESA 2TRANSV. C¬29-1, SAN FERNANDO DE APURE', 'A+', 'Auditor Aduanero y Trib.', 0, 0, '', NULL, NULL, NULL, NULL, NULL, NULL, NULL, NULL, 0, 'No indica');
INSERT INTO `funcionarios` VALUES (117, 'V-17374171', 'V-17374171-1', 'JULIA ANTONIETA', 'SANTANA DE SEGURA', '2021-11-15', '1985-09-05', '', 'JUANZA84@GMAIL.COM', 'NO TIENE', '0426-5434968', '0412-7413327', 'F', 'NO', '5TA AVENIDA CENTRO ADMINISTRATIVO RESIDENCIAS RORAIMA', 'RHO+', 'Fijo', 0, 0, '', NULL, NULL, NULL, NULL, NULL, NULL, NULL, NULL, 0, 'No indica');
INSERT INTO `funcionarios` VALUES (118, 'V-11759380', 'V-11759380-7', 'CARMEN  RAFAELA', 'MONTOYA  JIMENEZ', '2017-03-29', '1973-04-01', 'CMONTOYA@SENIAT.GOB.VE', 'CARMENMONTOYA1920@GMAIL.COM', 'NO', '0426-7489764', '0416-6440810', 'F', 'NO', 'B/ LA Odisea  Calle  Macanillal, Biruaca  Edo- Apure', 'O-', 'Prof. Administrativo', 0, 0, '', NULL, NULL, NULL, NULL, NULL, NULL, NULL, NULL, 0, 'No indica');
INSERT INTO `funcionarios` VALUES (119, 'V-17165965', 'V-17165965-1', 'EDWUIN JESUS', 'TORRES GONZALEZ', '2019-02-04', '2019-02-04', 'ETORRESG@seniat.gob.ve', 'EDWIN.EJESUS@Icloud.com', 'tejesus11', '0414-3584499', '0414-4691366', 'M', 'NO', 'CALLE 4 CASA N° C-59 URB. EL SAMAN', '0+', 'Contratado', 0, 0, '', NULL, NULL, NULL, NULL, NULL, NULL, NULL, NULL, 0, 'No indica');
INSERT INTO `funcionarios` VALUES (120, 'V-18405164', 'V-1840516-4', 'MARBELIS CAROLINA', 'HERNANDEZ LOPEZ', '2019-01-29', '1988-06-21', 'MCHERNANDEZ@SENIAT.GOB.VE', 'GERARBY@GMAIL.COM', 'Marbelis1988', '0426-6398071', '0414-3461611', 'F', 'NO', 'VICARIO 3 CARRERA 3 CASCO CENTRAL 2', 'A+', 'Auditor Aduanero y Trib.', 0, 0, '', NULL, NULL, NULL, NULL, NULL, NULL, NULL, NULL, 0, 'No indica');
INSERT INTO `funcionarios` VALUES (121, 'V-25684822', 'V-25684822-4', 'GABRIELA NADESKA', 'QUIÑONES PADRÓN', '2022-03-25', '1995-02-22', '', 'NADESKAQUINONES22@GMAIL.COM', 'nade2202', '0412-7799445', '0424-8565263', 'F', 'RINITIS', 'CALLE 3 CASA N° D-21 URB. EL SAMAN', 'O+', 'Auditor Aduanero y Trib.', 0, 0, '', NULL, NULL, NULL, NULL, NULL, NULL, NULL, NULL, 0, 'No indica');
INSERT INTO `funcionarios` VALUES (122, 'V-15512598', 'V-15512598-1', 'GRENNY YACZARY', 'RODRIGUEZ CASTILLO', '2007-08-01', '1971-05-29', 'GIRODRI@SENIAT.GOB.VE', 'GRENNY2905@HOTMAIL.COM', 'NO', '0426-5445147', '0426-5401583', 'F', 'NO', 'AV. CARACAS, EDIF. CAMISOGUARNAC P/B PBA', 'O+', 'Prof. Aduanero y Tributario', 0, 0, '', NULL, NULL, NULL, NULL, NULL, NULL, NULL, NULL, 0, 'No indica');
INSERT INTO `funcionarios` VALUES (123, 'V-18545212', 'V-18545212-0', 'EDGAR ALEXANDER', 'RIVERO', '2018-07-30', '1981-11-23', '', '', 'NO', '0414-3820748', '0426-2244780', 'F', 'NO', 'BARRIO CAMPO ALEGRE, PRINCIPAL S/N, SAN FERNANDO DE APURE', 'O+', 'Asist. Administrativo', 0, 0, '', NULL, NULL, NULL, NULL, NULL, NULL, NULL, NULL, 0, 'No indica');
INSERT INTO `funcionarios` VALUES (124, 'V-27839026', 'V-27839026-4', 'DANIELA ALEJANDRA', 'URBANEJA FUENMAYOR', '2018-07-30', '1998-12-10', 'DAURBANEJA@SENIAT.GOB.VE', 'DAURBANEJA@SENIAT.GOB.VE', 'Dlaurbaneja', '0412-0796672', '0412-0796672', 'F', 'NO', 'SIMON RODRIGUEZ AV PRINCIPAL ESQUINA CALLE 06 CASA N° 22', 'O+', 'Asist. Administrativo', 0, 0, '', NULL, NULL, NULL, NULL, NULL, NULL, NULL, NULL, 0, 'No indica');
INSERT INTO `funcionarios` VALUES (125, 'V-10619550', 'V-10619550-2', 'AUDELINA  DE JESUS', 'LEAL  JIMENEZ', '2010-08-01', '1968-03-14', '', '', '', '0416-7351652', '0412-7489044', 'F', 'NO', 'La Odisea, Las  Palmas  Biruaca  Edo-Apure', 'O+', 'Obrero', 0, 0, '', NULL, NULL, NULL, NULL, NULL, NULL, NULL, NULL, 0, 'No indica');
INSERT INTO `funcionarios` VALUES (126, 'V-26024263', 'V-26024263-2', 'WENDY CAROLINA', 'CONTRERAS RINCONES', '2019-01-01', '1997-06-22', '', '26024263@GMAIL.COM', 'NO', '0426-2244780', '0414-3820748', 'F', 'NO', 'BARRIO CAMPO ALEGRE, CALLE EL GUAYABO ° 22, SAN FERNANDO', 'O+', 'Obrero', 0, 0, '', NULL, NULL, NULL, NULL, NULL, NULL, NULL, NULL, 0, 'No indica');
INSERT INTO `funcionarios` VALUES (127, 'V-11793465', 'V-11793465-7', 'MARILUZ', 'ROMERO MALUENGA', '1999-05-17', '1974-02-08', 'MROMERO@SENIAT.GOB.VE', '', 'NO', '0424-3761448', '0424-3193512', 'F', 'NO', 'URB LA TRINIDAD, CALLE LOS MEDANOS C¬22, SAN FERNANDO DE APURE', 'O+', 'Prof. Aduanero y Tributario', 0, 0, '', NULL, NULL, NULL, NULL, NULL, NULL, NULL, NULL, 0, 'No indica');
INSERT INTO `funcionarios` VALUES (128, 'V-16271207', 'V-16271207-7', 'NAIROBY JOSEFINA', 'LARA', '2013-08-01', '1984-06-16', 'NLAYA@SENIAT.GOB.VE', '', 'NO', '0424-3312237', '', 'F', 'NO', 'URB TERRON DURO VEREDA C/SN, SAN FERNANDO DE APURE', 'O+', 'Prof. Aduanero y Tributario', 0, 0, '', NULL, NULL, NULL, NULL, NULL, NULL, NULL, NULL, 0, 'No indica');
INSERT INTO `funcionarios` VALUES (129, 'V-20907450', 'V-20907450-4', 'YOSELIN ELIMAR', 'MORILLO JIMENEZ', '2019-08-28', '1994-03-21', '', '', 'NO', '0424-3415149', '', 'F', 'NO', 'LA PARAITA, CAMAGUAN EDO GUARICO', 'O+', 'Auditor Aduanero y Trib.', 0, 0, '', NULL, NULL, NULL, NULL, NULL, NULL, NULL, NULL, 0, 'No indica');
INSERT INTO `funcionarios` VALUES (130, 'V-25851252', 'V-25851252-5', 'DALESKA DEISMAR', 'PEREZ MENDOZA', '2019-01-29', '1997-09-19', 'DDPEREZ@SENIAT.GOB.VE', 'DALESKA.24.01@GMAIL.COM', 'NO TIENE', '0412-7788111', '0424-3117871', 'F', 'NO', 'VICARIO 3 CARRERA 5 ENTRE CALLES 8Y9', 'O+', 'Auditor 99', 0, 0, '', NULL, NULL, NULL, NULL, NULL, NULL, NULL, NULL, 0, 'No indica');
INSERT INTO `funcionarios` VALUES (131, 'V-15664417', 'V-15664417-6', 'VICTOR EMIR', 'DELGADO SALAZAR', '2018-12-12', '1982-03-03', 'vedelgado@seniat.gob.ve', 'emirdelgado99@gmail.com', 'NO TIENE', '0412-7790209', '0412-3594678', 'M', 'Durazno, nueces, merthiolate rojo', 'AVENIDA PRINCIPAL CENTRO ADMINISTRATIVO', 'A+', 'Prof. Administrativo', 0, 0, '', NULL, NULL, NULL, NULL, NULL, NULL, NULL, NULL, 0, 'No indica');
INSERT INTO `funcionarios` VALUES (132, 'V-26920491', 'V-26920491-1', 'MARIA FERNANDA', 'SANDOVAL RODRIGUEZ', '2022-03-25', '1999-07-27', '', 'marifersandoval.16@gmail.com', 'NO TIENE', '0412-4269792', '0412-4260113', 'F', 'NO', 'VICARIO CALLE 02 CASA NRO 24', 'ORH+', 'Auditor Aduanero y Trib.', 0, 0, '', NULL, NULL, NULL, NULL, NULL, NULL, NULL, NULL, 0, 'No indica');
INSERT INTO `funcionarios` VALUES (133, 'V-27698011', 'V-27698011-0', 'EDUARDO ANTONIO', 'ZURITA MORAO', '2019-01-29', '1998-04-04', 'eazurita@seniat.gob.ve', 'eduardoantoniomorao98@gmail.com', 'NO TIENE', '0416-1434842', '0416-4359096', 'M', 'NO', 'URBANIZACION VILLAS DEL PARAISO CASA 03 CASA 41', 'ORH+', 'Contratado', 0, 0, '', NULL, NULL, NULL, NULL, NULL, NULL, NULL, NULL, 0, 'No indica');
INSERT INTO `funcionarios` VALUES (134, 'V-11123748', 'V-11123748-0', 'Elka Yaneira', 'Villegas  Garrido', '2002-03-01', '1977-02-26', 'evillega@seniat.gob.ve', 'elkyaneira@gmail.com', 'NO TIENE', '0424-3784085', '0426-4629047', 'F', 'NO', 'Urb. EL Saman Calle  03 Casa  D-22', 'BRH+', 'Prof. Administrativo', 0, 0, '', NULL, NULL, NULL, NULL, NULL, NULL, NULL, NULL, 0, 'No indica');
INSERT INTO `funcionarios` VALUES (135, 'V-24236049', 'V-24236049-0', 'ANA GABRIELA', 'MORALES FUENMAYOR', '2019-07-17', '1994-07-24', 'agmorales@seniat.gob.ve', 'anabella201420@gmail.com', 'NO TIENE', '0412-1306506', '0412-4521427', 'F', 'NO', 'GUAMACHITO CALLE 04 ENTRE CARRERA 02 Y 03', 'ORH+', 'Auditor 99', 0, 0, '', NULL, NULL, NULL, NULL, NULL, NULL, NULL, NULL, 0, 'No indica');
INSERT INTO `funcionarios` VALUES (136, 'V-10267700', 'V-1026770-1', 'Damelis  Haydee', 'Rodriguez  Reina', '2019-02-04', '1971-10-14', 'dhrodriguez@seniat.gob.ve', 'ambardaviana@gmail.com', '@damelisrodrguez', '04144642522', '0424-3172259', 'F', 'NO', 'Urb.  Mision  De Los Ángeles  Calle  5 Con  Carrera  4 Casa  Nro 21-12 Calabozo-Estado-Guarico', 'A+', 'Auditor Aduanero y Trib.', 0, 0, '', NULL, NULL, NULL, NULL, NULL, NULL, NULL, NULL, 0, 'No indica');
INSERT INTO `funcionarios` VALUES (137, 'V-18265021', 'V-18265021-4', 'JESUS EDUARDO', 'RUIZ MARCHAN', '2010-07-19', '1985-01-04', 'JERUIZM@SENIAT.GOB.VE', 'JERUIZMARCHAN@GMAIL.COM', '@JERUIZMARCHAN', '0414-5983120', '0424-3505120', 'M', 'NO', 'URBANIZACION JOSE FRANCISCO TORREALBA, VEREDA 5,ALTAGRACIA DE ORITUCO, ESTADO GUARICO', 'ORH+', 'Jefe de Sector', 0, 0, '', NULL, NULL, NULL, NULL, NULL, NULL, NULL, NULL, 0, 'No indica');
INSERT INTO `funcionarios` VALUES (138, 'V-25664765', 'V-25664765-2', 'RAUXIRIS DEL CARMEN', 'CALDERA QUINTANA', '2020-12-14', '1995-03-13', 'RCCALDERA@SENIAT.GOB.VE', 'CARMENRAUXI@GMAIL.COM', 'NO', '0424-3561124', '0426-4385223', 'F', 'AMOXICILINA', 'SECTOR PUEBLO NUEVO, CALLE CARABOBO, CASA NUMERO 11-1,ALTAGRACIA DE ORITUCO, ESTADO GUARICO', 'ORH+', 'Auditor Aduanero y Trib.', 0, 0, '', NULL, NULL, NULL, NULL, NULL, NULL, NULL, NULL, 0, 'No indica');
INSERT INTO `funcionarios` VALUES (139, 'V-16236512', 'V-16236512-2', 'FREDDY WILFREDO', 'INFANTES INFANTE', '2019-06-06', '1984-06-24', 'FINFANTES@SENIAT.GOB.VE', '', 'NO', '0412-4359111', '0414-1447007', 'M', 'NO', 'SECTOR EL DIAMANTE, CALLE 3 CASA 54,ALTAGRACIA DE ORITUCO, ESTADO GUARICO', 'ORH+', 'Auditor Aduanero y Trib.', 0, 0, '', NULL, NULL, NULL, NULL, NULL, NULL, NULL, NULL, 0, 'No indica');
INSERT INTO `funcionarios` VALUES (140, 'V-24233721', 'V-24233721-9', 'CRISTIAN JESUS', 'NIETO AVILA', '2018-02-19', '1995-02-01', 'CNIETO@SENIAT.GOB.VE', 'CRISTIANNIETO18.95@GMAIL.COM', 'NO', '0424-1281561', '0424-3155365', 'M', 'NO', 'CARRETERA NACIONAL, SECTOR BRISAS DEL CARMEN,ALTAGRACIA DE ORITUCO, ESTADO GUARICO', 'ORH+', 'Prof. Administrativo', 0, 0, '', NULL, NULL, NULL, NULL, NULL, NULL, NULL, NULL, 0, 'No indica');
INSERT INTO `funcionarios` VALUES (141, 'V-10267227', 'V-10267227-1', 'Milagros  Angelina', 'Ramos', '2007-09-10', '1971-12-22', 'miaramos@seniat.gob.ve', 'milangera22@gmail.com', 'milagro80945569', '0414-3350603', '0246-8720773', 'F', 'no', 'Urb Simon Rodriguez sector 03 calle 13 # 11', 'o+', 'Jefe de Division', 0, 0, '', NULL, NULL, NULL, NULL, NULL, NULL, NULL, NULL, 0, 'No indica');
INSERT INTO `funcionarios` VALUES (142, 'V-15101341', 'V-15101341-0', 'LUIS ENRIQUE', 'PAIVA PEREZ', '2015-04-30', '1979-10-08', 'Lpaiva@seniat.gob.ve', 'luisepp79@hotmail.com', 'luispaiva.rg.llanos', '0424-3455600', '0412-7790924', 'M', 'no', 'Barrio veritas carrera 21 con calle 10 s/n', 'o+', 'Contratado', 0, 0, '', NULL, NULL, NULL, NULL, NULL, NULL, NULL, NULL, 0, 'No indica');
INSERT INTO `funcionarios` VALUES (143, 'V-8615492', 'V-08615492-3', 'FRANKLIN  RAFAEL', 'LOZADA MALUENGA', '1997-12-01', '1961-01-31', 'flozada@seniat.gob.ve', 'flozada382@gmail.com', 'Flozada_Llanos', '0414-4746017', '0424-3465636', 'M', 'Polvo y olores fuertes', 'Calle 12 entre carreras 8 y 9, casa S/N,  Casco Central Calabozo', 'B+', 'Prof. Aduanero y Tributario', 0, 0, '', NULL, NULL, NULL, NULL, NULL, NULL, NULL, NULL, 0, 'No indica');
INSERT INTO `funcionarios` VALUES (144, 'V-25851706', 'V-25851706-3', 'MARIANNY DE LOS ANGELES', 'GIL  BRIZUELA', '2022-01-13', '1997-08-19', 'magil@seniat.gob.ve', 'mariannyg88@gmail.com', 'marianny68', '0416-5290440', '0412-5122714', 'F', 'polvo y olores fuertes', 'Barrio Vicario 3 sector Ricardo Montilla calle 7 entre  carreras 1 y 2', 'O+', 'Contratado', 0, 0, '', NULL, NULL, NULL, NULL, NULL, NULL, NULL, NULL, 0, 'No indica');
INSERT INTO `funcionarios` VALUES (145, 'V-26920212', 'V-26920212-9', 'ANAILY COROMOTO', 'SOLARTE AZUAJE', '2021-11-15', '1999-05-09', 'asolarte@seniat.gob.ve', 'anailysolarte09@hotmail.com', 'ANAILY23035501', '0412-7789597', '0424-3102416', 'F', 'polvo y olores fuertes', 'Barrio Las Americas calle 4 Ecuador', 'A+', 'Auditor 99', 0, 0, '', NULL, NULL, NULL, NULL, NULL, NULL, NULL, NULL, 0, 'No indica');
INSERT INTO `funcionarios` VALUES (146, 'V-12511450', 'V-12511450-0', 'MARVIN JOSE', 'REQUENA DANIEL', '2014-05-08', '1975-09-01', 'MREQUENA@SENIAT.GOB.VE', 'MARVINREQUENA89@GMAIL.COM', 'NO', '0412-5394444', '0414-1447007', 'M', 'NO', 'CALLE COLOMBIA, SECTOR BARRIALITO,ALTAGRACIA DE ORITUCO, ESTADO GUARICO', 'ORH+', 'Prof. Administrativo', 0, 0, '', NULL, NULL, NULL, NULL, NULL, NULL, NULL, NULL, 0, 'No indica');
INSERT INTO `funcionarios` VALUES (147, 'V-6796455', 'V-6796455-8', 'RAUL ALBERTO', 'CALDERA BANDRES', '2007-10-15', '1966-11-21', 'RCALDERA@SENIAT.GOB.VE', 'RAULCALBAN@HOTMAIL.COM', 'NO', '0412-8825720', '0426-4385223', 'M', 'NO', 'SECTOR PUEBLO NUEVO, CALLE CARABOBO, CASA NUMERO 11-1,ALTAGRACIA DE ORITUCO, ESTADO GUARICO', 'ORH+', 'Prof. Aduanero y Tributario', 0, 0, '', NULL, NULL, NULL, NULL, NULL, NULL, NULL, NULL, 0, 'No indica');
INSERT INTO `funcionarios` VALUES (148, 'V-18597851', 'V-18597851-2', 'JOSE GREGORIO', 'MARQUEZ CORREA', '2017-03-30', '1987-11-26', 'JGMARQUEZ@SENIAT.GOB.VE', 'MARQUEZCORREAJ@GMAIL.COM', 'NO', '0424-3621830', '0424-9440011', 'M', 'NO', 'CALLE PELLON Y PALACIOS, SECTOR BARRIALITO,ALTAGRACIA DE ORITUCO, ESTADO GUARICO', 'ORH+', 'Auditor Aduanero y Trib.', 0, 0, '', NULL, NULL, NULL, NULL, NULL, NULL, NULL, NULL, 0, 'No indica');
INSERT INTO `funcionarios` VALUES (149, 'V-23563496', 'V-23563496-8', 'ADRIANA RAIXELY', 'RUIZ UTRERA', '2020-12-14', '1992-09-27', 'ARRUIZ@SENIAT.GOB.VE', 'ADRI270992RUIZ@GMAIL.COM', '@ADOLOSLLANOS', '0426-2405299', '0414-4942100', 'F', 'TRAMADOL', 'DIAMANTE, CALLE PRINCIPAL,ALTAGRACIA DE ORITUCO, ESTADO GUARICO', 'ORH+', 'Auditor Aduanero y Trib.', 0, 0, '', NULL, NULL, NULL, NULL, NULL, NULL, NULL, NULL, 0, 'No indica');
INSERT INTO `funcionarios` VALUES (150, 'V-20713562', 'V-20713562-0', 'NORISCARLY', 'MACHADO', '2020-12-14', '1991-11-30', 'NMACHADO1@SENIAT.GOB.VE', 'NORISCM91@GMAIL.COM', 'NO', '0426-1378842', '0414-0473677', 'F', 'NO', 'SECTOR JOSE FELIX RIBAS, CALLE 2, IPARE,ALTAGRACIA DE ORITUCO, ESTADO GUARICO', 'ORH+', 'Auditor Aduanero y Trib.', 0, 0, '', NULL, NULL, NULL, NULL, NULL, NULL, NULL, NULL, 0, 'No indica');
INSERT INTO `funcionarios` VALUES (151, 'V-20715192', 'V-20715192-7', 'LILIAN MERCEDES', 'LAYA ROMERO', '2022-03-29', '1993-01-22', '', 'LILIANM22@HOTMAIL.COM', '@LILIAN_LAYA', '0412-4365192', '0424-1291940', 'F', 'CIPROFLOXACINA', 'URBANIZACION JOSE FRANCISCO TORREALBA, VEREDA 4, CASA N°104,ALTAGRACIA DE ORITUCO, ESTADO GUARICO', 'ORH+', 'Auditor Aduanero y Trib.', 0, 0, '', NULL, NULL, NULL, NULL, NULL, NULL, NULL, NULL, 0, 'No indica');
INSERT INTO `funcionarios` VALUES (152, 'V-17602341', 'V-1760234-1', 'DENNY EFRAIN', 'RIVAS', '2019-11-21', '1985-08-17', 'derivas@seniat.gob.ve', 'dennyrivas@gmail.com', 'dennyefrain', '0424-3766524', '0412-0383788', 'M', 'NO', 'Urb 19 de Abril calle 4 #50', 'O+', 'Contratado', 0, 0, '', NULL, NULL, NULL, NULL, NULL, NULL, NULL, NULL, 0, 'No indica');
INSERT INTO `funcionarios` VALUES (153, 'V-12477202', 'V-12477202-4', 'Cesar  Eduardo', 'Lugo  Linares', '2019-11-21', '1974-07-13', 'celugo@seniat.gob.ve', 'lugoliga7@gmail.com', 'cesarlugo_nenego', '0416-4358417', '0414-3460878', 'M', 'ASMATICO', 'Calle 4 sector Pozo Azul # S/N', 'A+', 'Contratado', 0, 0, '', NULL, NULL, NULL, NULL, NULL, NULL, NULL, NULL, 0, 'No indica');
INSERT INTO `funcionarios` VALUES (154, 'V-12512260', 'V-12512260-0', 'AIDA JOSEFINA', 'ANDRADE MATOS', '2010-08-01', '1976-09-13', 'AJANDRAD@SENIAT.GOB.VE', 'AIDAANDRADE29@GMAIL.COM', '@ADORLLANOS', '0414-3465387', '0238-3343240', 'F', 'NO', 'CALLE JULIAN MELLADO, CRUCE CON RAUSEO,ALTAGRACIA DE ORITUCO, ESTADO GUARICO', 'ORH+', 'Prof. Aduanero y Tributario', 0, 0, '', NULL, NULL, NULL, NULL, NULL, NULL, NULL, NULL, 0, 'No indica');
INSERT INTO `funcionarios` VALUES (155, 'V-20906720', 'V-20906720-6', 'CRISTHIAN  ADRIAN', 'CAMACHO PAIVA', '2021-10-15', '1992-10-22', 'cacamachop@seniat.gob.ve', 'christiancp22101992@gmail.com', '_christian3', '0412-3478058', '0412-1573852', 'M', 'NO', 'Urb Jose Antonio Troconis Manzana 2 # 5', 'O+', 'Contratado', 0, 0, '', NULL, NULL, NULL, NULL, NULL, NULL, NULL, NULL, 0, 'No indica');
INSERT INTO `funcionarios` VALUES (156, 'V-14706681', 'V-14706681-0', 'JOSE FRANCISCO', 'INFANTE INFANTE', '2021-06-04', '1981-06-28', 'JFINFANTE@SENIAT.GOB.VE', 'FRANCO.LUIFER@GMAIL.COM', 'NO', '0424-3313629', '0426-2454292', 'M', 'NO', 'SECTOR EL DIAMANTE, CALLE 3 CASA 54, ALTAGRACIA DE ORITUCO, ESTADO GUARICO', 'ORH+', 'Contratado', 0, 0, '', NULL, NULL, NULL, NULL, NULL, NULL, NULL, NULL, 0, 'No indica');
INSERT INTO `funcionarios` VALUES (157, 'V-15811907', 'V-15811907-9', 'NELSON ALCANGEL', 'GONZALEZ CORTEZ', '2019-03-19', '1979-05-01', '', 'nelsongonzalez1902@hotmail.com', 'Ensso21', '0414-5885195', '0414-4692482', 'M', 'NO', 'Barrio Primero de Mayo calle 3 casa N-94', 'NO RECUERDA', 'Contratado', 0, 0, '', NULL, NULL, NULL, NULL, NULL, NULL, NULL, NULL, 0, 'No indica');
INSERT INTO `funcionarios` VALUES (158, 'V-28518913', 'V-28518913-2', 'JORCIRET DEL VALLE', 'RAVELO PAZ CASTILLO', '2021-11-15', '2002-09-25', 'JRAVELO@SENIAT.GOB.VE', 'JORCIRETRAVELO@GMAIL.COM', 'NO', '0412-5077453', '0412-8990178', 'F', 'NO', 'URBANIZACION VALLES DE CAMORUCO, CALLE 2, RAMON INFANTE, CASA 28, ALTAGRACIA DE ORITUCO, ESTADO GUARICO', 'ORH+', 'Contratado', 0, 0, '', NULL, NULL, NULL, NULL, NULL, NULL, NULL, NULL, 0, 'No indica');
INSERT INTO `funcionarios` VALUES (159, 'V-25549780', 'V-25549780-0', 'GABRIEL JOSE', 'GONZALEZ CORTEZ', '2019-03-19', '1995-01-05', '', 'gabrielgonzacort@gmail.com', 'gabrielarpaarpa', '0412-7055083', '0414-4692482', 'M', 'NO', 'Barrio 1ero de Mayo calle 3 con carrera 3 casa N° 94', 'NO RECUERDA', 'Obrero', 0, 0, '', NULL, NULL, NULL, NULL, NULL, NULL, NULL, NULL, 0, 'No indica');
INSERT INTO `funcionarios` VALUES (160, 'V-15796418', 'V-15796418-2', 'LENNY YORLANDYS', 'ITRIAGO DE RODRIGUEZ', '2020-06-10', '1983-08-05', 'LYITRIAGO@SENIAT.GOB.VE', 'ITRIAGOLENNY2019@GMAIL.COM', 'NO', '0416-8092132', '0238-3340124', 'F', 'NO', 'TRICENTENARIO IV VEREDA 20 CASA 01,ALTAGRACIA DE ORITUCO, ESTADO GUARICO', 'O+', 'Auditor Aduanero y Trib.', 0, 0, '', NULL, NULL, NULL, NULL, NULL, NULL, NULL, NULL, 0, 'No indica');
INSERT INTO `funcionarios` VALUES (161, 'V-18584039', 'V-18584039-1', 'JESUS ELOY', 'GONZALEZ CORTEZ', '2019-03-20', '1989-08-29', '', 'eloygonzacort@gmail.com', 'eloygon75389635', '0412-4084764', '', 'M', 'NO', 'Barrio Primero de Mayo calle 3 casa N-94', 'O+', 'Obrero', 0, 0, '', NULL, NULL, NULL, NULL, NULL, NULL, NULL, NULL, 0, 'No indica');
INSERT INTO `funcionarios` VALUES (162, 'V-15811909', 'V-15811909-5', 'YANGEL JOSE', 'GONZALEZ CORTEZ', '2019-03-19', '1981-03-14', '', 'jangelgonzalez@gmail.com', 'yangel93653097', '0414-4682326', '0414-4692482', 'M', 'NO', '1ero de Mayo calle 3 con carrera 3 casa N° 94', 'NO RECUERDA', 'Obrero', 0, 0, '', NULL, NULL, NULL, NULL, NULL, NULL, NULL, NULL, 0, 'No indica');
INSERT INTO `funcionarios` VALUES (163, 'V-20412118', 'V-20412118-0', 'YUBRAN EDUARDO', 'GARCIA', '2016-10-20', '1987-10-28', 'YEGARCIA@SENIAT.GOB.VE', 'GARCIAYUBRAN@GMAIL.COM', '@GARCIAYUBRAN', '0426-4042613', '0412-0459998', 'F', 'NO', 'CALLE PRINCIPAL TRICENTENARIO I,ALTAGRACIA DE ORITUCO, ESTADO GUARICO', 'ORH+', 'Asist. Administrativo', 0, 0, '', NULL, NULL, NULL, NULL, NULL, NULL, NULL, NULL, 0, 'No indica');
INSERT INTO `funcionarios` VALUES (164, 'V-14539054', 'V-14539054-7', 'NAZARELYS MILAGROS', 'GONZALEZ RODRIGUEZ', '2022-01-13', '1981-10-10', 'nmgonzalezr@seniat.gob.ve', 'nazarelys10@hotmail.com', 'nazarelys15', '0412-7786302', '0412-7798559', 'F', 'Polvo y olores fuertes', 'Urb. Cañafistola sector 1-A', 'O+', 'Contratado', 0, 0, '', NULL, NULL, NULL, NULL, NULL, NULL, NULL, NULL, 0, 'No indica');
INSERT INTO `funcionarios` VALUES (166, 'V-19638862', 'V-19638862-8', 'MIGJERLY DAMARYS', 'PEÑA PEREZ', '2020-06-09', '1991-12-11', 'MDPENAP@SENIAT.GOB.VE', 'SENIATMDPENAP@GMAIL.COM', 'NO', '0412-3913628', '0426-1466756', 'F', 'NO', 'SECTOR PUEBLO NUEVO, CALLE CARABOBO, CASA NUMERO 9,ALTAGRACIA DE ORITUCO, ESTADO GUARICO', 'ORH-', 'Auditor Aduanero y Trib.', 0, 0, '', NULL, NULL, NULL, NULL, NULL, NULL, NULL, NULL, 0, 'No indica');
INSERT INTO `funcionarios` VALUES (167, 'V-27612990', 'V-27612990-9', 'MARIA JOSE', 'POMBROL FLORES', '2020-01-09', '2001-03-31', '', 'MAJOPOMBROL3103@GMAIL.COM', 'NO', '0424-3217397', '0412-4091206', 'F', 'NO', 'SECTOR GUAIQUERIES, CALLE , FRENTE A LA RESIDENCIA, ALTAGRACIA DE ORITUCO, ESTADO GUARICO', 'ORH+', 'Contratado', 0, 0, '', NULL, NULL, NULL, NULL, NULL, NULL, NULL, NULL, 0, 'No indica');
INSERT INTO `funcionarios` VALUES (168, 'V-20399298', 'V-20399298-6', 'LIGIA NOHEMI', 'BEROES SOTO', '2019-01-01', '1987-07-08', '', 'BEROESLIGIA1@GMAIL.COM', 'NO', '0412-8829298', '0412-4321058', 'F', 'NO', 'SECTOR LOS GUIRES, CALLE SUCRE, ALTAGRACIA DE ORITUCO, ESTADO GUARICO', 'ORH+', 'Obrero', 0, 0, '', NULL, NULL, NULL, NULL, NULL, NULL, NULL, NULL, 0, 'No indica');
INSERT INTO `funcionarios` VALUES (169, 'V-19100761', 'V-19100761-8', 'JEGSILEN YURVISAY', 'BENITEZ BANDRES', '2020-06-09', '1990-06-21', '', 'JEGSIROTS02@GMAIL.COM', 'NO', '0412-4773904', '0412-0355434', 'F', 'NO', 'SECTOR VILLAIBEROAMERICANA, CONDOMINIO 7,ALTAGRACIA DE ORITUCO, ESTADO GUARICO', 'ORH-', 'Contratado', 0, 0, '', NULL, NULL, NULL, NULL, NULL, NULL, NULL, NULL, 0, 'No indica');
INSERT INTO `funcionarios` VALUES (170, 'V-21277369', 'V-21277369-3', 'MOISES', 'MARTINEZ APONTE', '2019-11-21', '1992-06-04', 'memartinez@seniat.gob.ve', 'moisesmartin0406@gmail.com', 'moisesmartin92', '0412-5621902', '0424-3747417', 'M', 'NO', 'Casco Central Carrera 6 entre calle 7 y 8', 'B+', 'Contratado', 0, 0, '', NULL, NULL, NULL, NULL, NULL, NULL, NULL, NULL, 0, 'No indica');
INSERT INTO `funcionarios` VALUES (171, 'V-24967703', 'V-24967703-1', 'JESUS ENRIQUE', 'MORONTA LUGO', '2019-11-21', '1994-07-16', 'jmoronta@seniat.gob.ve', 'jssenrique21@gmail.com', 'jssenrique21', '0412-7788367', '0414-3460878', 'M', 'NO', 'Calle 3 sector la Trinidad', 'O+', 'Contratado', 0, 0, '', NULL, NULL, NULL, NULL, NULL, NULL, NULL, NULL, 0, 'No indica');
INSERT INTO `funcionarios` VALUES (172, 'V-23569251', 'V-23569251-8', 'ANDREA JOSE', 'MENDOZA FLORES', '2019-03-31', '1995-10-08', 'AJMENDOZA@SENIAT.GOB.VE', 'ANDREAMENDOZAF8@GMAIL.COM', 'NO RECUERDA', '0414-3807113', '0246-8713382', 'F', 'NO', 'URB. ADAGRO CALLE PRINCIPAL CASA N| 9', 'ORH+', 'Auditor Aduanero y Trib.', 0, 0, '', NULL, NULL, NULL, NULL, NULL, NULL, NULL, NULL, 0, 'No indica');
INSERT INTO `funcionarios` VALUES (173, 'V-10269598', 'V-10269598-0', 'CALIXTO  RAMON', 'GARRIDO  JIMENEZ', '2019-11-21', '1972-11-21', 'CGARRIDO@SENIAT.GOB.VE', '', 'NO RECUERDA', '0416-7344389', '0246-8713542', 'M', 'NO', 'Sector  Verita  Calle 9 Entre  Carrera  21 Y 22, Callejon 21-A', 'ORH+', 'Auditor Aduanero y Trib.', 0, 0, '', NULL, NULL, NULL, NULL, NULL, NULL, NULL, NULL, 0, 'No indica');
INSERT INTO `funcionarios` VALUES (174, 'V-21277409', 'V-21277409-6', 'LIXI JOELY', 'GODOY PEREZ', '2018-07-30', '1993-12-12', 'LGODOY@SENIAT.GOB.VE', 'LIXIGODOY@GMAIL.COM', 'NO RECUERDA', '0424-3533486', '0426-3280123', 'F', 'NO', 'CRUZ DEL PERDON, CALLE 1', 'ORH+', 'Auditor Aduanero y Trib.', 0, 0, '', NULL, NULL, NULL, NULL, NULL, NULL, NULL, NULL, 0, 'No indica');
INSERT INTO `funcionarios` VALUES (175, 'V-13948697', 'V-13948697-7', 'GUSTAVO RAMON', 'BRITO VALDERRAMA', '2007-09-03', '1979-09-18', 'grbritov@seniat.gob.ve', 'grbritov@gmail.com', '@grbritov', '04129613816', '', 'M', 'NO', 'Urb. Nicolás Hurtado Barrio zona 6 Torre A APTO. 3-6 Calabozo Edo. Guárico', 'ORH+', 'Jefe de Sector', 0, 0, '', NULL, NULL, NULL, NULL, NULL, NULL, NULL, NULL, 0, 'No indica');
INSERT INTO `funcionarios` VALUES (176, 'V-13949071', 'V-13949071-8', 'SANTIAGO ELIAS', 'LEON REVERON', '2018-05-28', '1979-10-09', 'SLEON@SENIAT.GOB.VE', 'SANTIAGOREV123@GMAIL.COM', 'NO RECUERDA', '0414-5985459', '0412-4666717', 'M', 'NO', 'CASCO CENTRAL CARRERA 11 ENTRE CALLE 10 Y 11', 'ORH+', 'Auditor Aduanero y Trib.', 0, 0, '', NULL, NULL, NULL, NULL, NULL, NULL, NULL, NULL, 0, 'No indica');
INSERT INTO `funcionarios` VALUES (177, 'V-13622185', 'V-13622185-6', 'BETZY MILAGROS', 'BANDRES LAYA', '2022-08-23', '1978-02-13', '', 'betzybandresl@gmail.com', 'NO', '0414-4596294', '', 'F', 'NO', 'Urb Lomas del llano III calle 4 casa I83, VALLE DE LA PASCUA EDO GUARICO', 'ORH+', 'Auditor Aduanero y Trib.', 0, 0, '', NULL, NULL, NULL, NULL, NULL, NULL, NULL, NULL, 0, 'No indica');
INSERT INTO `funcionarios` VALUES (178, 'V-20184331', 'V-20184331-2', 'JESYLI  DEL CARMEN', 'ARTEAGA CAMEJO', '2022-01-17', '2021-02-20', 'JARTEAGA@SENIAT.GOB.VE', 'JESYLI3@GMAIL.COM', '@JESIAC_RLL', '0424-3163007', '0414-4867467', 'F', 'NO', 'BANCO OBRERO, VDA N° 2, CASA N° 16', 'ORH+', 'Auditor 99', 0, 0, '', NULL, NULL, NULL, NULL, NULL, NULL, NULL, NULL, 0, 'No indica');
INSERT INTO `funcionarios` VALUES (179, 'V-13513192', 'V-13513192-6', 'ORLANDO', 'TORREALBA TORREALBA', '2007-09-03', '1977-06-03', 'otorreal@seniat.gob.ve', 'ortorreal@gmail.com', '@ortorreal1', '0412-4685590', '', 'M', 'NO', 'Av. 5ta Mazana 38 Casa Nº 17 Urb. El Palamar II, Valle de la Pascua Edo Guarico', 'ORH+', 'Prof. Aduanero y Tributario', 0, 0, '', NULL, NULL, NULL, NULL, NULL, NULL, NULL, NULL, 0, 'No indica');
INSERT INTO `funcionarios` VALUES (180, 'V-9917629', 'V-09917629-2', 'WILFREDO', 'CARPIO TAIPE', '1995-02-16', '1968-05-05', 'wcarpio@seniat.gob.ve', 'wilfredocar05@gmail.com', 'NO', '0414-29449839', '0426-2470628', 'M', 'NO', 'Calle Paez C/C Calle Ribas n65-28 Las Mercedes Guarico', 'ORH+', 'Prof. Aduanero y Tributario', 0, 0, '', NULL, NULL, NULL, NULL, NULL, NULL, NULL, NULL, 0, 'No indica');
INSERT INTO `funcionarios` VALUES (181, 'V-19160740', 'V-19160740-2', 'JUANA IRIS', 'CARRASQUEL', '2021-11-15', '1988-05-20', 'JICARRASQUEL@SENIAT.GOB.VE', 'CARRASQUELJUANA@GMAIL.COM', '@JUANACARRASQUE2', '0412-4144146', '0412-3467347', 'F', 'NO', 'CASCO CENTRAL, CALLE 13 ENTRE CARRERAS 18 Y 19', 'ORH+', 'Auditor Aduanero y Trib.', 0, 0, '', NULL, NULL, NULL, NULL, NULL, NULL, NULL, NULL, 0, 'No indica');
INSERT INTO `funcionarios` VALUES (182, 'V-15526438', 'V-15526438-8', 'ANDY GREGORI', 'RONDON CABEZA', '2007-09-03', '1981-09-27', 'arondonc@seniat.gob.ve', 'andyrondon26@gmail.com', '@rondon81', '0412-4088634', '0238-5522742', 'M', 'CAPTOPRIL', 'Calle 04, Casa 04, Sector Brisas del Valle. Tucupido Estado Guarico', 'ORH+', 'Tecn. Administrativo', 0, 0, '', NULL, NULL, NULL, NULL, NULL, NULL, NULL, NULL, 0, 'No indica');
INSERT INTO `funcionarios` VALUES (183, 'V-19701799', 'V-19701799-2', 'SERGIO JOSE', 'BASTIDAS RODRIGUEZ', '2015-04-30', '1990-09-12', 'sbastidas@seniat.gob.ve', 'sergiobastidas90@gmail.com', '@bastidassergio', '0412-9673831', '0412-7452266', 'M', 'PENICILINA', 'Urb. La Trinidad  Calle 2 Casa Nº20, VALLE DE LA PASCUA EDO GUARICO', 'ORH+', 'Prof. Aduanero y Tributario', 0, 0, '', NULL, NULL, NULL, NULL, NULL, NULL, NULL, NULL, 0, 'No indica');
INSERT INTO `funcionarios` VALUES (184, 'V-20183489', 'V-20183489-5', 'ELI ALEJANDRO', 'ARMARIO MEDINA', '2022-01-13', '2021-07-13', 'EARMARIO@SENIAT.GOB.VE', 'ELIARMARIO34@GMAIL.COM', '@ELIARMARIO1', '0412-4152526', '0412-8925636', 'M', 'OLORES FUERTES', 'VICARIO 3, CALLE 7 CARRERA 6 Y 7', 'ORH+', 'Auditor Aduanero y Trib.', 0, 0, '', NULL, NULL, NULL, NULL, NULL, NULL, NULL, NULL, 0, 'No indica');
INSERT INTO `funcionarios` VALUES (185, 'V-4309536', 'V-04309536-2', 'DAMARIS', 'PARRA LORETO', '2001-04-24', '1954-08-01', 'DPARRAL@SENIAT.GOB.VE', 'damarisparral@gmail.com', 'NO', '0426-3447343', '0426-3449614', 'F', 'Doricun', 'Urb. VIPEDI, Calle 5 Nº 40, Valle de La Pascua Edo Guárico', 'ORH+', 'Prof. Aduanero y Tributario', 0, 0, '', NULL, NULL, NULL, NULL, NULL, NULL, NULL, NULL, 0, 'No indica');
INSERT INTO `funcionarios` VALUES (186, 'V-19919198', 'V-19919198-1', 'MARIANGELIS RAQUEL', 'QUERALES ZAMBRANO', '2017-03-31', '1990-01-26', 'mqueralesz@seniat.gob.ve', 'mariangelisquerales@gmail.com', 'NO', '0412-4074789', '0424-3468975', 'F', 'NO', 'Carretera nacional via chaguaramas, caserio los Isleños', 'ORH+', 'Auditor Aduanero y Trib.', 0, 0, '', NULL, NULL, NULL, NULL, NULL, NULL, NULL, NULL, 0, 'No indica');
INSERT INTO `funcionarios` VALUES (187, 'V-24967767', 'V-24967767-8', 'EUVISMAR DEL CARMEN', 'FLORES DELGADO', '2020-06-17', '1994-12-19', 'EFLORESD@SENIAT.GOB.VE', 'EUVIS.MAR@GMAIL.COM', '@EuvisMar', '0414-4597356', '0414-5908269', 'F', 'NO', 'URB. LAZO MARTI CASA N°877', 'ORH+', 'Auditor Aduanero y Trib.', 0, 0, '', NULL, NULL, NULL, NULL, NULL, NULL, NULL, NULL, 0, 'No indica');
INSERT INTO `funcionarios` VALUES (188, 'V-18834886', 'V-18834886-2', 'EMILY EVELYN', 'RUIZ YANEZ', '2017-03-30', '1988-07-06', 'eruizy@seniat.gob.ve', 'emilyeruiz27@gmail.com', '@emilyruiz_llanos', '0424-3657552', '0412-7459610', 'M', 'NO', 'Calle Retumbo Norte N49, Sector Centro, Valle de la pascua edo Guárico', 'ORH+', 'Auditor Aduanero y Trib.', 0, 0, '', NULL, NULL, NULL, NULL, NULL, NULL, NULL, NULL, 0, 'No indica');
INSERT INTO `funcionarios` VALUES (189, 'V-19943587', 'V-19943587-2', 'SONIA ELENA', 'CALVO MOLINA', '2015-05-13', '1990-12-21', 'SCALVO@SENIAT.GOB.VE', 'SONICM0212@GMAIL.COM', '@SONICM0212', '0424-3332583', '0414-4676863', 'F', 'NO', 'CAJA DE AGUA CALLE 8 CON CARRERA 1', 'ORH+', 'Prof. Aduanero y Tributario', 0, 0, '', NULL, NULL, NULL, NULL, NULL, NULL, NULL, NULL, 0, 'No indica');
INSERT INTO `funcionarios` VALUES (190, 'V-20246000', 'V-20246000-0', 'INELDA ISADORA', 'CARPIO NINLIM', '2017-03-30', '1990-07-02', 'iicarpio@seniat.gob.ve', 'ine020790@hotmail.com', '@inelda_llanos', '0412-4618273', '0412-8531529', 'F', 'NO', 'Urbanizacion Llano Alto, Casa Nº01, Valle de la pascua', 'ORH+', 'Auditor Aduanero y Trib.', 0, 0, '', NULL, NULL, NULL, NULL, NULL, NULL, NULL, NULL, 0, 'No indica');
INSERT INTO `funcionarios` VALUES (191, 'V-15248710', 'V-15248710-6', 'JHONNATAN RAFAEL', 'HERNANDEZ', '2020-02-18', '1981-08-07', 'jrhernandez@seniat.gob.ve', 'hernandezjhonnatan@gmail.com', '@jhonnatanhernandez', '0412-4061226', '0235-3412422', 'M', 'NO', 'Calle 5 de Julio Nro 26 Sector Atascosa, VALLE DE LA PASCUA EDO GUARICO', 'ORH+', 'Contratado', 0, 0, '', NULL, NULL, NULL, NULL, NULL, NULL, NULL, NULL, 0, 'No indica');
INSERT INTO `funcionarios` VALUES (192, 'V-18219828', 'V-18219828-1', 'LUIS ARMANDO', 'PAIVA PEREZ', '2016-11-08', '1988-06-22', 'LAPAIVA@SENIAT.GOB.VE', 'LUISPAIVA198898@GMAIL.COM', 'NO', '0414-4536369', '0246-8714581', 'M', 'NO', 'URB. SIMON RODRIGUEZ CALLE 8, SECTOR 2', 'ORH+', 'Prof. Aduanero y Tributario', 0, 0, '', NULL, NULL, NULL, NULL, NULL, NULL, NULL, NULL, 0, 'No indica');
INSERT INTO `funcionarios` VALUES (193, 'V-16325437', 'V-16325437-5', 'EUCRANIA LISNARDY', 'MOSQUEDA GONZALEZ', '2017-07-13', '1983-03-12', 'emosqueda@seniat.gob.ve', 'lisnadysvlp@hotmail.com', '@eucrania_llanos', '0424-3071545', '', 'F', 'NO', 'Calle Retumbo Sur  casa n º96, VALLE DE LA PASCUA EDO GUARICO', 'ORH+', 'Tecn. Administrativo', 0, 0, '', NULL, NULL, NULL, NULL, NULL, NULL, NULL, NULL, 0, 'No indica');
INSERT INTO `funcionarios` VALUES (194, 'V-15811893', 'V-15811893-5', 'ANDRES EDUARDO', 'ARANGUREN OROZCO', '2022-01-26', '1983-10-19', 'AEARANGUREN@SENIAT.GOB.VE', '', 'NO', '0424-3773288', '0424-3186951', 'M', 'NO', 'URB. CAÑAFISTOLA CALLE 6 SECTOR 2 CASA N° 7', 'ORH+', 'Auditor 99', 0, 0, '', NULL, NULL, NULL, NULL, NULL, NULL, NULL, NULL, 0, 'No indica');
INSERT INTO `funcionarios` VALUES (195, 'V-20683305', 'V-20683305-6', 'JESUS  ANDRES', 'RAMIREZ QUIRPA', '2018-07-30', '1992-02-12', 'jaramirez@seniat.gob.ve', 'Jesusramirezq920@gmail.com', '@jesusrllanos', '0414-3478735', '0424-3159486', 'M', 'NO', 'CALLE LIBERTAD CASA S/N SECTOR CURAZAO ,ZARAZA EDO GUARICO', 'ORH+', 'Auditor Aduanero y Trib.', 0, 0, '', NULL, NULL, NULL, NULL, NULL, NULL, NULL, NULL, 0, 'No indica');
INSERT INTO `funcionarios` VALUES (196, 'V-24239722', 'V-24239722-0', 'MARIANA PAOLA', 'RODRIGUEZ SEIJAS', '2019-06-06', '1994-07-30', 'mprodriguez@seniat.gob.ve', 'paola_rodriguez30@hotmail.com', '@paola30_llanos', '0414-4190320', '0426-3380999', 'F', 'NO', 'URB. PADRE CHACIN CALLE 1 CASA Nº 20, VALLE DE LA PASCUA EDO GUARICO', 'ORH+', 'Auditor Aduanero y Trib.', 0, 0, '', NULL, NULL, NULL, NULL, NULL, NULL, NULL, NULL, 0, 'No indica');
INSERT INTO `funcionarios` VALUES (197, 'V-20526526', 'V-20526526-7', 'GERMAN MANUEL', 'NAVA ROJAS', '2019-06-06', '1992-10-21', 'gnava@seniat.gob.ve', 'germannava130@gmail.com', '@germannavallanos', '0412-1977058', '0235-3427348', 'M', 'NO', 'URB. PADRE CHACIN CALLE 13 CASA Nº 31, VALLE DE LA PASCUA EDO GUARICO', 'ORH+', 'Contratado', 0, 0, '', NULL, NULL, NULL, NULL, NULL, NULL, NULL, NULL, 0, 'No indica');
INSERT INTO `funcionarios` VALUES (198, 'V-24968620', 'V-24968620-0', 'ROGER MOISES', 'MARIN MORENO', '2019-01-29', '1996-03-26', 'RMMARIN@SENIAT.GOB.VE', 'rogermarinmoreno@gmail.com', 'NO RECUERDA', '0412-7797040', '0412-9665579', 'M', 'NO', 'CASCO CENTRAL, CARRERA 17 ENTRE CALLES 12 Y 13', 'ORH+', 'Contratado', 0, 0, '', NULL, NULL, NULL, NULL, NULL, NULL, NULL, NULL, 0, 'No indica');
INSERT INTO `funcionarios` VALUES (199, 'V-19476241', 'V-19476241-7', 'MARIA ALEJANDRA', 'MERCADO ROMERO', '2022-01-26', '1989-11-08', 'MMERCADO@SENIAT.GOB.VE', 'marialemercado1@gmail.com', 'NO', '0412-1378506', '0246-8723489', 'F', 'OLORES FUERTES', 'URB. FRANCISCO DE MIRANDA VDA 45 CASA N° 6', 'ORH+', 'Contratado', 0, 0, '', NULL, NULL, NULL, NULL, NULL, NULL, NULL, NULL, 0, 'No indica');
INSERT INTO `funcionarios` VALUES (200, 'V-22613408', 'V-22613408-1', 'LUIS RAMON', 'RIVAS SANTAELLA', '2021-11-16', '1993-03-26', 'LRRIVAS@SENIAT.GOB.VE', 'luisriva712@gmail.com', 'NO RECUERDA', '0412-7792977', '0412-4638346', 'M', 'NO', 'BARRIO PRIMERO DE FEBRERO CALLE 3 ENTRE CARRERAS 2 Y 3', 'ORH+', 'Auditor 99', 0, 0, '', NULL, NULL, NULL, NULL, NULL, NULL, NULL, NULL, 0, 'No indica');
INSERT INTO `funcionarios` VALUES (201, 'V-16640322', 'V-16640322-3', 'FRANCYS DAYANA', 'CARMONA LOYOLA', '2022-01-26', '1983-04-14', 'FDCARMONA@SENIAT.GOB.VE', 'FDAYANACL09@GMAIL.COM', 'NO RECUERDA', '0424-3038513', '0426-5401333', 'F', 'NO', 'MISION ARRIBA, CALLE 8', 'ORH+', 'Auditor 99', 0, 0, '', NULL, NULL, NULL, NULL, NULL, NULL, NULL, NULL, 0, 'No indica');
INSERT INTO `funcionarios` VALUES (202, 'V-25132323', 'V-25132323-9', 'MILAGROS ANAIS', 'OJEDA RUIZ', '2020-04-20', '1996-04-24', 'MAOJEDAR1@SENIAT.GOB.VE', 'OJEDAMILAGROS68@GMAIL.COM', 'NO RECUERDA', '0414-4540316', '0424-3671520', 'F', 'NO', 'VICARIO 3, SECTOR LOS MEREYES CALLE 6 CON CARRERAS 10 Y 11', 'ARH+', 'Auditor Aduanero y Trib.', 0, 0, '', NULL, NULL, NULL, NULL, NULL, NULL, NULL, NULL, 0, 'No indica');
INSERT INTO `funcionarios` VALUES (203, 'V-16384546', 'V-16384546-2', 'CAROLINA DEL MAR', 'GONZALEZ GONZALEZ', '2015-04-30', '1982-06-08', 'cdmgonzalez@seniat.gob.ve', 'carolinadelmargonzalezgonzalezgonzalez@gmail.com', '@carolina080682', '0426-4399826', '', 'F', 'NO', 'vicario 1 sector 3 carrera 6 con calle 5, Calabozo Estado Guarico', 'A+', 'Jefe de Division', 0, 0, '', NULL, NULL, NULL, NULL, NULL, NULL, NULL, NULL, 0, 'No indica');
INSERT INTO `funcionarios` VALUES (204, 'V-18583801', 'V-18583801-0', 'LORENA CAROLINA', 'TROCELL', '2017-03-31', '1987-09-13', 'salvarez@seniat.gob.ve', 'valle1569@hotmail.com', '@trocelllorena', '0414-4540388', '0412-8994234', 'F', 'NO', 'Calle Principal de Modesto Freites Calle 1, Calabozo Estado Guarico', 'B-', 'Auditor Aduanero y Trib.', 0, 0, '', NULL, NULL, NULL, NULL, NULL, NULL, NULL, NULL, 0, 'No indica');
INSERT INTO `funcionarios` VALUES (205, 'V-10274302', 'V-10274302-0', 'SULEIMA DEL VALLE', 'ALVAREZ PEREZ', '2014-04-21', '1969-04-15', 'salvarez@seniat.gob.ve', 'valle1569@hotmail.com', '@suleima_llanos', '0412-4546830', '0424-3018728', 'F', 'NO', 'Calle principal de Modesto freites entre calle 2 y 3, Calabozo Estado Guarico', 'A+', 'Prof. Aduanero y Tributario', 0, 0, '', NULL, NULL, NULL, NULL, NULL, NULL, NULL, NULL, 0, 'No indica');
INSERT INTO `funcionarios` VALUES (206, 'V-23569399', 'V-23569399-9', 'ALFRIMAR YOLEY', 'LINARES CORDERO', '2019-01-29', '1993-01-21', 'alinaresc@seniat.gob.ve', 'alfrimarjoelylinarescordero@gmail.com', 'NO TIENE', '0424-3544845', '0246-8715732', 'F', 'NO', 'Barrio Jose Antonio Paez Calle la Estrella Casa N° 03,Calabozo Estado Guarico', 'A+', 'Auditor Aduanero y Trib.', 0, 0, '', NULL, NULL, NULL, NULL, NULL, NULL, NULL, NULL, 0, 'No indica');
INSERT INTO `funcionarios` VALUES (207, 'V-13948774', 'V-13948774-1', 'CARLOS DAVID', 'ESCALONA HERRERA', '2015-04-30', '1978-09-19', 'cescalona@seniat.gob.ve', '', 'NO RECUERDA', '0414-3202869', '0412-5738101', 'M', 'NO', 'Calle Sucre sector Guaicaipuro los Indios, Calabozo Estado Guarico', 'ORH+', 'Prof. Aduanero y Tributario', 0, 0, '', NULL, NULL, NULL, NULL, NULL, NULL, NULL, NULL, 0, 'No indica');
INSERT INTO `funcionarios` VALUES (208, 'V-10268903', 'V-10268903-4', 'ELENA MIREYA', 'HERNANDEZ QUIÑONES', '2007-10-15', '1969-03-25', 'ehernand@seniat.gob.ve', 'elenahernanq01@gmail.com', '@elenahcolme', '0414-3013173', '0424-3152820', 'F', 'NO', 'Calle 9 con Carrrera 6 y 7 de Mision de Arriba Sector los Angeles, Calabozo Estado Guarico', 'ORH+', 'Prof. Aduanero y Tributario', 0, 0, '', NULL, NULL, NULL, NULL, NULL, NULL, NULL, NULL, 0, 'No indica');
INSERT INTO `funcionarios` VALUES (209, 'V-16383539', 'V-16383539-4', 'JOSE GREGORIO', 'ANDREA CARRILLO', '2022-09-06', '1984-07-27', '', 'GREGORIOJOSE2727@GMAIL.COM', 'NO', '0426-6386052', '0412-7788806', 'M', 'NO', 'VICARIO 3 CARRERA 1 CON CALLE 3 CASA N°21', 'O+', 'Contratado', 0, 0, '', NULL, NULL, NULL, NULL, NULL, NULL, NULL, NULL, 0, 'No indica');
INSERT INTO `funcionarios` VALUES (210, 'V-8629282', 'V-8629282-0', 'TIZIANA GIOVANNA', 'DI GIOSIA RAMINI', '1996-03-17', '1969-01-10', 'tdgiosia@seniat.gob.ve', 'digiosiatiziana@gmail', '@tdgiosia', '0424-3547920', '0246-8729892', 'F', 'NO', 'Urb. Brisas de la Represa, Calle 4. Casa Nro . 110', 'ORH+', 'Jefe de Division', 0, 0, '', NULL, NULL, NULL, NULL, NULL, NULL, NULL, NULL, 0, 'No indica');
INSERT INTO `funcionarios` VALUES (211, 'V-12990455', 'V-12990455-7', 'LIDICE ELIZABETH', 'SALINAS ROJAS', '2017-03-29', '1977-03-12', 'lsalinas@seniat.gob.ve', 'lesr180@gmail', '@lidicesllanos', '0412-3073655', '0412-2770236', 'F', 'NO', 'Urb. Frnacisco Lazo Martin, Av. 6 Manzana U. Casa Nro 616', 'B+', 'Prof. Administrativo', 0, 0, '', NULL, NULL, NULL, NULL, NULL, NULL, NULL, NULL, 0, 'No indica');
INSERT INTO `funcionarios` VALUES (212, 'V-12829317', 'V-12829317-1', 'JOSE ANGEL', 'MORALES MACHENA', '2007-09-10', '1971-01-24', 'jmoralem@seniat.gob.ve', 'josemorales3d@gmail', '@jmaralem24', '0426-1331095', '0424-3245718', 'M', 'NO', 'Ciudadela. Av. Principal Zona 3 Bloque B. Apto 3-1', 'ORH+', 'Prof. Administrativo', 0, 0, '', NULL, NULL, NULL, NULL, NULL, NULL, NULL, NULL, 0, 'No indica');
INSERT INTO `funcionarios` VALUES (213, 'V-26920891', 'V-26920891-7', 'ALBI ARIANNY', 'LOPEZ MEZA', '2018-05-28', '1997-08-13', 'AALOPEZ@SENIAT.GOB.VE', 'ALBILOPEZ2021@GMAIL.COM', 'ALBI_LLANOS', '0412-7788731', '0424-3716608', 'F', 'PINTURA EN ACEITE', 'URB. MADRE TERESA DE CALCUTA', 'O+', 'Tecn. Administrativo', 0, 0, '', NULL, NULL, NULL, NULL, NULL, NULL, NULL, NULL, 0, 'No indica');
INSERT INTO `funcionarios` VALUES (214, 'V-7283076', 'V-7283076-4', 'ROGER DE JESUS', 'GARCIA ZAMBRANO', '2007-09-03', '1962-05-17', 'rzambrag@seniat.gob.ve', 'rdejesusg@hotmail.com', 'rdejesusgg', '0424-3373914', '0246-8722352', 'M', 'NO', 'Calle 8 entre carreras 20 y 21  casa N°20-81 Calabozo', 'ORH+', 'Supervisor Regional ONIPC', 0, 0, '', NULL, NULL, NULL, NULL, NULL, NULL, NULL, NULL, 0, 'No indica');
INSERT INTO `funcionarios` VALUES (215, 'V-15811262', 'V-15811262-7', 'EVELIN DALIANA', 'RIVERO HERRERA', '2007-09-03', '1981-07-17', 'edrivero@seniat.gob.ve', 'dalianarh@hotmail.com', 'evelin_rivero17', '0424-3566638', '0424-3081777', 'F', 'NO', 'Barrio los Indios Calle Miranda casa numero 11', 'A+', 'Oficial de Seguridad', 0, 0, '', NULL, NULL, NULL, NULL, NULL, NULL, NULL, NULL, 0, 'No indica');
INSERT INTO `funcionarios` VALUES (216, 'V-20523079', 'V-20523079-0', 'DIEGO ALEJANDRO', 'SOJO RATTIA', '2020-05-05', '1992-04-21', 'dsojo@seniat.gob.ve', 'diegosojo1992@gmail.com', 'SojoONIPC', '0426-7434741', '0426-8722803', 'M', 'NO', 'Urbanización Ciudadela zona 5-A apto 2-3', 'A+', 'Oficial de Seguridad', 0, 0, '', NULL, NULL, NULL, NULL, NULL, NULL, NULL, NULL, 0, 'No indica');
INSERT INTO `funcionarios` VALUES (217, 'V-16145583', 'V-16145583-7', 'RAFAEL ISIDRO', 'ROMERO MALUENGA', '2016-05-18', '1983-02-02', 'riromero@seniat.gob.ve', 'rafaelr2307@gmail.com', 'Rafaelr2307', '0414-4594303', '', 'M', 'NO', 'Calle 3 entre 4 y 5 casco central Calabozo', 'ORH+', 'Oficial de Seguridad', 0, 0, '', NULL, NULL, NULL, NULL, NULL, NULL, NULL, NULL, 0, 'No indica');
INSERT INTO `funcionarios` VALUES (218, 'V-10265817', 'V-10265817-1', 'NELSON ASUNCION', 'MESA', '2020-04-29', '1969-08-15', '', 'mesanelson138@gmail.com', 'MesaONIPC', '0414-5638422', '', 'M', 'NO', 'Urb Cañafistola Sector 2 casa numero 4 Calabozo', 'B+', 'Oficial de Seguridad', 0, 0, '', NULL, NULL, NULL, NULL, NULL, NULL, NULL, NULL, 0, 'No indica');
INSERT INTO `funcionarios` VALUES (219, 'V-16640358', 'V-16640358-4', 'ROSA MARIA', 'PEREZ FLORES', '2021-05-26', '1983-06-08', '', 'perezfloresrosamaria3@gmail.com', 'Per6931231', '', '0414-4689393', 'F', 'NO', 'Carrera 15 entre calles 13 y 14', 'NO RECUERDA', 'Oficial de Seguridad', 0, 0, '', NULL, NULL, NULL, NULL, NULL, NULL, NULL, NULL, 0, 'No indica');
INSERT INTO `funcionarios` VALUES (220, 'V-17927117', 'V-17927117-2', 'FLORANGEL ARMENIA', 'VIANA FERNANDEZ', '2021-05-26', '1985-09-24', '', 'florangel.viana@gmail.com', 'florangelviana', '0412-3979806', '0414-3197270', 'F', 'NO', 'Urb Lazo Marti casa numero 11-77 calle 2', 'NO RECUERDA', 'Oficial de Seguridad', 0, 0, '', NULL, NULL, NULL, NULL, NULL, NULL, NULL, NULL, 0, 'No indica');
INSERT INTO `funcionarios` VALUES (221, 'V-25851091', 'V-25851091-3', 'ELICIA SOLEDAD', 'SERRADA PEREZ', '2020-08-12', '1993-03-10', '', 'eliciasp9@gmail.com', 'eliciapaez', '', '0424-3052932', 'F', 'NO', 'Barrio m14 de Marzo calle principal casa s/n', 'A+', 'Oficial de Seguridad', 0, 0, '', NULL, NULL, NULL, NULL, NULL, NULL, NULL, NULL, 0, 'No indica');
INSERT INTO `funcionarios` VALUES (222, 'V-26920648', 'V-26920648-5', 'ALEJANDRO JOSE', 'ARRAIZ PEÑA', '2021-09-07', '1998-07-25', '', 'alejandro_arraiz @hormail.com', 'arraizalejandr1', '0414-4900305', '', 'M', 'NO', 'Calle Jose Ramon Delgado Sector la aguada calabozo', 'A+', 'Oficial de Seguridad', 0, 0, '', NULL, NULL, NULL, NULL, NULL, NULL, NULL, NULL, 0, 'No indica');
INSERT INTO `funcionarios` VALUES (223, 'V-29791269', 'V-29791269-7', 'EDUARDO JOSE', 'MARTINEZ TERAN', '2021-09-07', '2003-01-09', '', 'martinezeduardo1269@gmail.com', 'eduardoONIPC', '0426-4964391', '', 'M', 'NO', 'Calle Aura de loreto casa N° 1-90 barrio brisas de Orituco Calabozo', 'NO RECUERDA', 'Oficial de Seguridad', 0, 0, '', NULL, NULL, NULL, NULL, NULL, NULL, NULL, NULL, 0, 'No indica');
INSERT INTO `funcionarios` VALUES (224, 'V-17603727', 'V-17603727-6', 'LUIS JULIAN', 'RODRIGUEZ MARTINEZ', '2022-04-07', '1986-09-29', '', 'Lluisju86@hotmail.com', 'liusONIPCllanos', '0424-3705150', '0424-3111509', 'M', 'NO', 'Zona 7 edificio torre C, piso 3-APT 3-5 Urb ciudadela Calabozo', 'A+', 'Oficial de Seguridad', 0, 0, '', NULL, NULL, NULL, NULL, NULL, NULL, NULL, NULL, 0, 'No indica');
INSERT INTO `funcionarios` VALUES (225, 'V-20522409', 'V-20522409-9', 'CARLOS LUIS', 'PEREIRA MOYETONES', '2022-04-07', '1992-06-15', '', 'carlos09zpereira@gmail.com', 'NO RECUERDA', '0412-7773861', '0424-3172582', 'M', 'NO', 'Urb Cañafistola calle principal', 'A+', 'Oficial de Seguridad', 0, 0, '', NULL, NULL, NULL, NULL, NULL, NULL, NULL, NULL, 0, 'No indica');
INSERT INTO `funcionarios` VALUES (226, 'V-30375316', 'V-30375316-4', 'ROSAURA', 'ARTEAGA RIVERO', '2022-04-07', '2003-12-14', '', 'rosa1412arte@gmail.com', 'RosauraArt', '0424-3081777', '0424-3081777', 'F', 'NO', 'Barrio los Indios Calle Miranda casa numero 11', 'A+', 'Oficial de Seguridad', 0, 0, '', NULL, NULL, NULL, NULL, NULL, NULL, NULL, NULL, 0, 'No indica');
INSERT INTO `funcionarios` VALUES (227, 'V-27331480', 'V-27331480-2', 'JOSE MANUEL', 'CASTILLO CABIRRIAN', '2022-06-30', '1999-08-31', '', 'cabirrianmanuel@gmail.com', 'jmcastic', '0424-3263944', '0412-7784627', 'M', 'NO', 'Calle 4 con carrera 3 barrio las dinamitas Calabozo', 'R+', 'Oficial de Seguridad', 0, 0, '', NULL, NULL, NULL, NULL, NULL, NULL, NULL, NULL, 0, 'No indica');
INSERT INTO `funcionarios` VALUES (228, 'V-20118934', 'V-20118934-5', 'CARLOS EDUARDO', 'SILVA SANCHEZ', '2019-07-09', '1991-09-17', '', 'carlosilva.onipc@gmail.com', 'Carlos Silva ONIPC RLL', '0412-4421477', '0424-3311176', 'M', 'ASMATICO', 'Urb. Francisco de Miranda, Sector III av. 7 Casa #53.  Villa de Cura Edo - Aragua.', 'ORH+', 'Oficial de Seguridad', 0, 0, '', NULL, NULL, NULL, NULL, NULL, NULL, NULL, NULL, 0, 'No indica');
INSERT INTO `funcionarios` VALUES (229, 'V-20649488', 'V-20649488-0', 'YUNIOR JOSE', 'ORTEGA', '2019-07-09', '1992-01-24', '', 'yuniortega041@gmail.com', 'YuniorOrtegaONIPCRLL', '0424-3785069', '0424-3103670', 'M', 'NO', 'Barrio Jesus Bandres Sector Vallecito, Cruce con Bello Monte Casa S/N. San Juan de los Morros Edo - Guarico.', 'ORH+', 'Oficial de Seguridad', 0, 0, '', NULL, NULL, NULL, NULL, NULL, NULL, NULL, NULL, 0, 'No indica');
INSERT INTO `funcionarios` VALUES (230, 'V-24476159', 'V-24476159-0', 'HUMBERTO ALEXANDER', 'MARTINEZ TAVERA', '2020-08-12', '1994-01-04', '', 'humberto.onipc@gmail.com', 'Onipc_Rll', '0412-3613103', '0412-0352810', 'M', 'NO', 'Urb. Altos de Fenix I Calle Principal casa #E-2 San Juan de los Morros Edo - Guarico', 'A+', 'Oficial de Seguridad', 0, 0, '', NULL, NULL, NULL, NULL, NULL, NULL, NULL, NULL, 0, 'No indica');
INSERT INTO `funcionarios` VALUES (231, 'V-13732349', 'V-13732349-0', 'OSCAR ALI', 'BRICEÑO RAMOS', '2022-02-17', '1979-10-02', '', 'obriceno1979@gamil.com', '', '0412-7230522', '0412-1785199', 'M', 'NO', 'AV. Fermin Toro sector Palmarito casa #12-1  San Juan de los Morros Edo -Guarico', 'ORH+', 'Oficial de Seguridad', 0, 0, '', NULL, NULL, NULL, NULL, NULL, NULL, NULL, NULL, 0, 'No indica');
INSERT INTO `funcionarios` VALUES (232, 'V-25887120', 'V-25887120-7', 'DANIEL JOSE', 'ALVAREZ', '2022-02-17', '1996-05-21', '', 'danielalvarez21051996@gmail.com', 'Daniel1ONIPC', '0412-1785199', '0412-1785199', 'M', 'NO', 'AV. Fermin Toro sector Palmarito casa #12-1  San Juan de los Morros Edo -Guarico', 'ORH+', 'Oficial de Seguridad', 0, 0, '', NULL, NULL, NULL, NULL, NULL, NULL, NULL, NULL, 0, 'No indica');
INSERT INTO `funcionarios` VALUES (233, 'V-25573020', 'V-25573020-3', 'ZORAIDA JACKZOJARA', 'MAYORCA MENDEZ', '2022-09-06', '1996-12-23', '', 'jackzojaram16@gmail.com', 'JackzojaraM', '0424-3071278', '0424-1598714', 'F', 'NO', 'Calle Atamaica c/c Calle Libertador casa#28 Sector La Morera San Juan de los Morros Edo- Guarico', 'A+', 'Oficial de Seguridad', 0, 0, '', NULL, NULL, NULL, NULL, NULL, NULL, NULL, NULL, 0, 'No indica');
INSERT INTO `funcionarios` VALUES (234, 'V-20003355', 'V-20003355-4', 'JORGE ENRIQUE', 'ZAPATA BETANCOURT', '2018-05-25', '1989-04-14', '', 'jorgezapatabetancourt26@gmail.com', '@jorgeZa01737331', '0414-4686153', '0424-3182025', 'M', 'NO', 'Barrio Campo Alegre sector 1 calle el Almendro', 'ORH+', 'Oficial de Seguridad', 0, 0, '', NULL, NULL, NULL, NULL, NULL, NULL, NULL, NULL, 0, 'No indica');
INSERT INTO `funcionarios` VALUES (235, 'V-18727745', 'V-18727745-7', 'CRISTOFER JOSE', 'LANDAETA BETANCOURT', '2021-05-26', '1988-08-22', '', 'landaetacristofer28@gmail.com', '@cristoferlanda8', '0426-7344287', '0247-3428376', 'M', 'NO', 'Barrio Campo Alegre calle principal 1 transversal casa N-34', 'ORH+', 'Oficial de Seguridad', 0, 0, '', NULL, NULL, NULL, NULL, NULL, NULL, NULL, NULL, 0, 'No indica');
INSERT INTO `funcionarios` VALUES (236, 'V-20233623', 'V-20233623-6', 'ANGEL WILENDER', 'LOYOLA PEREZ', '2020-04-27', '1991-02-20', '', 'daviangela211@gmail.com', '', '0426-4889495', '0426-4889495', 'M', 'NO', 'Calle la Miel con Muñoz N-18 sector centro valle', 'ORH+', 'Oficial de Seguridad', 0, 0, '', NULL, NULL, NULL, NULL, NULL, NULL, NULL, NULL, 0, 'No indica');
INSERT INTO `funcionarios` VALUES (237, 'V-27370392', 'V-27370392-2', 'JEAN LUIS', 'BETANCOURT PULIDO', '2022-02-17', '1999-11-20', '', 'jeanluisbetancourtpulido@gmail.com', '@jeanbet37800556', '0416-1477881', '0416-1477881', 'M', 'NO', 'Barrio Campo Alegre calle principal 1 transversal', 'ORH+', 'Oficial de Seguridad', 0, 0, '', NULL, NULL, NULL, NULL, NULL, NULL, NULL, NULL, 0, 'No indica');
INSERT INTO `funcionarios` VALUES (238, 'V-11916514', 'V-11916514-4', 'MIGUEL ANGEL', 'HERRERA PEREZ', '2022-02-17', '1974-08-06', '', 'achaguahp74@gmail.com', '@miguelh21579576', '0426-7617775', '0412-3600885', 'M', 'NO', 'Urbanización Rio Apure casa N-8', 'ORH+', 'Oficial de Seguridad', 0, 0, '', NULL, NULL, NULL, NULL, NULL, NULL, NULL, NULL, 0, 'No indica');
INSERT INTO `funcionarios` VALUES (239, 'V-10982379', 'V-10982379-8', 'JUAN JOSE', 'ARZOLA HERNANDEZ', '2009-01-05', '1972-12-18', 'JARZOLA@SENIAT.GOB.VE', 'JJAH33@GMAIL.COM', '@JJAH33', '0416-6424328', '0426-2414071', 'M', 'NO', 'CALLE DELEITE CRUCE CON FLORES EDI. PIPO AP: N 11', 'ORH+', 'Oficial de Seguridad', 0, 0, '', NULL, NULL, NULL, NULL, NULL, NULL, NULL, NULL, 0, 'No indica');
INSERT INTO `funcionarios` VALUES (240, 'V-14894346', 'V-14894346-6', 'DONNIS YOMAEL', 'MENDOZA PEÑA', '2020-04-27', '1981-05-29', 'DMENDOZA@SENIAT.GOB.VE', 'DONNISMENDOZA2020@GMAIL.COM', '@DONNILLANONIPC', '0424-3673123', '0424-3178992', 'M', 'NO', 'CALLE AMAZONAS SECTOR CARLOS PEREZ CASA N16', 'ORH+', 'Oficial de Seguridad', 0, 0, '', NULL, NULL, NULL, NULL, NULL, NULL, NULL, NULL, 0, 'No indica');
INSERT INTO `funcionarios` VALUES (241, 'V-27664079', 'V-27664079-4', 'KLIVER JOSE', 'REGGES LANDAETA', '2020-04-27', '1998-08-30', '', 'KLIVER22REGGES@GMAIL.COM', '@KLIVERLOSLLANOS', '0426-4387935', '0416-4364096', 'M', 'NO', 'CASERIO LAS CAMPECHANAS CALLE PRINCIPAL CASA N58', 'ORH+', 'Oficial de Seguridad', 0, 0, '', NULL, NULL, NULL, NULL, NULL, NULL, NULL, NULL, 0, 'No indica');
INSERT INTO `funcionarios` VALUES (242, 'V-28292240', 'V-28292240-8', 'JOSE ENRIQUE', 'SABALLO ANDRADE', '2021-05-26', '2022-05-04', '', 'VASOSNOSE@GMAIL.COM', '@SABALLOL', '0412-4611895', '0412-4930206', 'M', 'NO', 'URB. LAS GARCITAS CALLE N4 VEREDA N9', 'ORH+', 'Oficial de Seguridad', 0, 0, '', NULL, NULL, NULL, NULL, NULL, NULL, NULL, NULL, 0, 'No indica');
INSERT INTO `funcionarios` VALUES (243, 'V-21098866', 'V-21098866-8', 'BRIGFRAN EDUARDO', 'CORONADO GARAVITO', '2022-09-06', '1993-08-03', '', 'BRIGFRANCORONADO@GMAIL.COM', 'NO TIENE', '', '0424-3027570', 'M', 'NO', 'AVENIDA LIBERTADOR ENTRE CALLE REAL Y PARAISO', 'ORH+', 'Oficial de Seguridad', 0, 0, '', NULL, NULL, NULL, NULL, NULL, NULL, NULL, NULL, 0, 'No indica');
INSERT INTO `funcionarios` VALUES (244, 'V-26178787', 'V-26178787-0', 'EDUARDO JOSE', 'RUIZ ORTEGA', '2022-09-06', '1997-07-11', '', 'EDUANNISNICOLLE@GMAIL.COM', '@EDUARDO_ONIPC', '0426-9015277', '0414-2003493', 'M', 'NO', 'CASERIO LAS CAMPECHANAS CALLE MORENO CASA N4', 'ORH+', 'Oficial de Seguridad', 0, 0, '', NULL, NULL, NULL, NULL, NULL, NULL, NULL, NULL, 0, 'No indica');
INSERT INTO `funcionarios` VALUES (245, 'V-16192029', 'V-16192029-7', 'FREDDY', 'ZAMBRANO FLORES', '2019-11-11', '1983-02-17', 'FAZAMBRANOF@SENIAT.GOB.VE', 'FAZAMBRANOFLORES@GMAIL.COM', 'FREDDYZ52220901', '0412-0440623', '0238-3345674', 'M', 'NO', 'SECTOR LA CRUZ, CALLE 3, IPARE,ALTAGRACIA DE ORITUCO, ESTADO GUARICO', 'ORH+', 'Oficial de Seguridad', 0, 0, '', NULL, NULL, NULL, NULL, NULL, NULL, NULL, NULL, 0, 'No indica');
INSERT INTO `funcionarios` VALUES (246, 'V-15797032', 'V-15797032-8', 'JOSE GREGORIO', 'SIFONTES PERDOMO', '2019-11-11', '2002-06-16', '', 'CESITADAVID512@GMAIL.COM', 'NO TIENE', '0414-3812312', '0238-3345674', 'M', 'NO', 'CALLE PRINCIPAL, TRICENTENARIO 1,ALTAGRACIA DE ORITUCO, ESTADO GUARICO', 'ORH+', 'Oficial de Seguridad', 0, 0, '', NULL, NULL, NULL, NULL, NULL, NULL, NULL, NULL, 0, 'No indica');
INSERT INTO `funcionarios` VALUES (247, 'V-16236265', 'V-16236265-4', 'ALEXANDER', 'MAGALLANES YTRIAGO', '2020-08-12', '1984-11-05', '', 'ALEXMAU241540@GAMIL.COM', 'ALEXAND14043213', '0424-3080369', '0424-3149203', 'M', 'NO', 'SECTOR PAURAL II, CALLE PRINCIPAL, CASA2-38,ALTAGRACIA DE ORITUCO, ESTADO GUARICO', 'ORH+', 'Oficial de Seguridad', 0, 0, '', NULL, NULL, NULL, NULL, NULL, NULL, NULL, NULL, 0, 'No indica');
INSERT INTO `funcionarios` VALUES (248, 'V-28518911', 'V-28518911-6', 'CESAR DAVID', 'PEREZ ZARRAMERA', '2022-04-07', '1990-09-07', '', '', 'JUANJG2018', '0424-3356427', '0426-4472906', 'M', 'NO', 'BRISAS DEL PEÑON,ALTAGRACIA DE ORITUCO, ESTADO GUARICO', 'ORH+', 'Oficial de Seguridad', 0, 0, '', NULL, NULL, NULL, NULL, NULL, NULL, NULL, NULL, 0, 'No indica');
INSERT INTO `funcionarios` VALUES (249, 'V-19461762', 'V-19461762-0', 'JUAN JAVIER', 'GONCALVES RONDON', '2018-05-25', '1981-10-26', '', 'JGSIFONTES@GMAIL.COM', 'NO TIENE', '0416-3137579', '0424-3356427', 'M', 'NO', 'SECTOR LA CRUZ, CALLE 2, IPARE,ALTAGRACIA DE ORITUCO, ESTADO GUARICO', 'NO RECUERDA', 'Oficial de Seguridad', 0, 0, '', NULL, NULL, NULL, NULL, NULL, NULL, NULL, NULL, 0, 'No indica');
INSERT INTO `funcionarios` VALUES (250, 'V-17602639', 'V-17602639-0', 'Betsy Jhona', 'Orasma Soto', '2022-10-24', '1987-01-11', '', 'Ashleyewinlonga@gmail.com', '', '0424-3326283', '0246-8710723', 'F', 'NO', 'Calle 4 entre 1 y 2 pozo Azul', 'RH O+', 'Contratado', 0, 0, '', NULL, NULL, NULL, NULL, NULL, NULL, NULL, NULL, 0, 'No indica');
INSERT INTO `funcionarios` VALUES (251, 'V-20092176', 'V-20092176-0', 'DISMARY LISETH', 'BEJAS GONZALEZ', '2022-09-06', '1991-01-22', '', 'DISMAG_22@HOTMAIL.COM', '', '0424-3364991', '0412-7782420', 'M', 'NO', 'URB. VIRGEN DEL CARMEN CASA N°10 CALABOZO EDO GUARICO', '', 'Contratado', 0, 0, '', NULL, NULL, NULL, NULL, NULL, NULL, NULL, NULL, 0, 'No indica');
INSERT INTO `funcionarios` VALUES (252, 'V-27331463', 'V-27331463-2', 'JOSé MANUEL', 'VALERA ZURITA', '2023-01-23', '1997-04-17', 'valera_268@hotmail.com', 'valeraj493@gmail.com', '@valera268', '04127799104', '04243134281', 'M', 'Polvo', 'Carrera 6 entre calles 6 y 7 Casco Central', 'O+', 'Contratado', 0, 0, '', NULL, NULL, NULL, NULL, NULL, NULL, NULL, NULL, 0, 'No indica');
INSERT INTO `funcionarios` VALUES (253, 'V-25851199', 'V-25851199-5', 'ARIANNA PAOLA', 'PEREZ PEREZ', '2023-01-23', '1996-05-02', '', 'ARIANNAPAOLA02@GMAIL.COM', '', '0412-4453127', '0412-8701960', 'F', 'NO', 'CAÑAFISTOÑA SECTOR 4 VEREDA 75 CASA N. 2', 'O+', 'Auditor Aduanero y Trib.', 0, 0, '', NULL, NULL, NULL, NULL, NULL, NULL, NULL, NULL, 0, 'No indica');
INSERT INTO `funcionarios` VALUES (254, 'V-20258260', 'V-20258260-1', 'JAVIER JOSE', 'MENA RIVERO', '2023-03-22', '1988-12-08', '', 'JAVIERMENA1288@GMAIL.COM', '', '0412-7524809', '0246-8716036', 'M', 'NO', 'CARRERA 5 ENTRE CALLE 4 Y 5 CASCO CENTRAL', 'A+', 'Auditor 99', 0, 0, '', NULL, NULL, NULL, NULL, NULL, NULL, NULL, NULL, 0, 'No indica');
INSERT INTO `funcionarios` VALUES (255, 'V-23564769', 'V-23564769-5', 'NEYER MARIAM', 'LANDAETA SANCHEZ', '2018-08-01', '1993-08-19', 'NMLANDAETA@SENIAT.GOB.VE', '', '', '0412-0362193', '0424-3694758', 'F', 'NO', 'AV FERMIN TORO,SECTOR 16 DE ENERO CASA S/N,SAN JUAN DE LOS MORROS EDO GUARICO', '', 'Auditor Aduanero y Trib.', 0, 0, '', NULL, NULL, NULL, NULL, NULL, NULL, NULL, NULL, 0, 'No indica');
INSERT INTO `funcionarios` VALUES (256, 'V-15491744', 'V-15491744-2', 'SAUL RENE', 'AZUAJE LORETO', '2017-06-30', '1981-08-24', 'sazuaje@seniat.gob.ve', '', '', '0412-4577775', '0412-0473671', 'M', 'NO', 'URB LA TROPICAL CALLE NRO 1 CSA NRO 10 SAN JUAN DE LOS MORROS EDO GUARICO', '', 'Auditor Aduanero y Trib.', 0, 0, '', NULL, NULL, NULL, NULL, NULL, NULL, NULL, NULL, 0, 'No indica');
INSERT INTO `funcionarios` VALUES (257, 'V-11821163', 'V-11821163-0', 'NICOLAS MACARIO', 'RIVERO GONZALEZ', '2001-01-02', '1971-03-04', 'NMRIVERO@SENIAT.GOB.VE', '', '', '0412-7556839', '0412-7556839', 'M', 'NO', 'SECTOR LOS AGUACATES, CALLE ANDRES BELLO, No. 1 SAN JUAN DE LOS MORROS, ESTADO GUARICO', '', 'Prof. Aduanero y Tributario', 0, 0, '', NULL, NULL, NULL, NULL, NULL, NULL, NULL, NULL, 0, 'No indica');
INSERT INTO `funcionarios` VALUES (258, 'V-18044787', 'V-18044787-0', 'JOHANA JOSEFINA', 'GARCIA VILLASANA', '2018-07-30', '1987-02-02', 'jjgarciav@seniat.gob.ve', '', '', '0424-3158977', '0246-4329050', 'F', 'NO', 'CALLE PRINCIPAL CASA N°10 SECTOR COLIAS DE PARIAPAN, SAN JUAN DE LOS MORROS ESTADO GUÁRICO', '', 'Auditor Aduanero y Trib.', 0, 0, '', NULL, NULL, NULL, NULL, NULL, NULL, NULL, NULL, 0, 'No indica');
INSERT INTO `funcionarios` VALUES (259, 'V-13874944', 'V-13874944-0', 'MARIANGEL DEL CARMEN', 'ROJAS ORASMA', '2017-08-03', '1979-10-30', 'mcrojas@seniat.gob.ve', '', '', '0414-4613729', '0412-7652609', 'F', 'NO', 'URB. HUGO CHAVEZ TORRE 7 APTO 3-2. SAN JUAN DE LOS MORROS', '', 'Prof. Administrativo', 0, 0, '', NULL, NULL, NULL, NULL, NULL, NULL, NULL, NULL, 0, 'No indica');
INSERT INTO `funcionarios` VALUES (260, 'V-10511687', 'V-10511687-6', 'NATHALI ELEIDA', 'ALTUVE PEÑA', '2011-02-16', '1971-06-15', 'NEALTUVE@SENIAT.GOB.VE', '', '', '0426-3211137', '0426-9493602', 'F', 'NO', 'URB. TRINA CHACIN, CALLE CAMAGUAN CASA N 10, SAN JUAN DE LOS MORROS ESTADO GUÁRICO', '', 'Prof. Administrativo', 0, 0, '', NULL, NULL, NULL, NULL, NULL, NULL, NULL, NULL, 0, 'No indica');
INSERT INTO `funcionarios` VALUES (261, 'V-26039884', 'V-26039884-5', 'WISLEIDYS ESTHER', 'YNFANTE ZAMBRANO', '2019-04-29', '1971-06-15', 'WYNFANTE@SENIAT.GOB.VE', '', '', '0426-3211137', '0426-9493602', 'F', 'NO', 'URB. TRINA CHACIN, CALLE CAMAGUAN CASA N 10, SAN JUAN DE LOS MORROS ESTADO GUÁRICO', '', 'Contratado', 0, 0, '', NULL, NULL, NULL, NULL, NULL, NULL, NULL, NULL, 0, 'No indica');
INSERT INTO `funcionarios` VALUES (262, 'V-18803772', 'V-18803772-7', 'ORIANDY DE LA CONCEPCION', 'GABAZUT PRADO', '2019-06-06', '1987-04-04', 'OGABAZUT@SENIAT.GOB.VE', '', '', '0424-3023345', '0416-0412940', 'F', 'NO', 'SECTOR EL CHAPARRAL CASA N 23, SAN JUAN DE LOS MORROS, ESTADO GUÁRICO.', '', 'Contratado', 0, 0, '', NULL, NULL, NULL, NULL, NULL, NULL, NULL, NULL, 0, 'No indica');
INSERT INTO `funcionarios` VALUES (263, 'V-20878047', 'V-20878047-2', 'LEIDDYS VIRGINIA', 'SANTANA BORREGO', '2018-07-30', '1991-06-27', 'LVSANTANA@SENIAT.GOB.VE', '', '', '0412-4523768', '0424-3008119', 'F', 'NO', 'SECTOR EL MAHOMO CALLE LA GLORIA CASA N 26,SAN JUAN DE LOS MORROS, ESTADO GUÁRICO.', '', 'Auditor Aduanero y Trib.', 0, 0, '', NULL, NULL, NULL, NULL, NULL, NULL, NULL, NULL, 0, 'No indica');
INSERT INTO `funcionarios` VALUES (264, 'V-14395186', 'V-14395186-0', 'ALEXIS MARLENI', 'GARCIA', '2022-08-23', '1980-03-08', '', 'alexismarlenygarcuia@gmail.com', '', '0412-9092431', '0412-7582280', 'F', 'NO', 'Urb las acacias  calle principal nro 28 Valle de la Pascua Guarico', 'ORH-', 'Auditor Aduanero y Trib.', 0, 0, '', NULL, NULL, NULL, NULL, NULL, NULL, NULL, NULL, 0, 'No indica');
INSERT INTO `funcionarios` VALUES (265, 'V-16998873', 'V-16998873-7', 'KAROL EDELIANNE', 'SOSA CAMEJO', '2020-11-06', '1985-01-10', 'kesosa@seniat.gob.ve', 'khamipi2017@gmail.com', '', '0426-4515997', '', 'M', 'NO', 'Conjunto Residencial Lomas del Llano III, manzana F casa Nro. 22, VALLE DE LA PASCUA-EDO GUARICO', 'ORH-', 'Auditor Aduanero y Trib.', 0, 0, '', NULL, NULL, NULL, NULL, NULL, NULL, NULL, NULL, 0, 'No indica');
INSERT INTO `funcionarios` VALUES (266, 'V-26944596', 'V-26944596-0', 'EUVISMAR NATHALY JOSE', 'MEJIAS NAVAS', '2022-06-20', '1998-11-20', '', 'euvismar1730@gmail.com', 'euvismar_mejias', '0414-4890701', '0235-3415550', 'F', 'NO', 'Calle Leonardo infantes nro 22 Valle de la Pascua - Guarico', 'ORH-', 'Auditor Aduanero y Trib.', 0, 0, '', NULL, NULL, NULL, NULL, NULL, NULL, NULL, NULL, 0, 'No indica');
INSERT INTO `funcionarios` VALUES (267, 'V-19702612', 'V-19702612-6', 'ANYELA YUSELI', 'ZERPA OSORIO', '2022-07-06', '1989-09-29', '', 'angela12364@hotmail.com', 'angela29091989', '0412-7864609', '', 'F', 'NO', 'Calle Humbolt nro 6 la florida I, VALLE DE LA PASCUA EDO GUARICO', 'ORH-', 'Auditor Aduanero y Trib.', 0, 0, '', NULL, NULL, NULL, NULL, NULL, NULL, NULL, NULL, 0, 'No indica');
INSERT INTO `funcionarios` VALUES (268, 'V-19067681', 'V-19067681-8', 'FRANCIS CAROLINA', 'ROJAS CARRASCO', '2022-07-06', '1989-07-01', '', 'franciscarolina@gmail.com', '', '0424-3119637', '0412-6472108', 'F', 'NO', 'Urb Banco obrero bloque 8 casa 6 Valle de la Pascua Guarico', 'ORH+', 'Auditor 99', 0, 0, '', NULL, NULL, NULL, NULL, NULL, NULL, NULL, NULL, 0, 'No indica');
INSERT INTO `funcionarios` VALUES (269, 'V-16140435', 'V-16140435-3', 'FRANKLIN RAMÓN', 'ARIAS MAYORCA', '2019-11-11', '1982-05-07', '', '', '', '', '', 'M', '', 'Calle Los Ilustres, Sector Coca Cola, casa Nro 90 VALLE DE LA PASCUA EDO GUARICO', '', 'Prof. Administrativo', 0, 0, '', NULL, NULL, NULL, NULL, NULL, NULL, NULL, NULL, 0, 'No indica');
INSERT INTO `funcionarios` VALUES (270, 'V-26717170', 'V-26717170-6', 'DANIEL ISAI', 'LARA LORETO', '2020-06-05', '1998-08-21', 'dilara@seniat.gob.ve', 'laraisai20@gmail.com', '@daniellara2108', '0426-2417708', '', 'M', 'NO', 'Calle 13 Casa nº 4 Urb. Padre Chacin, VALLE DE LA PASCUA EDO GUARICO', 'ORH-', 'Contratado', 0, 0, '', NULL, NULL, NULL, NULL, NULL, NULL, NULL, NULL, 0, 'No indica');
INSERT INTO `funcionarios` VALUES (271, 'V-17434429', 'V-17434429-5', 'DANIEL RAFAEL', 'PEREZ DIAZ', '2019-06-06', '1983-01-10', 'drperezd@seniat.gob.ve', 'daniperez@gmail.com', '', '0412-8303510', '', 'M', 'NO', 'Magallanes c/c Angostura bloque 5, piso 2, apto0202, Urb-Ruiz Pineda, Sector La Pua. VALLE DE LA PASCUA EDO GUARICO', 'ORH+', 'Auditor Aduanero y Trib.', 0, 0, '', NULL, NULL, NULL, NULL, NULL, NULL, NULL, NULL, 0, 'No indica');
INSERT INTO `funcionarios` VALUES (272, 'V-16364988', 'V-16364988-4', 'MARIANNY ISABEL', 'LEON TABLANTE', '2020-06-18', '1984-04-15', 'mleont@seniat.com.gob.ve', 'mariannylt@gmail.com', '@mariannylen4', '0416-7357984', '', 'F', 'PENICILINA', 'Calle Rosario, casa nro 20, entre Shettino y Mascota, sector la Concordia, VALLE DE LA PASCUA EDO GUSRICO', 'ORH+', 'Contratado', 0, 0, '', NULL, NULL, NULL, NULL, NULL, NULL, NULL, NULL, 0, 'No indica');
INSERT INTO `funcionarios` VALUES (273, 'V-13231919', 'V-13231919-3', 'ROMULO JOSE', 'MORILLO MUÑOZ', '2019-03-15', '1976-07-18', 'rjmorillo@seniat.gob.ve', 'morillo76@hotmail.com', '@rjmorillo76', '0414-4940224', '', 'M', 'NO', 'Calle Rosario, casa nro 20, entre Shettino y Mascota, sector la Concordia Valle de la Pascua Edo Guarico', 'ORH+', 'Contratado', 0, 0, '', NULL, NULL, NULL, NULL, NULL, NULL, NULL, NULL, 0, 'No indica');
INSERT INTO `funcionarios` VALUES (274, 'V-20526406', 'V-20526406-0', 'FABIOLA DESIRETH', 'SANCHEZ', '2018-05-28', '1990-02-02', 'fdsanchez@seniat.gob.ve', 'fabioladesireth@gmail.com', '@fabiola07950471', '0412-5555951', '', 'F', 'NO', 'Calle eliseo marchena, sector el estadium casa Nro 47. Las Mercedes del LLano Edo Guarico', 'ORH+', 'Auditor Aduanero y Trib.', 0, 0, '', NULL, NULL, NULL, NULL, NULL, NULL, NULL, NULL, 0, 'No indica');
INSERT INTO `funcionarios` VALUES (275, 'V-17757297', 'V-17757297-3', 'GISELA COROMOTO', 'MORALES VELASQUEZ', '2022-05-25', '1987-04-30', '', 'giselamorales3011@gmail.com', '@gmorales210530', '0412-9179557', '', 'F', 'ASMA', 'CALLE PARAISO SECTOR CRISTO REY NRO 69 VALLE DE LA PASCUA  EDO GUARICO', 'ORH+', 'Contratado', 0, 0, '', NULL, NULL, NULL, NULL, NULL, NULL, NULL, NULL, 0, 'No indica');
INSERT INTO `funcionarios` VALUES (276, 'V-25480397', 'V-25480397-5', 'ISAMAR DE LOS ANGELES', 'POCINO HERRERA', '2022-01-26', '1991-01-04', '', 'hisamar021@gmail.com', '@hisamar021', '0412-7863326', '', 'F', 'NO', 'Calle 2 del Aeropueto casa nº 43-44 Urbanización las Garcitas Valle de la Pascua Edo Guarico', 'ORH+', 'Contratado', 0, 0, '', NULL, NULL, NULL, NULL, NULL, NULL, NULL, NULL, 0, 'No indica');
INSERT INTO `funcionarios` VALUES (277, 'V-27171880', 'V-27171880-9', 'MARIA FERNANDA', 'ROMERO OLIVARES', '2023-01-23', '1998-02-21', '', 'mariafromero21@gmail.com', '@mariafromero21', '0424-3327919', '', 'F', 'NO', 'URBANIZACION RAFAEL VIDAL GUIA 1, CALLE 10, CASA N°87 VALLE DE LA PASCUA EDO GUARICO', 'ORH+', 'Auditor 99', 0, 0, '', NULL, NULL, NULL, NULL, NULL, NULL, NULL, NULL, 0, 'No indica');
INSERT INTO `funcionarios` VALUES (278, 'V-17739283', 'V-17739283-5', 'LILIANA ZULAY', 'HIDALGO NORIEGA', '2023-01-23', '1986-10-08', '', 'lilianazulayhida@gmail.com', '@hidalgoSTIVDLP', '0412-3274626', '', 'F', 'NO', 'Urb. Las Lomas del llano III Manzana G 45 Calle la Vigia, Valle de La Pascua Edo Guarico', 'ORH+', 'Contratado', 0, 0, '', NULL, NULL, NULL, NULL, NULL, NULL, NULL, NULL, 0, 'No indica');
INSERT INTO `funcionarios` VALUES (279, 'V-14643262', 'V-14643262-6', 'RUZMARY', 'REAÑO FLORES', '2007-10-15', '1980-05-14', 'rreanof@seniat.gob.ve', '', '', '0414-4908784', '', 'F', 'NO', 'URB. ROMULO GALLEGOS, SECTOR 4, VEREDA 26, CASA # 04, SAN JUAN DE LOS MORROS, ESTADO GUARICO.', 'ORH+', 'Prof. Aduanero y Tributario', 0, 0, '', NULL, NULL, NULL, NULL, NULL, NULL, NULL, NULL, 0, 'No indica');
INSERT INTO `funcionarios` VALUES (280, 'V-17688357', 'V-17688357-6', 'CARLOS IRWING', 'PERALTA CARRASCO', '2019-02-04', '1986-12-08', 'CIPERALTA@SENIAT.GOB.VE', '', 'NO', '0424-3155486', '', 'M', 'NO', 'URB. ROMULO GALLEGOS, SECTOR 1, VEREDA 6, CASA # 03, SAN JUAN DE LOS MORROS, ESTADO GUARICO.', 'ORH+', 'Auditor Aduanero y Trib.', 0, 0, '', NULL, NULL, NULL, NULL, NULL, NULL, NULL, NULL, 0, 'No indica');
INSERT INTO `funcionarios` VALUES (281, 'V-17063379', 'V-17063379-9', 'YUSBEIRY JENIREE', 'OLARTE DE MACHUCA', '2020-02-12', '1985-05-23', 'YOLARTE@SENIAT.GOB.VE', '', 'NO', '0424-3626727', '', 'F', 'NO', 'BARRIO LAS MERCEDES, CALLE SANTA ELENA, CASA # 53, SAN JUAN DE LOS MORROS, ESTADO GUARICO.', 'ORH+', 'Prof. Aduanero y Tributario', 0, 0, '', NULL, NULL, NULL, NULL, NULL, NULL, NULL, NULL, 0, 'No indica');
INSERT INTO `funcionarios` VALUES (282, 'V-19436824', 'V-19436824-7', 'ALEXIS JOSE', 'NAVARRO', '2012-02-15', '1989-08-19', 'AJNAVARRO@SENIAT.GOB.VE', 'ALEXISJO1989@GMAIL.COM', 'GRTIRLLALEXIS', '0412-2713456', '', 'M', 'NO', 'CARRETERA VÍA SAN JUAN DE PAYARA DETRÁS DE AUTOS URBANOS BIRUACA ESTADO APURE', 'ORH+', 'Jefe de Sector', 0, 0, '', NULL, NULL, NULL, NULL, NULL, NULL, NULL, NULL, 0, 'No indica');
INSERT INTO `funcionarios` VALUES (283, 'V-12991362', 'V-12991362-9', 'FREDDY JOEL', 'QUIROZ AZUAJE', '2017-03-30', '1974-09-17', 'fquiroz@seniat.gob.ve', '', 'NO', '0412-4931694', '', 'M', 'NO', 'URB. I ETAPA VISTA HERMOSA, CALLE 4, MANZANA I, CASA # I-4, SAN JUAN DE LOS MORROS, ESTADO GUARICO.', 'ORH+', 'Auditor Aduanero y Trib.', 0, 0, '', NULL, NULL, NULL, NULL, NULL, NULL, NULL, NULL, 0, 'No indica');
INSERT INTO `funcionarios` VALUES (284, 'V-13152375', 'V-13152375-7', 'HECTOR JOSE', 'DEL CORRAL CALLEJA', '2007-10-15', '1978-01-04', 'HDCORRAL@SENIAT.GOB.VE', '', 'NO', '0414-3871326', '', 'M', 'NO', 'URB. LAS ABEJITAS, CALLE PRINCIPAL, CASA # J02B, SAN JUAN DE LOS MORROS, ESTADO GUARICO.', 'ORH+', 'Prof. Aduanero y Tributario', 0, 0, '', NULL, NULL, NULL, NULL, NULL, NULL, NULL, NULL, 0, 'No indica');
INSERT INTO `funcionarios` VALUES (285, 'V-24240294', 'V-24240294-0', 'JOSE ANGEL', 'ARTEAGA CORDERO', '2019-04-29', '1993-08-30', 'JOARTEAGA@SENIAT.GOB.VE', '', 'NO', '0412-0336121', '', 'M', 'NO', 'BARRIO BICENTENARIO, CALLE PANAMERICANA, CASA # 48-A, SAN JUAN DE LOS MORROS, ESTADO GUARICO.', 'ORH+', 'Auditor Aduanero y Trib.', 0, 0, '', NULL, NULL, NULL, NULL, NULL, NULL, NULL, NULL, 0, 'No indica');
INSERT INTO `funcionarios` VALUES (286, 'V-12840884', 'V-12840884-0', 'AYDE JOSEFINA', 'PAEZ DELGADO', '2019-04-29', '1976-09-03', 'AJPAEZ@SENIAT.GOB.VE', '', 'NO', '0414-9473287', '', 'F', 'NO', 'BARRIO AEROPUERTO, CALLE NEGRO PRIMERO, CASA #07, SAN JUAN DE LOS MORROS, ESTADO GUARICO.', 'ORH+', 'Auditor Aduanero y Trib.', 0, 0, '', NULL, NULL, NULL, NULL, NULL, NULL, NULL, NULL, 0, 'No indica');
INSERT INTO `funcionarios` VALUES (287, 'V-15683426', 'V-15683426-9', 'WUILLIN DE JESÚS', 'SALAZAR', '2023-01-23', '1982-10-18', 'WSALAZAR@SENIAT.GOB.VE', 'LICDOWUILLIMJSALAZAR@GMAIL.COM', '@WUILLIMSALAZAR', '0412-3467347', '', 'M', 'NO', 'AV. CARACAS SECTOR 9 DE DICIEMBRE SAN FERNANDO DE APURE', 'A+', 'Auditor Aduanero y Trib.', 0, 0, '', NULL, NULL, NULL, NULL, NULL, NULL, NULL, NULL, 0, 'No indica');
INSERT INTO `funcionarios` VALUES (288, 'V-24238168', 'V-24238168-4', 'JOSE GABRIEL', 'SOJO GARCIA', '2020-08-04', '1996-01-30', '', '', 'NO', '0412-969256', '', 'M', 'NO', 'BARRIO CHAPARRAL C/P CASA N°7 SAN JUAN DE LOS MORROS, ESTADO GUÁRICO.', 'ORH+', 'Contratado', 0, 0, '', NULL, NULL, NULL, NULL, NULL, NULL, NULL, NULL, 0, 'No indica');
INSERT INTO `funcionarios` VALUES (289, 'V-21335682', 'V-21335682-4', 'ROSMARY JOSEFINA', 'MARAGUACARE SALAZAR', '2017-03-31', '1993-10-23', 'RMARAGUACARE@SENIAT.GOB.VE', '', 'NO', '0424-3347780', '', 'F', 'NO', 'COLINAS DE PARIAPAN CALLE EL PROGRESO CASA N°9 , SAN JUAN DE LOS MORROS , ESTADO GUÁRICO.', 'ORH+', 'Auditor Aduanero y Trib.', 0, 0, '', NULL, NULL, NULL, NULL, NULL, NULL, NULL, NULL, 0, 'No indica');
INSERT INTO `funcionarios` VALUES (290, 'V-15392440', 'V-15392440-2', 'JOSE ELIAS', 'MARTINEZ SUAREZ', '2020-08-04', '1982-07-20', '', '', 'NO', '0412-7734538', '', 'M', 'NO', 'BARRIO EL DEPORTIVO CALLE AYACUCHO CASA N°63 SAN JUAN DE LOS MORROS , ESTADO GUARICO.', 'ORH+', 'Contratado', 0, 0, '', NULL, NULL, NULL, NULL, NULL, NULL, NULL, NULL, 0, 'No indica');
INSERT INTO `funcionarios` VALUES (291, 'V-14146447', 'V-14146447-9', 'HECTOR JOSE', 'GRANADILLO CORONIL', '2005-06-06', '1979-11-08', 'HGRANADI@SENIAT.GOB.VE', '', 'NO', '0424-3677914', '', 'M', 'NO', 'CARRETERA NACIONAL VIA TUCUPIDO,URB.V.I.P CASA 11 VALLE DE LA PASCUA, ESTADO GUÁRICO.', 'ORH+', 'Prof. Aduanero y Tributario', 0, 0, '', NULL, NULL, NULL, NULL, NULL, NULL, NULL, NULL, 0, 'No indica');
INSERT INTO `funcionarios` VALUES (292, 'V-17689773', 'V-17689773-9', 'JORDANIA SANTA LUCIA', 'MORLES REQUENA', '2019-04-29', '1985-03-04', 'JMORLESM@SENIAT.GOB.VE', '', 'NO', '0416-6436435', '', 'F', 'NO', 'URB. LA MORERA EDF. LA MORERA PRIMER PISO APTO 0108 ,SAN JUAN DE LOS MORROS, ESTADO GUÁRICO.', 'ORH+', 'Auditor Aduanero y Trib.', 0, 0, '', NULL, NULL, NULL, NULL, NULL, NULL, NULL, NULL, 0, 'No indica');
INSERT INTO `funcionarios` VALUES (293, 'V-18804777', 'V-18804777-3', 'YULIMAR YANETH', 'PADRINO', '2019-01-01', '1985-09-13', '', '', 'NO', '0412-3423940', '', 'F', 'NO', 'COLINAS DE PARIAPAN CALLE EL PROGRESO CASA N°10 , SAN JUAN DE LOS MORROS', 'ORH+', 'Obrero', 0, 0, '', NULL, NULL, NULL, NULL, NULL, NULL, NULL, NULL, 0, 'No indica');
INSERT INTO `funcionarios` VALUES (294, 'V-8787486', 'V-08787486-5', 'REINA MARIA', 'CORDOVA DE RIVAS', '2019-01-01', '1985-09-13', '', '', 'NO', '0412-3423940', '', 'F', 'NO', 'COLINAS DE PARIAPAN CALLE EL PROGRESO CASA N°10 , SAN JUAN DE LOS MORROS', 'ORH+', 'Obrero', 0, 0, '', NULL, NULL, NULL, NULL, NULL, NULL, NULL, NULL, 0, 'No indica');
INSERT INTO `funcionarios` VALUES (295, 'V-9887921', 'V-09887921-4', 'VICTOR LEANDER', 'SEIJA MORALES', '2021-01-01', '1971-06-27', '', '', 'NO', '0414-3465725', '', 'M', 'NO', 'AVENIDAD FUERZAS ARMADAS URB. FALCÓN CREST N°21 SAN JUAN DE LOS MORROS, ESTADO GUÁRICO.', 'ORH+', 'Contratado', 0, 0, '', NULL, NULL, NULL, NULL, NULL, NULL, NULL, NULL, 0, 'No indica');
INSERT INTO `funcionarios` VALUES (296, 'V-14870284', 'V-14870284-1', 'GRICEL ELVIRA', 'ZUMOZA VILLANUEVA', '2022-03-29', '1981-03-06', 'GZUMOZA@SENIAT.GOB.VE', 'GZUMOZA.SENIAT@GMAIL.COM', '@GRICELZV25', '0424-2877187', '', 'F', 'SINUSITIS', 'AV. SANTA ISABEL CASA N° 2, SECTOR CENTRO, SAN JUAN DE LOS MORROS EDO GUARICO', 'A+', 'Auditor Aduanero y Trib.', 0, 0, '', NULL, NULL, NULL, NULL, NULL, NULL, NULL, NULL, 0, 'No indica');
INSERT INTO `funcionarios` VALUES (297, 'V-25931053', 'V-25931053-5', 'CAMILA DEL CARMEN', 'CASTILLO RIVERO', '2022-07-06', '1997-12-07', '', 'CAMILACASTILLO800@GMAIL.COM', '@CAMIICCR', '0414-4676173', '', 'F', 'NO', 'SECTOR PUEBLO NUEVO, CALLE HUMBOLT, CASA S/N SAN JUAN DE LOS MORROS EDO GUARICO', 'A+', 'Auditor Aduanero y Trib.', 0, 0, '', NULL, NULL, NULL, NULL, NULL, NULL, NULL, NULL, 0, 'No indica');
INSERT INTO `funcionarios` VALUES (298, 'V-25008532', 'V-25008532-6', 'STEPHANIE ALEXANDRA', 'MANAMA VARGAS', '2022-04-22', '1996-01-22', '', 'ALEXANDRAMANAMA@GMAIL.COM', '@MANAMASTEPHANIE', '0412-4396840', '', 'F', 'NO', 'URB. COROCITO, CALLE 7, CASA S/N. EL SOMBRERO EDO GUARICO', 'O+', 'Auditor Aduanero y Trib.', 0, 0, '', NULL, NULL, NULL, NULL, NULL, NULL, NULL, NULL, 0, 'No indica');
INSERT INTO `funcionarios` VALUES (299, 'V-9887811', 'V-09887811-0', 'CARLOS ALBERTO', 'MOTA ARREAZA', '2022-08-26', '1971-05-21', 'CMOTA@SENIAT.GOB.VE', 'CARLOSAMA2006@GMAIL.COM', 'NO', '04143454182', '', 'M', 'NO', 'CALLE ROSCIO #162, SAN JUAN DE LOS MORROS EDO GUARICO', 'O+', 'Contratado', 0, 0, '', NULL, NULL, NULL, NULL, NULL, NULL, NULL, NULL, 0, 'No indica');
INSERT INTO `funcionarios` VALUES (300, 'V-6868665', 'V-06868665-9', 'ROBERT JOSE', 'CASTILLO GUERRERO', '2022-01-17', '1967-09-09', 'RJCASTILLO@SENIAT.GOB.VE', 'ROBERTJCASTILLOG@GMAIL.COM', '@ROBERTJC1909', '0426-5301719', '0426-6341797', 'M', 'NO', 'MONTAÑA FRESCA SECTOR LAS PALMAS, CALLE COLONIA TOVAR CASA P12 MARACAY EDO ARAGUA', 'B+', 'Jefe de Sector', 0, 0, '', NULL, NULL, NULL, NULL, NULL, NULL, NULL, NULL, 0, 'No indica');
INSERT INTO `funcionarios` VALUES (301, 'V-22883732', 'V-22883732-2', 'LEONER JOSE', 'FARFAN RODRIGUEZ', '2023-01-27', '1993-02-16', '', 'FARFANLEONERJOSE58@GMAIL.COM', '', '0412-5862788', '0412-4717273', 'M', 'NO', 'URB. ROMULO GALLEGOS, SECTOR 4, VEREDA 1 SAN JUAN DE LOS MORROS EDO GUARICO', 'ORH-', 'Contratado', 0, 0, '', NULL, NULL, NULL, NULL, NULL, NULL, NULL, NULL, 0, 'No indica');
INSERT INTO `funcionarios` VALUES (302, 'V-13851864', 'V-13851864-3', 'MIGUEL ANTONIO', 'CORNEJO RAMIREZ', '2023-01-24', '1979-10-31', '', '', '', '', '', 'M', '', 'URB. SIMON RODRIGUEZ CALABOZO EDO GUARICO', '', 'Contratado', 0, 0, '', NULL, NULL, NULL, NULL, NULL, NULL, NULL, NULL, 0, 'No indica');
INSERT INTO `funcionarios` VALUES (303, 'V-26177212', 'V-26177212-0', 'ROGER MANUEL', 'GARCIA MALDONADO', '2023-05-18', '1997-04-18', '', 'ROGERGARCIAM14@GMAIL.COM', '', '0412-4064201', '', 'M', 'NO', 'CALLE 8 CON CARRERA 21 CASCO CENTRAL CALABOZ EDO GUARICO', '', 'Oficial de Seguridad', 0, 0, '', NULL, NULL, NULL, NULL, NULL, NULL, NULL, NULL, 0, 'No indica');
INSERT INTO `funcionarios` VALUES (304, 'V-25684559', 'V-25684559-4', 'KARLA GLORIANNY', 'PAEZ MALUENGA', '2023-07-19', '1996-07-25', '', 'KARLAPAEZ17@GMAIL.COM', 'NO', '0412-2470919', '', 'F', 'no', 'BARRIO PINTO SALINAS SECTOR LA PEDRERA', 'O+', 'Auditor 99', 0, 0, '', NULL, NULL, NULL, NULL, NULL, NULL, NULL, NULL, 0, 'No indica');
INSERT INTO `funcionarios` VALUES (305, 'V-15811025', 'V-15811025-0', 'MAURY NORMEDY', 'GONZALEZ GONZALEZ', '2023-07-19', '1980-11-22', 'MNGONZALEZ1@SENIAT.GOB.VE', 'MAURYN2211@GMAIL.COM', '@MAURYN2211', '0424-3239023', '', 'F', 'no', 'BARRIOS PINTO SALINAS CARRERA 3 ENTRE CALLE PRINCIPAL Y CANAL CASA S/N', 'A+', 'Auditor Aduanero y Trib.', 0, 0, '', NULL, NULL, NULL, NULL, NULL, NULL, NULL, NULL, 0, 'No indica');
INSERT INTO `funcionarios` VALUES (306, 'V-17063995', 'V-17063995-9', 'YANOSKY DEL VALLE', 'PERALTA PEREZ', '2023-06-21', '1983-06-28', 'yperalta@seniat.gob.ve', 'peraltayanosky@gmail.com', 'NO', '0424-1606472', '0246-4313168', 'F', 'no', 'SECTOR EL JOBO CALLEJON MIRANDA CASA N° 299-5', 'O+', 'Auditor Aduanero y Trib.', 0, 0, '', NULL, NULL, NULL, NULL, NULL, NULL, NULL, NULL, 0, 'No indica');
INSERT INTO `funcionarios` VALUES (307, 'V-26973724', 'V-26973724-3', 'SARA ESTHER', 'FUENTES RIVERO', '2023-06-21', '1999-07-23', 'sefuentes@seniat.gob.ve', 'saraestherfuentes20@gmail.com', 'NO', '0414-3435204', '0246-4313168', 'F', 'NO', 'URBANIZACION LOS ROSALES II TORRE A PISO 1 APTO 1', 'O+', 'Auditor Aduanero y Trib.', 0, 0, '', NULL, NULL, NULL, NULL, NULL, NULL, NULL, NULL, 0, 'No indica');
INSERT INTO `funcionarios` VALUES (308, 'V-26614835', 'V-26614835-2', 'AURA MARINA', 'CONTRERAS ESPINOZA', '2023-08-31', '1998-06-08', '', 'AURA61578@GMAIL.COM', 'NO', '0424-8614737', '', 'F', 'no', 'TRINIDAD CARRERA 2 ENTRE CALLE 3 Y 4', 'O+', 'Auditor 99', 0, 0, '', NULL, NULL, NULL, NULL, NULL, NULL, NULL, NULL, 0, 'No indica');
INSERT INTO `funcionarios` VALUES (309, 'V-13948810', 'V-13948810-1', 'YASENI DEL VALLE', 'PAEZ ABREU', '2023-09-11', '1979-07-12', '', '', '', '0424-3514766', '', 'F', 'NO', 'MISION ARRIBA, BELLA VISTA', 'A+', 'Contratado', 0, 0, '', NULL, NULL, NULL, NULL, NULL, NULL, NULL, NULL, 0, 'No indica');
INSERT INTO `funcionarios` VALUES (310, 'V-19476340', 'V-19476340-5', 'YSAURA DEL ROSARIO', 'FLORES BASAN', '2023-07-17', '1991-03-21', 'YRFLORE@SENIAT.GOB.VE', 'YSAURAFLORES2504@GMAIL.COM', 'NO', '0412-4637829', '', 'F', 'NO', 'BARRIO MISION ABAJO, CALLE 1, CALABOZO EDO GUARICO', 'A+', 'Auditor 99', 0, 0, '', NULL, NULL, NULL, NULL, NULL, NULL, NULL, NULL, 0, 'No indica');
INSERT INTO `funcionarios` VALUES (311, 'V-25851192', 'V-25851192-8', 'ROSA AMELIA', 'SALINAS PEREZ', '2023-09-07', '1996-08-14', '', 'ROSASALINAS1999@GMAIL.COM', 'NO', '0424-3797483', '', 'F', 'NO', 'VICARIO 1 CALLE 3 CASA N°20, CALABOZO EDO GUARICO', 'o+', 'Contratado', 0, 0, '', NULL, NULL, NULL, NULL, NULL, NULL, NULL, NULL, 0, 'No indica');
INSERT INTO `funcionarios` VALUES (312, 'V-26920629', 'V-26920629-9', 'YURITZA YUSBELIS', 'CEBALLO PARRA', '2023-11-09', '1997-10-06', '', 'YYYPC2015@GMAIL.COM', 'NO', '0424-3275294', '', 'F', 'NO', 'TRINIDAD CARRERA 4 ENTRE CALLE 4 Y 5', 'a+', 'Auditor 99', 0, 0, '', NULL, NULL, NULL, NULL, NULL, NULL, NULL, NULL, 0, 'No indica');
INSERT INTO `funcionarios` VALUES (313, 'V-29791745', 'V-29791745-1', 'EDERFRE ALEJANDRO', 'ACOSTA PRADO', '2023-07-20', '2001-04-07', '', 'EDERFREALEJANDRO.74MANACO@GMAIL.COM', 'NO', '0412-9781551', '', 'M', 'NO', 'BARRIO CRUZ DEL PERDON CALLEJON 4', 'o+', 'Oficial de Seguridad', 0, 0, '', NULL, NULL, NULL, NULL, NULL, NULL, NULL, NULL, 0, 'No indica');
INSERT INTO `funcionarios` VALUES (314, 'V-26633620', 'V-26633620-5', 'MARIA JOSE', 'CARRASQUEL PEREZ', '2023-07-18', '1999-04-13', '', 'CARRASPM@GMAIL.COM', 'MARIAJCP13_', '0412-4884198', '0426-0488467', 'F', 'NO', 'CALLE 2, CASA 3-1, SECTOR GUAIQUERIES 2, ALTAGRACIA DE ORITUCO EDO GUARICO', 'ORH+', 'Auditor Aduanero y Trib.', 0, 0, '', NULL, NULL, NULL, NULL, NULL, NULL, NULL, NULL, 0, 'No indica');
INSERT INTO `funcionarios` VALUES (315, 'V-26633212', 'V-26633212-9', 'ISABELLA MILAGRO', 'YNFANTE ADAMES', '2023-07-18', '1999-01-28', '', 'ISABYNFANTE@GMAIL.COM', '', '0424-3291008', '0414-4486418', 'F', 'NO', 'SECTOR CENTRO, CALLE AYACUCHO, CASA N° 9, ALTAGRACIA ESTADO GUARICO', 'ORH+', 'Auditor 99', 0, 0, '', NULL, NULL, NULL, NULL, NULL, NULL, NULL, NULL, 0, 'No indica');
INSERT INTO `funcionarios` VALUES (316, 'V-27555508', 'V-27555508-4', 'JOHANDER RAFAEL', 'HURTADO RUIZ', '2023-07-18', '2000-07-01', '', 'johanderhurtado07@gmail.com', 'NO', '0412-3974246', '0246-8727193', 'M', 'NO', 'NICOLAS HURTADO BARRIO', 'o+', 'Oficial de Seguridad', 0, 0, '', NULL, NULL, NULL, NULL, NULL, NULL, NULL, NULL, 0, 'No indica');
INSERT INTO `funcionarios` VALUES (317, 'V-31376154', 'V-31376154-8', 'ELIANNYS DEL VALLE SARAIZ', 'FLEITAS ATAGUAS', '2024-03-20', '2004-08-03', '', 'ELIANNYSFLEITAS69@GMAIL.COM', '', '0424-3804513', '0424-3660453', 'F', 'NO', 'PRINCIPAL EDIFICIO B PISO 3 APARTAMENTO 33 URBANIZACION NICOLAS HURTADO BARRIOS ZONA 4', '', 'Pasante', 0, 0, '', NULL, NULL, NULL, NULL, NULL, NULL, NULL, NULL, 0, 'No indica');
INSERT INTO `funcionarios` VALUES (318, 'V-28393914', 'V-28393914-2', 'GUSDEILY SARAIT', 'VIDAL ORTIZ', '2024-03-25', '2002-03-11', '', 'GUSDEILYSARAIT11@GMAIL.COM', '', '0412-5666640', '', 'F', 'NO', 'AVENIDA 50 CASA Nº11, CAÑAFISTOLA SECTOR 2', '', 'Pasante', 0, 0, '', NULL, NULL, NULL, NULL, NULL, NULL, NULL, NULL, 0, 'No indica');
INSERT INTO `funcionarios` VALUES (319, 'V-28345690', 'V-28345690-7', 'ELVIS MANUEL', 'DEVIA BLANCA', '2024-03-20', '2002-05-11', '', 'ELVISBLANCA693@GMAIL.COM', '', '0424-3334275', '', 'M', 'NO', 'APARTAMENTO 1-3 BLOQUE A ZONA 6, URBANIZACION NICOLAS HURTADO BARRIOS', '', 'Pasante', 0, 0, '', NULL, NULL, NULL, NULL, NULL, NULL, NULL, NULL, 0, 'No indica');
INSERT INTO `funcionarios` VALUES (320, 'V-29657551', 'V-29657551-4', 'GENESIS YSMARI', 'VEGAS ACOSTA', '2024-03-04', '2002-11-07', '', 'VEGASGENESIS976@GMAIL.COM', '', '04243358481', '', 'F', 'NO', 'BARRIO NICARAGUA, CARRERA 7 ENTRE CALLES 10 Y 11 CASA Nº3', '', 'Pasante', 0, 0, '', NULL, NULL, NULL, NULL, NULL, NULL, NULL, NULL, 0, 'No indica');
INSERT INTO `funcionarios` VALUES (321, 'V-26920602', 'V-26920602-7', 'JOSE MOISES', 'RODRIGUEZ MEDINA', '2024-02-14', '1999-01-08', '', 'josemoises109@gmail.com', '@ITAROGE1', '0412-8701516', '', 'M', 'NO', 'MISION DE ARRIBA CALLE 5 ENTRE CARRERA 7 Y 8', 'O+', 'Oficial de Seguridad', 0, 0, '', NULL, NULL, NULL, NULL, NULL, NULL, NULL, NULL, 0, 'No indica');
INSERT INTO `funcionarios` VALUES (322, 'V-31770257', 'V-31770257-0', 'ARIANNA', 'LOPEZ MEZA', '2025-06-25', '2005-07-30', '', 'ariannalopezmeza@gmail.com', '', '0412-4065331', '0412-7523384', 'F', '', 'URB. MADRE TERESA DE CALCUTA', '', 'Contratado', 0, 0, '', NULL, NULL, NULL, NULL, NULL, NULL, NULL, NULL, 0, 'No indica');
INSERT INTO `funcionarios` VALUES (323, 'V-30546572', 'V-30546572-0', 'IVETTE GABRIELA', 'MACUMA GUILLEN', '2024-12-04', '2004-02-08', '', '', '', '', '', 'F', '', 'CARRERA 13 ENTRE CALLE 13 Y 14', '', 'Pasante', 0, 0, '', NULL, NULL, NULL, NULL, NULL, NULL, NULL, NULL, 0, 'No indica');
INSERT INTO `funcionarios` VALUES (324, 'V-14239331', 'V-14239331-0', 'LINDSAY NUBIELIX', 'ORTEGA OJEDA', '2024-02-05', '1980-12-05', '', 'LINDSAYORTEGA2012@GMAIL.COM', '', '0424-3682097', '', 'F', '', 'CALLE 2 DE GUAMACHITO, CON CARRERA 2 Y 3 CASA N° 41-34', '', 'Contratado', 0, 0, '', NULL, NULL, NULL, NULL, NULL, NULL, NULL, NULL, 0, 'No indica');
INSERT INTO `funcionarios` VALUES (325, 'V-27555787', 'V-27555787-7', 'LAURA YOSELYN', 'GARCIA GUTIERREZ', '2024-02-05', '1999-07-31', '', '', '', '0426-4574102', '', 'F', '', 'VICARIO I SECTOR 3, SIERRA ALTA CALLE 5', '0+', 'Contratado', 0, 0, '', NULL, NULL, NULL, NULL, NULL, NULL, NULL, NULL, 0, 'No indica');
INSERT INTO `funcionarios` VALUES (326, 'V-14238597', 'V-14238597-6', 'INGRID MARIA', 'ESPINOZA COLINA', '2024-02-05', '1977-11-05', '', 'INGRIDESPINOZA11@GMAIL.COM', '', '0424-3083441', '', 'F', '', 'PINTO SALINAS SECTOR LA PEDRERA, CALLEJON LAS MARIA CASA N° 16', '0-', 'Contratado', 0, 0, '', NULL, NULL, NULL, NULL, NULL, NULL, NULL, NULL, 0, 'No indica');
INSERT INTO `funcionarios` VALUES (327, 'V-30168262', 'V-30168262-2', 'YORVIC DAVID', 'BETANCOURT BLANCO', '2024-05-02', '2003-11-11', '', 'YD11.BETANCOURT@GMAIL.COM', '', '0424-3627135', '', 'M', '', 'BELLA VISTA 2, CALABOZO EDO GUARICO', '', 'Contratado', 0, 0, '', NULL, NULL, NULL, NULL, NULL, NULL, NULL, NULL, 0, 'No indica');
INSERT INTO `funcionarios` VALUES (328, 'V-19361504', 'V-19361504-1', 'MARLIN KATHERINE', 'RANUAREZ GUERRA', '2023-06-20', '1988-12-10', '', '', '', '0424-3304957', '', 'F', '', 'PALMAR 3 CALLE 1 CASA N° 20', '', 'Auditor Aduanero y Trib.', 0, 0, '', NULL, NULL, NULL, NULL, NULL, NULL, NULL, NULL, 0, 'No indica');
INSERT INTO `funcionarios` VALUES (329, 'V-26844689', 'V-26844689-0', 'ORIANA ESTEFANíA', 'CONTRERAS SOLER', '2024-05-24', '1997-09-10', '', '', '', '', '', 'F', '', '*', '', 'Contratado', 0, 0, '', NULL, NULL, NULL, NULL, NULL, NULL, NULL, NULL, 0, 'No indica');
INSERT INTO `funcionarios` VALUES (331, 'V-27171574', 'V-27171574-0', 'JESSICA BRIGITTE', 'MELENDEZ DA SILVA', '2024-05-24', '1998-11-26', '', '', '', '', '', 'F', 'NO', '*', '', 'Contratado', 0, 0, '', NULL, NULL, NULL, NULL, NULL, NULL, NULL, NULL, 0, 'No indica');
INSERT INTO `funcionarios` VALUES (332, 'V-15275369', 'V-15275369-0', 'FRANCISCO JOSE', 'HERRERA URIBE', '2024-05-24', '1980-06-04', '', 'f.herrerauribe@gmail.com', '', '', '', 'M', 'CIPROFLOXACINO', '*', 'O+', 'Contratado', 0, 0, '', NULL, NULL, NULL, NULL, NULL, NULL, NULL, NULL, 0, 'No indica');
INSERT INTO `funcionarios` VALUES (333, 'V-27238118', 'V-27238118-0', 'JOSE MANUEL', 'DEL CORRAL TORRES', '2024-05-24', '1998-11-03', '', 'delcorraljosemanuel@gmail.com', '', '', '', 'F', 'NO', '*', 'B+', 'Contratado', 0, 0, '', NULL, NULL, NULL, NULL, NULL, NULL, NULL, NULL, 0, 'No indica');
INSERT INTO `funcionarios` VALUES (334, 'V-22884307', 'V-22884307-0', 'MARIANNA', 'HERNANDEZ GARCIA', '2024-05-24', '1993-08-15', '', 'marihrdz07@gmail.com', '', '', '', 'F', 'NO', '*', '', 'Contratado', 0, 0, '', NULL, NULL, NULL, NULL, NULL, NULL, NULL, NULL, 0, 'No indica');
INSERT INTO `funcionarios` VALUES (335, 'V-18044746', 'V-18044746-0', 'ENDERSON DUARDO', 'RANGEL ARTEAGA', '2024-05-24', '1971-05-21', '', '', '', '', '', 'M', 'NO', '*', '', 'Contratado', 0, 0, '', NULL, NULL, NULL, NULL, NULL, NULL, NULL, NULL, 0, 'No indica');
INSERT INTO `funcionarios` VALUES (336, 'V-22008371', 'V-22008371-0', 'CESAR EDUARDO', 'APOSTOL AULAR', '2014-05-01', '1992-05-22', '', '', '', '', '', 'M', '', 'CALABOZO', '', 'Fijo', 0, 0, '', NULL, NULL, NULL, NULL, NULL, NULL, NULL, NULL, 0, 'No indica');
INSERT INTO `funcionarios` VALUES (337, 'V-16639225', 'V-16639225-0', 'LUIS', 'HURTADO', '2008-01-01', '1980-05-05', '', 'LUISHURTADOBARONI5@GMAIL.COM', '', '0424-3117747', '', 'M', 'NO', 'NICOLAS HURTADO BARRIOS ZONA 13 TORRE B APTO 06', 'A+', 'Fijo', 0, 0, '', NULL, NULL, NULL, NULL, NULL, NULL, NULL, NULL, 0, 'No indica');
INSERT INTO `funcionarios` VALUES (338, 'V-10621106', 'V-10621106-6', 'JOSE LUIS', 'CARRASQUEL TORREALBA', '2022-01-01', '1976-07-10', '', '', '', '', '', 'M', '', 'CALLE PLAZA  CASA S/N SECTOR RADIOFONICA SAN FERNANDO DE APURE', '', 'Contratado', 0, 0, '', NULL, NULL, NULL, NULL, NULL, NULL, NULL, NULL, 0, 'No indica');
INSERT INTO `funcionarios` VALUES (339, 'V-27211179', 'V-27211179-7', 'LOURDES ALEJANDRA', 'CARREIRO ARCILA', '2023-01-01', '1999-10-10', '', '', '', '', '', 'F', '', 'CALLE LA PAZ  CASA Nº7 CASCO CENTRAL III CAMAGUAN', '', 'Contratado', 0, 0, '', NULL, NULL, NULL, NULL, NULL, NULL, NULL, NULL, 0, 'No indica');
INSERT INTO `funcionarios` VALUES (340, 'V-27370288', 'V-27370288-8', 'KATHERINE MICHELLE', 'HENRRIQUEZ SANCHEZ', '2023-01-01', '1999-01-01', '', '', '', '', '', 'F', '', 'CALLE CANAIMA CASA S/N SECTOR ROMULO GALLEGOS II CAMAGUA', '', 'Contratado', 0, 0, '', NULL, NULL, NULL, NULL, NULL, NULL, NULL, NULL, 0, 'No indica');
INSERT INTO `funcionarios` VALUES (341, 'V-15600245', 'V-15600245-0', 'OSCAR RAFAEL', 'HIDALGO COLMENARES', '2023-01-01', '1983-01-01', '', '', '', '', '', 'M', '', 'CALLE 2DA TRANSVERSAL  CASA NRO 36-87  SECTOR 09 DE DICIEMBRE SAN FERNANDO DE AÙRE', '', 'Contratado', 0, 0, '', NULL, NULL, NULL, NULL, NULL, NULL, NULL, NULL, 0, 'No indica');
INSERT INTO `funcionarios` VALUES (342, 'V-20232685', 'V-20232685-0', 'KEILA LEIMAR', 'NUÑEZ CARRASQUEL', '2023-01-01', '1992-01-01', '', '', '', '', '', 'F', '', 'AVENIDA INTERCOMUNAL CASA  NRO 07 SECTOR GUASIMO II SAN FERNANDO DE APURE', '', 'Contratado', 0, 0, '', NULL, NULL, NULL, NULL, NULL, NULL, NULL, NULL, 0, 'No indica');
INSERT INTO `funcionarios` VALUES (343, 'V-27338129', 'V-27338129-1', 'IRENE ADRIANA', 'TORRES REBOLLEDO', '2023-01-01', '1999-01-01', '', '', '', '0247-3421322', '0424-3209511', 'M', '', 'CALLE COTOPAUL CASA S/N SECTOR CENTRO SAN FERNANDO DE APURE', '', 'Contratado', 0, 0, '', NULL, NULL, NULL, NULL, NULL, NULL, NULL, NULL, 0, 'No indica');
INSERT INTO `funcionarios` VALUES (344, 'V-18583442', 'V-18583442-1', 'ARELIS DAYANA', 'MEJIAS SEIJAS', '2024-07-31', '1987-10-14', '', 'DAYANASEIJAS1314@GMAIL.COM', '', '0424-3126940', '', 'F', 'NO', 'TRINIDAD CARRERA 7 ENTRE CALLE 4 Y 5', 'o+', 'Auditor Aduanero y Trib.', 0, 0, '', NULL, NULL, NULL, NULL, NULL, NULL, NULL, NULL, 0, 'No indica');
INSERT INTO `funcionarios` VALUES (345, 'V-18584235', 'V-18584235-1', 'OSWALDO ANTONIO', 'SANTANA RODRIGUEZ', '2024-12-02', '1985-12-11', '', 'SATOSANTANA@HOTMAIL.COM', '', '0414-3929804', '', 'M', '', 'CALLE 4 CARRERA 2 CASCO CENTRAL, CALABOZO EDO GUARICO', '0+', 'Oficial de Seguridad', 0, 0, '', NULL, NULL, NULL, NULL, NULL, NULL, NULL, NULL, 0, 'No indica');
INSERT INTO `funcionarios` VALUES (346, 'V-19343569', 'V-19343569-2', 'DEXY KARINA', 'SALINAS PEREZ', '2024-10-10', '1991-01-20', '', '', '', '0426-3439657', '0246-8718916', 'F', 'no', 'BARRIO VICARIO 1 CALLE 4 CASA N° 14-32 CALABOZO EDO GUARICO', '0+', 'Auditor 99', 0, 0, '', NULL, NULL, NULL, NULL, NULL, NULL, NULL, NULL, 0, 'No indica');
INSERT INTO `funcionarios` VALUES (347, 'V-25851600', 'V-25851600-8', 'MARIANGEL SUHAIL', 'SILVA BOLIVAR', '2024-10-10', '1995-04-17', '', 'mariangelsuhailsil@gmail.com', '', '0414-9475271', '0412-9061218', 'F', 'no', 'CIUDADELA NICOLAS HURTADO BARRIO ZONA 3 TORRE A APTO 04, CALABOZO EDO GUARICO', '0+', 'Auditor Aduanero y Trib.', 0, 0, '', NULL, NULL, NULL, NULL, NULL, NULL, NULL, NULL, 0, 'No indica');
INSERT INTO `funcionarios` VALUES (348, 'V-20521072', 'V-20521072-1', 'ADRIANA CAROLINA', 'CIOFFY MAYORGA', '2024-10-10', '1992-12-15', '', 'adrianacioffi15@gmail.com', '', '0424-3349624', '0424-3610279', 'F', 'no', 'URB. SIMON RODRIGUEZ CALLE 7 CASA N° 42 CALABOZO EDO GUARICO', '0+', 'Auditor Aduanero y Trib.', 0, 0, '', NULL, NULL, NULL, NULL, NULL, NULL, NULL, NULL, 0, 'No indica');
INSERT INTO `funcionarios` VALUES (349, 'V-30168077', 'V-30168077-1', 'CARLOS JULIAN', 'BOLIVAR PINTO', '2024-10-10', '2024-06-17', '', 'bolivarcarlos381@gmail.com', '', '0424-3685462', '', 'M', 'no', 'FRANCISCO DE MIRANDA SECTOR 3 VEREDA 9 CASA #14, CALABOZO EDO GUARICO', '0+', 'Contratado', 0, 0, '', NULL, NULL, NULL, NULL, NULL, NULL, NULL, NULL, 0, 'No indica');
INSERT INTO `funcionarios` VALUES (350, 'V-31834928', 'V-31834928-9', 'MARIA VALENTINA', 'VILLAVICENCIO BAEZ', '2024-10-10', '2024-11-07', '', 'valentinavillavi@gmail.com', '', '0424-3175523', '', 'F', 'no', 'URB. MISIÓN ARRIBA  CR 7 CASA LAS MARIAS, CALABOZO EDO GUARICO', '0+', 'Contratado', 0, 0, '', NULL, NULL, NULL, NULL, NULL, NULL, NULL, NULL, 0, 'No indica');
INSERT INTO `funcionarios` VALUES (351, 'V-26177166', 'V-26177166-3', 'JOSE GUILLERMO', 'GARCIA GONZALEZ', '2024-10-10', '1998-03-31', '', 'jggg98@gmail.com', '', '0412-7790482', '', 'M', 'no', 'FRANCISCO DE MIRANDA SECTOR 3, CALLE 3 N° 23, CAÑABOZOB EDO GUARICO', '0+', 'Auditor Aduanero y Trib.', 0, 0, '', NULL, NULL, NULL, NULL, NULL, NULL, NULL, NULL, 0, 'No indica');
INSERT INTO `funcionarios` VALUES (352, 'V-25684517', 'V-25684517-9', 'IRAIDA VIRGINIA', 'BLANCA FRASQUILLO', '2024-10-10', '2024-09-17', '', 'ivbf17@gmail.com', '', '0412-7787489', '', 'F', 'no', 'CENTRO ADMINISTRATIVO , RESIDENCIA AUTANA TORRE D, CALABOZO EDO GUARICO', '0+', 'Auditor Aduanero y Trib.', 0, 0, '', NULL, NULL, NULL, NULL, NULL, NULL, NULL, NULL, 0, 'No indica');
INSERT INTO `funcionarios` VALUES (353, 'V-18406014', 'V-18406014-7', 'WILSON ALFREDO', 'HURTADO ALFONZO', '2024-10-10', '1986-09-07', '', 'wilsonhurtado86@gmail.com', '', '0424-3098922', '', 'M', 'no', 'URB. NICOLAS HURTADO BARRIOS ZONA 15 TORRE B APTO 1-2', '0+', 'Auditor 99', 0, 0, '', NULL, NULL, NULL, NULL, NULL, NULL, NULL, NULL, 0, 'No indica');
INSERT INTO `funcionarios` VALUES (354, 'V-20906809', 'V-20906809-1', 'LUMIRTH GENESIS', 'MARTINEZ RENGINFO', '2024-10-10', '1992-01-21', '', 'lumirthmartinez@gmail.com', '', '0412-4744787', '', 'F', 'no', 'CALLE 6 ENTRE CARRERA 5 Y 6, CASCO CENTRAL, CALABOZO EDO GUARICO', '0+', 'Auditor 99', 0, 0, '', NULL, NULL, NULL, NULL, NULL, NULL, NULL, NULL, 0, 'No indica');
INSERT INTO `funcionarios` VALUES (355, 'V-29860256', 'V-29860256-0', 'DEILY LEONANGELY', 'BRACHO VIANA', '2024-10-10', '2002-07-18', '', 'deilysviana@gmail.com', '', '0412-4520724', '', 'F', 'no', 'URB. LAZO MARTI, CALLE 2, CASA 11-77, CALABOZO EDO GUÁRICO', '0+', 'Auditor 99', 0, 0, '', NULL, NULL, NULL, NULL, NULL, NULL, NULL, NULL, 0, 'No indica');
INSERT INTO `funcionarios` VALUES (356, 'V-26452840', 'V-26452840-9', 'ANA KARINA', 'MONAGAS MELO', '2024-10-10', '1997-07-25', '', 'anakarinamelo25@gmail.com', '', '0412-4367952', '', 'F', 'no', 'CALLE 12 ENTRE CARRERA 5 Y 6 CASCO CENTRAL, CALABOZO EDO GUÁRICO', '0+', 'Contratado', 0, 0, '', NULL, NULL, NULL, NULL, NULL, NULL, NULL, NULL, 0, 'No indica');
INSERT INTO `funcionarios` VALUES (357, 'V-20524906', 'V-20524906-7', 'EFRANYIT ELOINA', 'AVILAN CUDEMES', '2024-10-10', '1990-05-22', '', 'efran906@gmail.com', '', '0412-1174068', '0246-8726101', 'F', 'no', 'URB. NICOLAS HURTADO BARRIOS ZONA 2- TORRE E, APTO 1-1', '0+', 'Auditor Aduanero y Trib.', 0, 0, '', NULL, NULL, NULL, NULL, NULL, NULL, NULL, NULL, 0, 'No indica');
INSERT INTO `funcionarios` VALUES (358, 'V-27331804', 'V-27331804-2', 'YENIFER YISMAR', 'APONTE GONZALEZ', '2024-10-10', '2000-07-25', '', 'yeniaponte25@gmail.com', '', '0412-5626103', '', 'F', 'no', 'CALLE PRINCIPAL CASA S/N, BARRIO MODESTO FREITES, CALABOZO EDO GUÁRICO', '0+', 'Auditor Aduanero y Trib.', 0, 0, '', NULL, NULL, NULL, NULL, NULL, NULL, NULL, NULL, 0, 'No indica');
INSERT INTO `funcionarios` VALUES (359, 'V-15812786', 'V-15812786-1', 'RAMONA CAROLINA', 'OCHOA REYES', '2024-10-10', '1984-05-17', '', 'Ochoa6613@gmail.com', '', '0414-5994400', '', 'F', 'no', 'URB. 19 DE ABRIL CALLE 3 CASA 41, CALABOZO EDO GUARICO', '0+', 'Contratado', 0, 0, '', NULL, NULL, NULL, NULL, NULL, NULL, NULL, NULL, 0, 'No indica');
INSERT INTO `funcionarios` VALUES (360, 'V-27555332', 'V-27555332-0', 'BETANIA DEL CARMEN', 'VASQUEZ BRAVO', '2025-02-07', '1999-09-02', 'BVASQUEZ@SENIAT.GOB.VE', 'BETANIAV1999@GMAIL.COM', '', '04129954965', '', 'F', 'PRIMPERAN.', 'CAÑAFISTOLA', '', 'Contratado', 0, 0, '', NULL, NULL, NULL, NULL, NULL, NULL, NULL, NULL, 0, 'No indica');
INSERT INTO `funcionarios` VALUES (361, 'V-28345508', 'V-28345508-8', 'CARMEN MARIA', 'ARANA SAEZ', '2024-10-28', '1996-08-21', '', 'arana2108@gmail.com', '', '0414-0355771', '', 'F', 'no', 'CALLE 2 BARRIO LA AGUADA, CALABOZO EDO GUARICO', '0+', 'Auditor Aduanero y Trib.', 0, 0, '', NULL, NULL, NULL, NULL, NULL, NULL, NULL, NULL, 0, 'No indica');
INSERT INTO `funcionarios` VALUES (362, 'V-15101378', 'V-15101378-0', 'JOSE ANDRES', 'SAGARAY TORREALBA', '2024-11-14', '1982-12-07', '', 'sagarayjos@gmail.com', '', '0424-3197717', '04163149631', 'M', 'NO', 'BARRIO LOS INDIOS CALLE RORAIMA CASA N° 2', 'ORH+', 'Oficial de Seguridad', 0, 0, '', NULL, NULL, NULL, NULL, NULL, NULL, NULL, NULL, 0, 'No indica');
INSERT INTO `funcionarios` VALUES (363, 'V-13650788', 'V-13650788-1', 'GINA BECSAY', 'HURTADO BENAVIDES', '2024-11-27', '1979-05-08', '', 'hurtadogina@hotmail.com', '', '0414-1463689', '', 'F', 'NO', 'URB. JOSE ANTONIO TROCONIS MANZANA 8 CASA #22', 'o+', 'Auditor Aduanero y Trib.', 0, 0, '', NULL, NULL, NULL, NULL, NULL, NULL, NULL, NULL, 0, 'No indica');
INSERT INTO `funcionarios` VALUES (364, 'V-14643331', 'V-14643331-2', 'FRANCIS BEATRIZ', 'FERNANDEZ CORDERO', '2024-10-30', '1980-12-27', 'fbfernandez@seniat.gob.ve', 'francisbeatriz@gmail.com', 'NO', '0412-7496188', '0246-4311431', 'F', 'NO', 'URB. ROMULO GALLEGOS, SECTOR 3 VEREDA 27 CASA N°6', 'ORH+', 'Auditor 99', 0, 0, '', NULL, NULL, NULL, NULL, NULL, NULL, NULL, NULL, 0, 'No indica');
INSERT INTO `funcionarios` VALUES (365, 'V-29791392', 'V-29791392-8', 'YOSELIN DEL VALLE', 'VASQUEZ VILLALBA', '2025-07-02', '2003-03-14', '', 'yoselinvv27@gmail.com', '', '0412-8596992', '', 'F', 'no', 'BARRIO ALI PRIMERAA', '0+', 'Auditor 99', 0, 0, '', NULL, NULL, NULL, NULL, NULL, NULL, NULL, NULL, 0, 'No indica');
INSERT INTO `funcionarios` VALUES (366, 'V-28266159', 'V-28266159-0', 'MIGUEL FELIPE', 'MOLINA GONZALEZ', '2025-02-07', '2000-09-14', '', 'miguelfmolinagofficial@gmail.com', '', '0424-3486929', '0424-3015183', 'M', 'no', 'CARRERA 9 AL FINAL LA AGUADA CALABOZO ESTADO GUARICO', '', 'Contratado', 0, 0, '', NULL, NULL, NULL, NULL, NULL, NULL, NULL, NULL, 0, 'No indica');
INSERT INTO `funcionarios` VALUES (367, 'V-29982390', 'V-29982390-0', 'AMBAR ERIANNA', 'DIAZ RAMOS', '2025-02-07', '2001-10-24', 'aediazr@seniat.gob.ve', '', '', '0412-7785103', '', 'F', 'no', 'MISIÓN ABAJO CALLE 8, CASA N°15, CALABOZO EDO GUÁRICO', '0+', 'Auditor 99', 0, 0, '', NULL, NULL, NULL, NULL, NULL, NULL, NULL, NULL, 0, 'No indica');
INSERT INTO `funcionarios` VALUES (368, 'V-19986365', 'V-19986365-0', 'LUIS A.', 'QUINTANA U.', '2025-05-01', '2000-01-01', 'lquintana@seniat.gob.ve', '', '', '', '', 'M', '', '*', '', 'Oficial de Seguridad', 0, 0, '', NULL, NULL, NULL, NULL, NULL, NULL, NULL, NULL, 0, 'No indica');
INSERT INTO `funcionarios` VALUES (369, 'V-19724780', 'V-19724780-0', 'SANDY H.', 'LARA E.', '2025-01-01', '2000-01-01', '', '', '', '', '', 'F', '', '*', '', 'Oficial de Seguridad', 0, 0, '', NULL, NULL, NULL, NULL, NULL, NULL, NULL, NULL, 0, 'No indica');
INSERT INTO `funcionarios` VALUES (370, 'V-30211935', 'V-30211935-0', 'JOSEANNY LAIREN', 'BOGADO BELLORIN', '2025-05-01', '2003-08-24', '', '', '', '', '', 'F', '', '*', '', 'Pasante', 0, 0, '', NULL, NULL, NULL, NULL, NULL, NULL, NULL, NULL, 0, 'No indica');
INSERT INTO `funcionarios` VALUES (371, 'V-27211755', 'V-27211755-8', 'ISIMAR ENEIDA', 'GAMEZ RODRIGUEZ', '2025-04-28', '1999-11-04', 'IGAMEZ@SENIAT.GOB.VE', 'ISIEGAMEZ@GMAIL.COM', '', '0412-8547971', '', 'F', 'no', 'URB. MISIÓN DE LOS ANGELES,', '0+', 'Auditor 99', 0, 0, '', NULL, NULL, NULL, NULL, NULL, NULL, NULL, NULL, 0, 'No indica');
INSERT INTO `funcionarios` VALUES (372, 'V-15481235', 'V-15481235-7', 'LORENA ANALI', 'MIRABAL VILLASANA', '2025-05-26', '1980-08-10', '', 'LORENAVILLASANA52@GMAIL.COM', '', '04144749820', '', 'F', '', 'CRUZ DEL PERDON CALABOZO EDO GUARICO', '0+', 'Auditor 99', 0, 0, '', NULL, NULL, NULL, NULL, NULL, NULL, NULL, NULL, 0, 'No indica');
INSERT INTO `funcionarios` VALUES (373, 'V-21280623', 'V-21280623-0', 'ROSA LINDA', 'NAVARRETE OROZCO', '2025-05-13', '1993-09-08', '', 'navarreteorozco19@gmail.com', '', '0412-8250480', '0424-3496412', 'F', 'OLORES FUERTES', 'CARRERA 3 ENTRE CALLE 4 Y 5 CASCO CENTRAL', 'A+', 'Oficial de Seguridad', 0, 0, '', NULL, NULL, NULL, NULL, NULL, NULL, NULL, NULL, 0, 'No indica');
INSERT INTO `funcionarios` VALUES (374, 'V-30290543', 'V-30290543-2', 'LUIS ARTURO', 'ZAMBRANO CEDEÑO', '2025-05-13', '2003-11-18', '', 'arturozambrano688@gmail.com', '', '0416-3579946', '0414-4780613', 'M', 'ASMA', 'VICARIO 1 CON CALLE 5', '', 'Oficial de Seguridad', 0, 0, '', NULL, NULL, NULL, NULL, NULL, NULL, NULL, NULL, 0, 'No indica');
INSERT INTO `funcionarios` VALUES (375, 'V-19476235', 'V-19476235-2', 'EMMANUEL ALEJANDRO', 'GONZALEZ URANGO', '2025-05-13', '1990-03-24', '', 'EMMANUELURANGO36@GMAIL.COM', '', '0412-4631847', '', 'M', 'no', 'CARRERA 5 CON CALLE 6 Y 7, CASCO CENTRAL', 'AB+', 'Oficial de Seguridad', 0, 0, '', NULL, NULL, NULL, NULL, NULL, NULL, NULL, NULL, 0, 'No indica');
INSERT INTO `funcionarios` VALUES (376, 'V-17371044', 'V-17371044-1', 'WILMER JOSE', 'LEAL MENDOZA', '2025-02-07', '1986-10-15', '', 'wilianyi24@gmail.com', '', '0424-3016270', '0238-3350084', 'M', 'no', 'SAN RAFAEL DE ORITUCO, SECTOR LAS CASITAS', '', 'Auditor Aduanero y Trib.', 0, 0, '', NULL, NULL, NULL, NULL, NULL, NULL, NULL, NULL, 0, 'No indica');
INSERT INTO `funcionarios` VALUES (377, 'V-19305006', 'V-19305006-5', 'ROSMERY DEL VALLE', 'RUIZ MARRERO', '2023-09-08', '1990-01-30', 'rvruiz@seniat.gob.ve', 'ruizmarrero58@gmail.com', '', '0424-2580723', '0412-3067006', 'F', 'no', 'RESIDENCIA VILLA IBEROAMERICANA', '', 'Auditor 99', 0, 0, '', NULL, NULL, NULL, NULL, NULL, NULL, NULL, NULL, 0, 'No indica');
INSERT INTO `funcionarios` VALUES (378, 'V-29791829', 'J-29791829-9', 'MILENA ANDREA', 'LOZADA ROMERO', '2025-06-25', '2002-05-09', '', 'milenalozada29@gmail.com', '', '0412-7788743', '0246-8718490', 'F', '', 'Calle 12 entre carreras 8 y 9 sector casco central', '', 'Contratado', 0, 0, '', NULL, NULL, NULL, NULL, NULL, NULL, NULL, NULL, 0, 'No indica');
INSERT INTO `funcionarios` VALUES (379, 'V-18219671', 'J-18219671-8', 'MARIA GABRIELA', 'RODRIGUEZ GARCIA', '2025-06-25', '1987-04-19', '', 'mariagab87@gmail.com', '', '04243042123', '', 'F', '', 'Mision arriba calle 4 entre carreras 8 y 9', '', 'Auditor Aduanero y Trib.', 0, 0, '', NULL, NULL, NULL, NULL, NULL, NULL, NULL, NULL, 0, 'No indica');
INSERT INTO `funcionarios` VALUES (380, 'V-28176491', 'V-28176491-0', 'BARBARA N.', 'ARAUJO REAÑO', '2025-06-15', '2000-01-01', '', '', '', '', '', 'F', '', '*', '', 'Auditor Aduanero y Trib.', 0, 0, '', NULL, NULL, NULL, NULL, NULL, NULL, NULL, NULL, 0, 'No indica');
INSERT INTO `funcionarios` VALUES (381, 'V-20878046', 'V-20878046-0', 'FREDY JOSE', 'HERNANDEZ BLANCO', '2025-06-15', '2000-01-01', '', '', '', '', '', 'M', '', '*', '', 'Auditor Aduanero y Trib.', 0, 0, '', NULL, NULL, NULL, NULL, NULL, NULL, NULL, NULL, 0, 'No indica');

DROP TABLE IF EXISTS `division`;
CREATE TABLE `division`  (
  `id` bigint(20) UNSIGNED NOT NULL AUTO_INCREMENT,
  `descripcion` varchar(190) CHARACTER SET latin1 COLLATE latin1_swedish_ci NOT NULL,
  `ubicacion` varchar(190) CHARACTER SET latin1 COLLATE latin1_swedish_ci NOT NULL,
  `id_jefedep` bigint(20) UNSIGNED NOT NULL,
  `actual` int(1) UNSIGNED NOT NULL COMMENT '0:Coordinador, 1:Jefe, 2:Encargado, 3:Enlace',
  `created_by` bigint(20) UNSIGNED NULL DEFAULT NULL,
  `updated_by` bigint(20) UNSIGNED NULL DEFAULT NULL,
  `deleted_by` bigint(20) UNSIGNED NULL DEFAULT NULL,
  `created_at` timestamp NULL DEFAULT NULL,
  `updated_at` timestamp NULL DEFAULT NULL,
  PRIMARY KEY (`id`) USING BTREE,
  INDEX `id_jefedep`(`id_jefedep`) USING BTREE,
  CONSTRAINT `division_ibfk_1` FOREIGN KEY (`id_jefedep`) REFERENCES `jefedependencia` (`id`) ON DELETE RESTRICT ON UPDATE CASCADE
) ENGINE = InnoDB AUTO_INCREMENT = 61 CHARACTER SET = latin1 COLLATE = latin1_swedish_ci ROW_FORMAT = Compact;

SET FOREIGN_KEY_CHECKS = 1;
